payment_id,order_id,amount,currency,method,error_code,error_reason,error_description,customer_id,timestamp,status,event_type,root_cause_bucket,diagnosed_bucket,confidence,final_bucket_used,action,reason,attempt_number,max_attempts_allowed,escalate,retry_at,action_taken,execution_status,recovered_amount,notes,execution_timestamp
pay_198cc292508e4c,order_be4f62e325e241,25440.02,INR,netbanking,GATEWAY_ERROR,network_timeout,The request timed out due to network issues at the gateway.,cust_0006,2026-07-22 14:14:37,failed,payment,retryable_transient,abandoned_checkout,0.377,escalate_human,escalate_human,Model confidence 0.38 below threshold 0.55 — cannot safely act on this diagnosis.,1.0,0.0,True,,escalate_human,skipped,0.0,"routed to human review, no automated action taken",2026-08-21T13:50:11.925469+00:00
pay_198cc292508e4c,order_be4f62e325e241,25440.02,INR,netbanking,GATEWAY_ERROR,network_timeout,The request timed out due to network issues at the gateway.,cust_0006,2026-07-22 14:14:37,failed,payment,retryable_transient,abandoned_checkout,0.377,escalate_human,escalate_human,Model confidence 0.38 below threshold 0.55 — cannot safely act on this diagnosis.,1.0,0.0,True,,escalate_human,skipped,0.0,"routed to human review, no automated action taken",2026-08-21T13:58:21.565871+00:00
pay_198cc292508e4c,order_be4f62e325e241,25440.02,INR,netbanking,GATEWAY_ERROR,network_timeout,The request timed out due to network issues at the gateway.,cust_0006,2026-07-22 14:14:37,failed,payment,retryable_transient,abandoned_checkout,0.377,escalate_human,escalate_human,Model confidence 0.38 below threshold 0.55 — cannot safely act on this diagnosis.,1.0,0.0,True,,escalate_human,skipped,0.0,"routed to human review, no automated action taken",2026-08-21T13:58:34.458601+00:00
pay_198cc292508e4c,order_be4f62e325e241,25440.02,INR,netbanking,GATEWAY_ERROR,network_timeout,The request timed out due to network issues at the gateway.,cust_0006,2026-07-22 14:14:37,failed,payment,retryable_transient,abandoned_checkout,0.377,escalate_human,escalate_human,Model confidence 0.38 below threshold 0.55 — cannot safely act on this diagnosis.,1.0,0.0,True,,escalate_human,skipped,0.0,"routed to human review, no automated action taken",2026-08-21T14:00:43.736922+00:00
pay_198cc292508e4c,order_be4f62e325e241,25440.02,INR,netbanking,GATEWAY_ERROR,network_timeout,The request timed out due to network issues at the gateway.,cust_0006,2026-07-22 14:14:37,failed,payment,retryable_transient,abandoned_checkout,0.377,escalate_human,escalate_human,Model confidence 0.38 below threshold 0.55 — cannot safely act on this diagnosis.,1.0,0.0,True,,escalate_human,skipped,0.0,Escalated to human review,2026-08-21T14:14:45.467984+00:00
pay_198cc292508e4c,order_be4f62e325e241,25440.02,INR,netbanking,GATEWAY_ERROR,network_timeout,The request timed out due to network issues at the gateway.,cust_0006,2026-07-22 14:14:37,failed,payment,retryable_transient,abandoned_checkout,0.377,escalate_human,escalate_human,Model confidence 0.38 below threshold 0.55 — cannot safely act on this diagnosis.,1.0,0.0,True,,escalate_human,skipped,0.0,Escalated to human review,2026-08-21T14:21:23.715996+00:00
pay_198cc292508e4c,order_be4f62e325e241,25440.02,INR,netbanking,GATEWAY_ERROR,network_timeout,The request timed out due to network issues at the gateway.,cust_0006,2026-07-22 14:14:37,failed,payment,retryable_transient,abandoned_checkout,0.377,escalate_human,escalate_human,Model confidence 0.38 below threshold 0.55 — cannot safely act on this diagnosis.,1.0,0.0,True,,escalate_human,skipped,0.0,Escalated to human review,2026-08-22T16:46:08.616976+00:00
pay_198cc292508e4c,order_be4f62e325e241,25440.02,INR,netbanking,GATEWAY_ERROR,network_timeout,The request timed out due to network issues at the gateway.,cust_0006,2026-07-22 14:14:37,failed,payment,retryable_transient,abandoned_checkout,0.377,escalate_human,escalate_human,Model confidence 0.38 below threshold 0.55 — cannot safely act on this diagnosis.,1.0,0.0,True,,escalate_human,skipped,0.0,"routed to human review, no automated action taken",2026-08-22T16:46:21.065990+00:00
pay_198cc292508e4c,order_be4f62e325e241,25440.02,INR,netbanking,GATEWAY_ERROR,network_timeout,The request timed out due to network issues at the gateway.,cust_0006,2026-07-22 14:14:37,failed,payment,retryable_transient,abandoned_checkout,0.377,escalate_human,escalate_human,Model confidence 0.38 below threshold 0.55 — cannot safely act on this diagnosis.,1.0,0.0,True,,escalate_human,skipped,0.0,Escalated to human review,2026-08-22T16:46:32.419665+00:00
pay_3f54f4ed4b644d,order_ab9520b9213e49,1929.04,INR,netbanking,GATEWAY_ERROR,bank_technical_error,A technical error occurred at the bank's end.,cust_0103,2026-07-22 21:30:30,failed,payment,retryable_transient,retryable_with_delay,0.549,escalate_human,escalate_human,Model confidence 0.55 below threshold 0.55 — cannot safely act on this diagnosis.,1.0,0.0,True,,escalate_human,skipped,0.0,"routed to human review, no automated action taken",2026-08-21T13:50:11.930219+00:00
pay_3f54f4ed4b644d,order_ab9520b9213e49,1929.04,INR,netbanking,GATEWAY_ERROR,bank_technical_error,A technical error occurred at the bank's end.,cust_0103,2026-07-22 21:30:30,failed,payment,retryable_transient,retryable_with_delay,0.549,escalate_human,escalate_human,Model confidence 0.55 below threshold 0.55 — cannot safely act on this diagnosis.,1.0,0.0,True,,escalate_human,skipped,0.0,"routed to human review, no automated action taken",2026-08-21T13:58:21.570881+00:00
pay_3f54f4ed4b644d,order_ab9520b9213e49,1929.04,INR,netbanking,GATEWAY_ERROR,bank_technical_error,A technical error occurred at the bank's end.,cust_0103,2026-07-22 21:30:30,failed,payment,retryable_transient,retryable_with_delay,0.549,escalate_human,escalate_human,Model confidence 0.55 below threshold 0.55 — cannot safely act on this diagnosis.,1.0,0.0,True,,escalate_human,skipped,0.0,"routed to human review, no automated action taken",2026-08-21T13:58:34.461647+00:00
pay_3f54f4ed4b644d,order_ab9520b9213e49,1929.04,INR,netbanking,GATEWAY_ERROR,bank_technical_error,A technical error occurred at the bank's end.,cust_0103,2026-07-22 21:30:30,failed,payment,retryable_transient,retryable_with_delay,0.549,escalate_human,escalate_human,Model confidence 0.55 below threshold 0.55 — cannot safely act on this diagnosis.,1.0,0.0,True,,escalate_human,skipped,0.0,"routed to human review, no automated action taken",2026-08-21T14:00:43.740479+00:00
pay_3f54f4ed4b644d,order_ab9520b9213e49,1929.04,INR,netbanking,GATEWAY_ERROR,bank_technical_error,A technical error occurred at the bank's end.,cust_0103,2026-07-22 21:30:30,failed,payment,retryable_transient,retryable_with_delay,0.549,escalate_human,escalate_human,Model confidence 0.55 below threshold 0.55 — cannot safely act on this diagnosis.,1.0,0.0,True,,escalate_human,skipped,0.0,Escalated to human review,2026-08-21T14:14:45.475644+00:00
pay_3f54f4ed4b644d,order_ab9520b9213e49,1929.04,INR,netbanking,GATEWAY_ERROR,bank_technical_error,A technical error occurred at the bank's end.,cust_0103,2026-07-22 21:30:30,failed,payment,retryable_transient,retryable_with_delay,0.549,escalate_human,escalate_human,Model confidence 0.55 below threshold 0.55 — cannot safely act on this diagnosis.,1.0,0.0,True,,escalate_human,skipped,0.0,Escalated to human review,2026-08-21T14:21:23.719637+00:00
pay_3f54f4ed4b644d,order_ab9520b9213e49,1929.04,INR,netbanking,GATEWAY_ERROR,bank_technical_error,A technical error occurred at the bank's end.,cust_0103,2026-07-22 21:30:30,failed,payment,retryable_transient,retryable_with_delay,0.549,escalate_human,escalate_human,Model confidence 0.55 below threshold 0.55 — cannot safely act on this diagnosis.,1.0,0.0,True,,escalate_human,skipped,0.0,Escalated to human review,2026-08-22T16:46:08.625707+00:00
pay_3f54f4ed4b644d,order_ab9520b9213e49,1929.04,INR,netbanking,GATEWAY_ERROR,bank_technical_error,A technical error occurred at the bank's end.,cust_0103,2026-07-22 21:30:30,failed,payment,retryable_transient,retryable_with_delay,0.549,escalate_human,escalate_human,Model confidence 0.55 below threshold 0.55 — cannot safely act on this diagnosis.,1.0,0.0,True,,escalate_human,skipped,0.0,"routed to human review, no automated action taken",2026-08-22T16:46:21.070696+00:00
pay_3f54f4ed4b644d,order_ab9520b9213e49,1929.04,INR,netbanking,GATEWAY_ERROR,bank_technical_error,A technical error occurred at the bank's end.,cust_0103,2026-07-22 21:30:30,failed,payment,retryable_transient,retryable_with_delay,0.549,escalate_human,escalate_human,Model confidence 0.55 below threshold 0.55 — cannot safely act on this diagnosis.,1.0,0.0,True,,escalate_human,skipped,0.0,Escalated to human review,2026-08-22T16:46:32.422356+00:00
pay_448b26a786f24f,order_fcf8f9e48cbc44,2599.23,INR,upi,GATEWAY_ERROR,bank_technical_error,A technical error occurred at the bank's end.,cust_0096,2026-07-22 23:24:02,failed,payment,retryable_transient,escalate_human,0.763,escalate_human,escalate_human,Low model confidence or high-risk signal — routed to human review instead of auto-acting.,1.0,0.0,True,,escalate_human,skipped,0.0,"routed to human review, no automated action taken",2026-08-21T13:50:11.933750+00:00
pay_448b26a786f24f,order_fcf8f9e48cbc44,2599.23,INR,upi,GATEWAY_ERROR,bank_technical_error,A technical error occurred at the bank's end.,cust_0096,2026-07-22 23:24:02,failed,payment,retryable_transient,escalate_human,0.763,escalate_human,escalate_human,Low model confidence or high-risk signal — routed to human review instead of auto-acting.,1.0,0.0,True,,escalate_human,skipped,0.0,"routed to human review, no automated action taken",2026-08-21T13:58:21.575436+00:00
pay_448b26a786f24f,order_fcf8f9e48cbc44,2599.23,INR,upi,GATEWAY_ERROR,bank_technical_error,A technical error occurred at the bank's end.,cust_0096,2026-07-22 23:24:02,failed,payment,retryable_transient,escalate_human,0.763,escalate_human,escalate_human,Low model confidence or high-risk signal — routed to human review instead of auto-acting.,1.0,0.0,True,,escalate_human,skipped,0.0,"routed to human review, no automated action taken",2026-08-21T13:58:34.463829+00:00
pay_448b26a786f24f,order_fcf8f9e48cbc44,2599.23,INR,upi,GATEWAY_ERROR,bank_technical_error,A technical error occurred at the bank's end.,cust_0096,2026-07-22 23:24:02,failed,payment,retryable_transient,escalate_human,0.763,escalate_human,escalate_human,Low model confidence or high-risk signal — routed to human review instead of auto-acting.,1.0,0.0,True,,escalate_human,skipped,0.0,"routed to human review, no automated action taken",2026-08-21T14:00:43.743873+00:00
pay_448b26a786f24f,order_fcf8f9e48cbc44,2599.23,INR,upi,GATEWAY_ERROR,bank_technical_error,A technical error occurred at the bank's end.,cust_0096,2026-07-22 23:24:02,failed,payment,retryable_transient,escalate_human,0.763,escalate_human,escalate_human,Low model confidence or high-risk signal — routed to human review instead of auto-acting.,1.0,0.0,True,,escalate_human,skipped,0.0,Escalated to human review,2026-08-21T14:14:45.478955+00:00
pay_448b26a786f24f,order_fcf8f9e48cbc44,2599.23,INR,upi,GATEWAY_ERROR,bank_technical_error,A technical error occurred at the bank's end.,cust_0096,2026-07-22 23:24:02,failed,payment,retryable_transient,escalate_human,0.763,escalate_human,escalate_human,Low model confidence or high-risk signal — routed to human review instead of auto-acting.,1.0,0.0,True,,escalate_human,skipped,0.0,Escalated to human review,2026-08-21T14:21:23.721473+00:00
pay_448b26a786f24f,order_fcf8f9e48cbc44,2599.23,INR,upi,GATEWAY_ERROR,bank_technical_error,A technical error occurred at the bank's end.,cust_0096,2026-07-22 23:24:02,failed,payment,retryable_transient,escalate_human,0.763,escalate_human,escalate_human,Low model confidence or high-risk signal — routed to human review instead of auto-acting.,1.0,0.0,True,,escalate_human,skipped,0.0,Escalated to human review,2026-08-22T16:46:08.627876+00:00
pay_448b26a786f24f,order_fcf8f9e48cbc44,2599.23,INR,upi,GATEWAY_ERROR,bank_technical_error,A technical error occurred at the bank's end.,cust_0096,2026-07-22 23:24:02,failed,payment,retryable_transient,escalate_human,0.763,escalate_human,escalate_human,Low model confidence or high-risk signal — routed to human review instead of auto-acting.,1.0,0.0,True,,escalate_human,skipped,0.0,"routed to human review, no automated action taken",2026-08-22T16:46:21.074155+00:00
pay_448b26a786f24f,order_fcf8f9e48cbc44,2599.23,INR,upi,GATEWAY_ERROR,bank_technical_error,A technical error occurred at the bank's end.,cust_0096,2026-07-22 23:24:02,failed,payment,retryable_transient,escalate_human,0.763,escalate_human,escalate_human,Low model confidence or high-risk signal — routed to human review instead of auto-acting.,1.0,0.0,True,,escalate_human,skipped,0.0,Escalated to human review,2026-08-22T16:46:32.424627+00:00
pay_2bb17e43ca4541,order_07a331be9aeb47,12973.79,INR,netbanking,GATEWAY_ERROR,network_timeout,The request timed out due to network issues at the gateway.,cust_0112,2026-07-23 04:41:52,failed,payment,retryable_transient,abandoned_checkout,0.478,escalate_human,escalate_human,Model confidence 0.48 below threshold 0.55 — cannot safely act on this diagnosis.,1.0,0.0,True,,escalate_human,skipped,0.0,"routed to human review, no automated action taken",2026-08-21T13:50:11.936201+00:00
pay_2bb17e43ca4541,order_07a331be9aeb47,12973.79,INR,netbanking,GATEWAY_ERROR,network_timeout,The request timed out due to network issues at the gateway.,cust_0112,2026-07-23 04:41:52,failed,payment,retryable_transient,abandoned_checkout,0.478,escalate_human,escalate_human,Model confidence 0.48 below threshold 0.55 — cannot safely act on this diagnosis.,1.0,0.0,True,,escalate_human,skipped,0.0,"routed to human review, no automated action taken",2026-08-21T13:58:21.579572+00:00
pay_2bb17e43ca4541,order_07a331be9aeb47,12973.79,INR,netbanking,GATEWAY_ERROR,network_timeout,The request timed out due to network issues at the gateway.,cust_0112,2026-07-23 04:41:52,failed,payment,retryable_transient,abandoned_checkout,0.478,escalate_human,escalate_human,Model confidence 0.48 below threshold 0.55 — cannot safely act on this diagnosis.,1.0,0.0,True,,escalate_human,skipped,0.0,"routed to human review, no automated action taken",2026-08-21T13:58:34.465698+00:00
pay_2bb17e43ca4541,order_07a331be9aeb47,12973.79,INR,netbanking,GATEWAY_ERROR,network_timeout,The request timed out due to network issues at the gateway.,cust_0112,2026-07-23 04:41:52,failed,payment,retryable_transient,abandoned_checkout,0.478,escalate_human,escalate_human,Model confidence 0.48 below threshold 0.55 — cannot safely act on this diagnosis.,1.0,0.0,True,,escalate_human,skipped,0.0,"routed to human review, no automated action taken",2026-08-21T14:00:43.745838+00:00
pay_2bb17e43ca4541,order_07a331be9aeb47,12973.79,INR,netbanking,GATEWAY_ERROR,network_timeout,The request timed out due to network issues at the gateway.,cust_0112,2026-07-23 04:41:52,failed,payment,retryable_transient,abandoned_checkout,0.478,escalate_human,escalate_human,Model confidence 0.48 below threshold 0.55 — cannot safely act on this diagnosis.,1.0,0.0,True,,escalate_human,skipped,0.0,Escalated to human review,2026-08-21T14:14:45.481254+00:00
pay_2bb17e43ca4541,order_07a331be9aeb47,12973.79,INR,netbanking,GATEWAY_ERROR,network_timeout,The request timed out due to network issues at the gateway.,cust_0112,2026-07-23 04:41:52,failed,payment,retryable_transient,abandoned_checkout,0.478,escalate_human,escalate_human,Model confidence 0.48 below threshold 0.55 — cannot safely act on this diagnosis.,1.0,0.0,True,,escalate_human,skipped,0.0,Escalated to human review,2026-08-21T14:21:23.723034+00:00
pay_2bb17e43ca4541,order_07a331be9aeb47,12973.79,INR,netbanking,GATEWAY_ERROR,network_timeout,The request timed out due to network issues at the gateway.,cust_0112,2026-07-23 04:41:52,failed,payment,retryable_transient,abandoned_checkout,0.478,escalate_human,escalate_human,Model confidence 0.48 below threshold 0.55 — cannot safely act on this diagnosis.,1.0,0.0,True,,escalate_human,skipped,0.0,Escalated to human review,2026-08-22T16:46:08.631042+00:00
pay_2bb17e43ca4541,order_07a331be9aeb47,12973.79,INR,netbanking,GATEWAY_ERROR,network_timeout,The request timed out due to network issues at the gateway.,cust_0112,2026-07-23 04:41:52,failed,payment,retryable_transient,abandoned_checkout,0.478,escalate_human,escalate_human,Model confidence 0.48 below threshold 0.55 — cannot safely act on this diagnosis.,1.0,0.0,True,,escalate_human,skipped,0.0,"routed to human review, no automated action taken",2026-08-22T16:46:21.076110+00:00
pay_2bb17e43ca4541,order_07a331be9aeb47,12973.79,INR,netbanking,GATEWAY_ERROR,network_timeout,The request timed out due to network issues at the gateway.,cust_0112,2026-07-23 04:41:52,failed,payment,retryable_transient,abandoned_checkout,0.478,escalate_human,escalate_human,Model confidence 0.48 below threshold 0.55 — cannot safely act on this diagnosis.,1.0,0.0,True,,escalate_human,skipped,0.0,Escalated to human review,2026-08-22T16:46:32.426352+00:00
pay_4744ac83dae044,order_de10032667564d,10264.95,INR,netbanking,BAD_REQUEST_ERROR,insufficient_funds,Payment failed due to insufficient funds in the customer's account.,cust_0020,2026-07-23 05:02:58,failed,payment,retryable_with_delay,abandoned_checkout,0.494,escalate_human,escalate_human,Model confidence 0.49 below threshold 0.55 — cannot safely act on this diagnosis.,1.0,0.0,True,,escalate_human,skipped,0.0,"routed to human review, no automated action taken",2026-08-21T13:50:11.938246+00:00
pay_4744ac83dae044,order_de10032667564d,10264.95,INR,netbanking,BAD_REQUEST_ERROR,insufficient_funds,Payment failed due to insufficient funds in the customer's account.,cust_0020,2026-07-23 05:02:58,failed,payment,retryable_with_delay,abandoned_checkout,0.494,escalate_human,escalate_human,Model confidence 0.49 below threshold 0.55 — cannot safely act on this diagnosis.,1.0,0.0,True,,escalate_human,skipped,0.0,"routed to human review, no automated action taken",2026-08-21T13:58:21.582674+00:00
pay_4744ac83dae044,order_de10032667564d,10264.95,INR,netbanking,BAD_REQUEST_ERROR,insufficient_funds,Payment failed due to insufficient funds in the customer's account.,cust_0020,2026-07-23 05:02:58,failed,payment,retryable_with_delay,abandoned_checkout,0.494,escalate_human,escalate_human,Model confidence 0.49 below threshold 0.55 — cannot safely act on this diagnosis.,1.0,0.0,True,,escalate_human,skipped,0.0,"routed to human review, no automated action taken",2026-08-21T13:58:34.467442+00:00
pay_4744ac83dae044,order_de10032667564d,10264.95,INR,netbanking,BAD_REQUEST_ERROR,insufficient_funds,Payment failed due to insufficient funds in the customer's account.,cust_0020,2026-07-23 05:02:58,failed,payment,retryable_with_delay,abandoned_checkout,0.494,escalate_human,escalate_human,Model confidence 0.49 below threshold 0.55 — cannot safely act on this diagnosis.,1.0,0.0,True,,escalate_human,skipped,0.0,"routed to human review, no automated action taken",2026-08-21T14:00:43.747145+00:00
pay_4744ac83dae044,order_de10032667564d,10264.95,INR,netbanking,BAD_REQUEST_ERROR,insufficient_funds,Payment failed due to insufficient funds in the customer's account.,cust_0020,2026-07-23 05:02:58,failed,payment,retryable_with_delay,abandoned_checkout,0.494,escalate_human,escalate_human,Model confidence 0.49 below threshold 0.55 — cannot safely act on this diagnosis.,1.0,0.0,True,,escalate_human,skipped,0.0,Escalated to human review,2026-08-21T14:14:45.483784+00:00
pay_4744ac83dae044,order_de10032667564d,10264.95,INR,netbanking,BAD_REQUEST_ERROR,insufficient_funds,Payment failed due to insufficient funds in the customer's account.,cust_0020,2026-07-23 05:02:58,failed,payment,retryable_with_delay,abandoned_checkout,0.494,escalate_human,escalate_human,Model confidence 0.49 below threshold 0.55 — cannot safely act on this diagnosis.,1.0,0.0,True,,escalate_human,skipped,0.0,Escalated to human review,2026-08-21T14:21:23.724450+00:00
pay_4744ac83dae044,order_de10032667564d,10264.95,INR,netbanking,BAD_REQUEST_ERROR,insufficient_funds,Payment failed due to insufficient funds in the customer's account.,cust_0020,2026-07-23 05:02:58,failed,payment,retryable_with_delay,abandoned_checkout,0.494,escalate_human,escalate_human,Model confidence 0.49 below threshold 0.55 — cannot safely act on this diagnosis.,1.0,0.0,True,,escalate_human,skipped,0.0,Escalated to human review,2026-08-22T16:46:08.632901+00:00
pay_4744ac83dae044,order_de10032667564d,10264.95,INR,netbanking,BAD_REQUEST_ERROR,insufficient_funds,Payment failed due to insufficient funds in the customer's account.,cust_0020,2026-07-23 05:02:58,failed,payment,retryable_with_delay,abandoned_checkout,0.494,escalate_human,escalate_human,Model confidence 0.49 below threshold 0.55 — cannot safely act on this diagnosis.,1.0,0.0,True,,escalate_human,skipped,0.0,"routed to human review, no automated action taken",2026-08-22T16:46:21.077857+00:00
pay_4744ac83dae044,order_de10032667564d,10264.95,INR,netbanking,BAD_REQUEST_ERROR,insufficient_funds,Payment failed due to insufficient funds in the customer's account.,cust_0020,2026-07-23 05:02:58,failed,payment,retryable_with_delay,abandoned_checkout,0.494,escalate_human,escalate_human,Model confidence 0.49 below threshold 0.55 — cannot safely act on this diagnosis.,1.0,0.0,True,,escalate_human,skipped,0.0,Escalated to human review,2026-08-22T16:46:32.427960+00:00
pay_86f8a929396a4a,order_433a8f8c1f7d45,12769.22,INR,upi,GATEWAY_ERROR,bank_technical_error,A technical error occurred at the bank's end.,cust_0104,2026-07-23 07:21:54,failed,payment,retryable_transient,retryable_transient,0.99,retryable_transient,retry_now,Transient failure (network/gateway) — safe to retry immediately.,1.0,3.0,False,2026-08-23 12:23:06,retry_now,sent,0.0,payment_link_id=plink_TSRTqmRfYYD4ZZ,2026-08-21T13:50:13.882280+00:00
pay_86f8a929396a4a,order_433a8f8c1f7d45,12769.22,INR,upi,GATEWAY_ERROR,bank_technical_error,A technical error occurred at the bank's end.,cust_0104,2026-07-23 07:21:54,failed,payment,retryable_transient,retryable_transient,0.99,retryable_transient,retry_now,Transient failure (network/gateway) — safe to retry immediately.,1.0,3.0,False,2026-08-23 12:23:06,retry_now,failed,0.0,payment link with given reference_id: pay_86f8a929396a4a already exists. Please create a payment link with a different reference_id,2026-08-21T13:58:22.599598+00:00
pay_86f8a929396a4a,order_433a8f8c1f7d45,12769.22,INR,upi,GATEWAY_ERROR,bank_technical_error,A technical error occurred at the bank's end.,cust_0104,2026-07-23 07:21:54,failed,payment,retryable_transient,retryable_transient,0.99,retryable_transient,retry_now,Transient failure (network/gateway) — safe to retry immediately.,1.0,3.0,False,2026-08-23 12:23:06,retry_now,failed,0.0,Too many requests,2026-08-21T13:58:35.128903+00:00
pay_86f8a929396a4a,order_433a8f8c1f7d45,12769.22,INR,upi,GATEWAY_ERROR,bank_technical_error,A technical error occurred at the bank's end.,cust_0104,2026-07-23 07:21:54,failed,payment,retryable_transient,retryable_transient,0.99,retryable_transient,retry_now,Transient failure (network/gateway) — safe to retry immediately.,1.0,3.0,False,2026-08-23 12:23:06,retry_now,failed,0.0,payment link with given reference_id: pay_86f8a929396a4a already exists. Please create a payment link with a different reference_id,2026-08-21T14:00:44.731068+00:00
pay_86f8a929396a4a,order_433a8f8c1f7d45,12769.22,INR,upi,GATEWAY_ERROR,bank_technical_error,A technical error occurred at the bank's end.,cust_0104,2026-07-23 07:21:54,failed,payment,retryable_transient,retryable_transient,0.99,retryable_transient,retry_now,Transient failure (network/gateway) — safe to retry immediately.,1.0,3.0,False,2026-08-23 12:23:06,retry_now,failed,0.0,payment link with given reference_id: pay_86f8a929396a4a already exists. Please create a payment link with a different reference_id,2026-08-21T14:14:46.437427+00:00
pay_86f8a929396a4a,order_433a8f8c1f7d45,12769.22,INR,upi,GATEWAY_ERROR,bank_technical_error,A technical error occurred at the bank's end.,cust_0104,2026-07-23 07:21:54,failed,payment,retryable_transient,retryable_transient,0.99,retryable_transient,retry_now,Transient failure (network/gateway) — safe to retry immediately.,1.0,3.0,False,2026-08-23 12:23:06,retry_now,sent,0.0,payment_link_id=plink_TSS0oOseOCPB9h; payment_link_url=https://rzp.io/rzp/IInSOE0Z; reference_id=recovery_pay_86f8a929396a4a; amount=12769.22,2026-08-21T14:21:26.787397+00:00
pay_86f8a929396a4a,order_433a8f8c1f7d45,12769.22,INR,upi,GATEWAY_ERROR,bank_technical_error,A technical error occurred at the bank's end.,cust_0104,2026-07-23 07:21:54,failed,payment,retryable_transient,retryable_transient,0.99,retryable_transient,retry_now,Transient failure (network/gateway) — safe to retry immediately.,1.0,3.0,False,2026-08-23 12:23:06,retry_now,failed,0.0,payment link with given reference_id: pay_86f8a929396a4a already exists. Please create a payment link with a different reference_id,2026-08-22T16:46:21.947903+00:00
pay_86f8a929396a4a,order_433a8f8c1f7d45,12769.22,INR,upi,GATEWAY_ERROR,bank_technical_error,A technical error occurred at the bank's end.,cust_0104,2026-07-23 07:21:54,failed,payment,retryable_transient,retryable_transient,0.99,retryable_transient,retry_now,Transient failure (network/gateway) — safe to retry immediately.,1.0,3.0,False,2026-08-23 12:23:06,retry_now,failed,0.0,Too many requests,2026-08-22T16:46:33.910513+00:00
pay_fad24497accc4f,order_5643a36d960b49,24219.41,INR,card,BAD_REQUEST_ERROR,payment_cancelled,The customer cancelled the payment/checkout before completion.,cust_0040,2026-07-23 07:22:00,failed,payment,abandoned_checkout,non_retryable,0.686,escalate_human,escalate_human,Max retry attempts (0) reached for bucket 'non_retryable' — stopping and escalating.,1.0,0.0,True,,escalate_human,skipped,0.0,"routed to human review, no automated action taken",2026-08-21T13:50:13.886397+00:00
pay_fad24497accc4f,order_5643a36d960b49,24219.41,INR,card,BAD_REQUEST_ERROR,payment_cancelled,The customer cancelled the payment/checkout before completion.,cust_0040,2026-07-23 07:22:00,failed,payment,abandoned_checkout,non_retryable,0.686,escalate_human,escalate_human,Max retry attempts (0) reached for bucket 'non_retryable' — stopping and escalating.,1.0,0.0,True,,escalate_human,skipped,0.0,"routed to human review, no automated action taken",2026-08-21T13:58:22.603345+00:00
pay_fad24497accc4f,order_5643a36d960b49,24219.41,INR,card,BAD_REQUEST_ERROR,payment_cancelled,The customer cancelled the payment/checkout before completion.,cust_0040,2026-07-23 07:22:00,failed,payment,abandoned_checkout,non_retryable,0.686,escalate_human,escalate_human,Max retry attempts (0) reached for bucket 'non_retryable' — stopping and escalating.,1.0,0.0,True,,escalate_human,skipped,0.0,"routed to human review, no automated action taken",2026-08-21T13:58:35.132552+00:00
pay_fad24497accc4f,order_5643a36d960b49,24219.41,INR,card,BAD_REQUEST_ERROR,payment_cancelled,The customer cancelled the payment/checkout before completion.,cust_0040,2026-07-23 07:22:00,failed,payment,abandoned_checkout,non_retryable,0.686,escalate_human,escalate_human,Max retry attempts (0) reached for bucket 'non_retryable' — stopping and escalating.,1.0,0.0,True,,escalate_human,skipped,0.0,"routed to human review, no automated action taken",2026-08-21T14:00:44.737471+00:00
pay_fad24497accc4f,order_5643a36d960b49,24219.41,INR,card,BAD_REQUEST_ERROR,payment_cancelled,The customer cancelled the payment/checkout before completion.,cust_0040,2026-07-23 07:22:00,failed,payment,abandoned_checkout,non_retryable,0.686,escalate_human,escalate_human,Max retry attempts (0) reached for bucket 'non_retryable' — stopping and escalating.,1.0,0.0,True,,escalate_human,skipped,0.0,Escalated to human review,2026-08-21T14:14:46.442154+00:00
pay_fad24497accc4f,order_5643a36d960b49,24219.41,INR,card,BAD_REQUEST_ERROR,payment_cancelled,The customer cancelled the payment/checkout before completion.,cust_0040,2026-07-23 07:22:00,failed,payment,abandoned_checkout,non_retryable,0.686,escalate_human,escalate_human,Max retry attempts (0) reached for bucket 'non_retryable' — stopping and escalating.,1.0,0.0,True,,escalate_human,skipped,0.0,Escalated to human review,2026-08-21T14:21:26.792008+00:00
pay_fad24497accc4f,order_5643a36d960b49,24219.41,INR,card,BAD_REQUEST_ERROR,payment_cancelled,The customer cancelled the payment/checkout before completion.,cust_0040,2026-07-23 07:22:00,failed,payment,abandoned_checkout,non_retryable,0.686,escalate_human,escalate_human,Max retry attempts (0) reached for bucket 'non_retryable' — stopping and escalating.,1.0,0.0,True,,escalate_human,skipped,0.0,"routed to human review, no automated action taken",2026-08-22T16:46:21.951542+00:00
pay_fad24497accc4f,order_5643a36d960b49,24219.41,INR,card,BAD_REQUEST_ERROR,payment_cancelled,The customer cancelled the payment/checkout before completion.,cust_0040,2026-07-23 07:22:00,failed,payment,abandoned_checkout,non_retryable,0.686,escalate_human,escalate_human,Max retry attempts (0) reached for bucket 'non_retryable' — stopping and escalating.,1.0,0.0,True,,escalate_human,skipped,0.0,Escalated to human review,2026-08-22T16:46:33.912913+00:00
pay_f5863af444e14d,order_844b93e861e34b,9773.96,INR,card,BAD_REQUEST_ERROR,otp_timeout,The OTP was not entered within the allowed time.,cust_0066,2026-07-23 08:34:11,failed,payment,retryable_transient,retryable_transient,0.945,retryable_transient,retry_now,Transient failure (network/gateway) — safe to retry immediately.,1.0,3.0,False,2026-08-23 12:23:06,retry_now,sent,0.0,payment_link_id=plink_TSRTsPujpZwZqz,2026-08-21T13:50:14.522044+00:00
pay_f5863af444e14d,order_844b93e861e34b,9773.96,INR,card,BAD_REQUEST_ERROR,otp_timeout,The OTP was not entered within the allowed time.,cust_0066,2026-07-23 08:34:11,failed,payment,retryable_transient,retryable_transient,0.945,retryable_transient,retry_now,Transient failure (network/gateway) — safe to retry immediately.,1.0,3.0,False,2026-08-23 12:23:06,retry_now,failed,0.0,payment link with given reference_id: pay_f5863af444e14d already exists. Please create a payment link with a different reference_id,2026-08-21T13:58:23.041061+00:00
pay_f5863af444e14d,order_844b93e861e34b,9773.96,INR,card,BAD_REQUEST_ERROR,otp_timeout,The OTP was not entered within the allowed time.,cust_0066,2026-07-23 08:34:11,failed,payment,retryable_transient,retryable_transient,0.945,retryable_transient,retry_now,Transient failure (network/gateway) — safe to retry immediately.,1.0,3.0,False,2026-08-23 12:23:06,retry_now,failed,0.0,Too many requests,2026-08-21T13:58:35.199744+00:00
pay_f5863af444e14d,order_844b93e861e34b,9773.96,INR,card,BAD_REQUEST_ERROR,otp_timeout,The OTP was not entered within the allowed time.,cust_0066,2026-07-23 08:34:11,failed,payment,retryable_transient,retryable_transient,0.945,retryable_transient,retry_now,Transient failure (network/gateway) — safe to retry immediately.,1.0,3.0,False,2026-08-23 12:23:06,retry_now,failed,0.0,payment link with given reference_id: pay_f5863af444e14d already exists. Please create a payment link with a different reference_id,2026-08-21T14:00:45.164572+00:00
pay_f5863af444e14d,order_844b93e861e34b,9773.96,INR,card,BAD_REQUEST_ERROR,otp_timeout,The OTP was not entered within the allowed time.,cust_0066,2026-07-23 08:34:11,failed,payment,retryable_transient,retryable_transient,0.945,retryable_transient,retry_now,Transient failure (network/gateway) — safe to retry immediately.,1.0,3.0,False,2026-08-23 12:23:06,retry_now,failed,0.0,payment link with given reference_id: pay_f5863af444e14d already exists. Please create a payment link with a different reference_id,2026-08-21T14:14:47.238911+00:00
pay_f5863af444e14d,order_844b93e861e34b,9773.96,INR,card,BAD_REQUEST_ERROR,otp_timeout,The OTP was not entered within the allowed time.,cust_0066,2026-07-23 08:34:11,failed,payment,retryable_transient,retryable_transient,0.945,retryable_transient,retry_now,Transient failure (network/gateway) — safe to retry immediately.,1.0,3.0,False,2026-08-23 12:23:06,retry_now,sent,0.0,payment_link_id=plink_TSS0qizgu4HeSw; payment_link_url=https://rzp.io/rzp/Y7tmoDj; reference_id=recovery_pay_f5863af444e14d; amount=9773.96,2026-08-21T14:21:28.353600+00:00
pay_f5863af444e14d,order_844b93e861e34b,9773.96,INR,card,BAD_REQUEST_ERROR,otp_timeout,The OTP was not entered within the allowed time.,cust_0066,2026-07-23 08:34:11,failed,payment,retryable_transient,retryable_transient,0.945,retryable_transient,retry_now,Transient failure (network/gateway) — safe to retry immediately.,1.0,3.0,False,2026-08-23 12:23:06,retry_now,failed,0.0,payment link with given reference_id: pay_f5863af444e14d already exists. Please create a payment link with a different reference_id,2026-08-22T16:46:22.707676+00:00
pay_f5863af444e14d,order_844b93e861e34b,9773.96,INR,card,BAD_REQUEST_ERROR,otp_timeout,The OTP was not entered within the allowed time.,cust_0066,2026-07-23 08:34:11,failed,payment,retryable_transient,retryable_transient,0.945,retryable_transient,retry_now,Transient failure (network/gateway) — safe to retry immediately.,1.0,3.0,False,2026-08-23 12:23:06,retry_now,failed,0.0,Too many requests,2026-08-22T16:46:34.986541+00:00
pay_8daa230f1bc04f,order_29f0db64f01f43,573.92,INR,emandate,GATEWAY_ERROR,issuer_unavailable,The card issuing bank's servers were unavailable.,cust_0056,2026-07-23 11:50:21,failed,subscription,retryable_transient,retryable_transient,0.94,retryable_transient,retry_now,Transient failure (network/gateway) — safe to retry immediately.,1.0,3.0,False,2026-08-23 12:23:06,retry_now,sent,0.0,payment_link_id=plink_TSRTsywJjiLWPo,2026-08-21T13:50:15.042181+00:00
pay_8daa230f1bc04f,order_29f0db64f01f43,573.92,INR,emandate,GATEWAY_ERROR,issuer_unavailable,The card issuing bank's servers were unavailable.,cust_0056,2026-07-23 11:50:21,failed,subscription,retryable_transient,retryable_transient,0.94,retryable_transient,retry_now,Transient failure (network/gateway) — safe to retry immediately.,1.0,3.0,False,2026-08-23 12:23:06,retry_now,failed,0.0,payment link with given reference_id: pay_8daa230f1bc04f already exists. Please create a payment link with a different reference_id,2026-08-21T13:58:23.480022+00:00
pay_8daa230f1bc04f,order_29f0db64f01f43,573.92,INR,emandate,GATEWAY_ERROR,issuer_unavailable,The card issuing bank's servers were unavailable.,cust_0056,2026-07-23 11:50:21,failed,subscription,retryable_transient,retryable_transient,0.94,retryable_transient,retry_now,Transient failure (network/gateway) — safe to retry immediately.,1.0,3.0,False,2026-08-23 12:23:06,retry_now,failed,0.0,Too many requests,2026-08-21T13:58:35.279600+00:00
pay_8daa230f1bc04f,order_29f0db64f01f43,573.92,INR,emandate,GATEWAY_ERROR,issuer_unavailable,The card issuing bank's servers were unavailable.,cust_0056,2026-07-23 11:50:21,failed,subscription,retryable_transient,retryable_transient,0.94,retryable_transient,retry_now,Transient failure (network/gateway) — safe to retry immediately.,1.0,3.0,False,2026-08-23 12:23:06,retry_now,failed,0.0,payment link with given reference_id: pay_8daa230f1bc04f already exists. Please create a payment link with a different reference_id,2026-08-21T14:00:45.599578+00:00
pay_8daa230f1bc04f,order_29f0db64f01f43,573.92,INR,emandate,GATEWAY_ERROR,issuer_unavailable,The card issuing bank's servers were unavailable.,cust_0056,2026-07-23 11:50:21,failed,subscription,retryable_transient,retryable_transient,0.94,retryable_transient,retry_now,Transient failure (network/gateway) — safe to retry immediately.,1.0,3.0,False,2026-08-23 12:23:06,retry_now,failed,0.0,payment link with given reference_id: pay_8daa230f1bc04f already exists. Please create a payment link with a different reference_id,2026-08-21T14:14:47.826257+00:00
pay_8daa230f1bc04f,order_29f0db64f01f43,573.92,INR,emandate,GATEWAY_ERROR,issuer_unavailable,The card issuing bank's servers were unavailable.,cust_0056,2026-07-23 11:50:21,failed,subscription,retryable_transient,retryable_transient,0.94,retryable_transient,retry_now,Transient failure (network/gateway) — safe to retry immediately.,1.0,3.0,False,2026-08-23 12:23:06,retry_now,sent,0.0,payment_link_id=plink_TSS0sPGRNRS7a2; payment_link_url=https://rzp.io/rzp/FavUVTD; reference_id=recovery_pay_8daa230f1bc04f; amount=573.92,2026-08-21T14:21:29.876992+00:00
pay_8daa230f1bc04f,order_29f0db64f01f43,573.92,INR,emandate,GATEWAY_ERROR,issuer_unavailable,The card issuing bank's servers were unavailable.,cust_0056,2026-07-23 11:50:21,failed,subscription,retryable_transient,retryable_transient,0.94,retryable_transient,retry_now,Transient failure (network/gateway) — safe to retry immediately.,1.0,3.0,False,2026-08-23 12:23:06,retry_now,failed,0.0,payment link with given reference_id: pay_8daa230f1bc04f already exists. Please create a payment link with a different reference_id,2026-08-22T16:46:23.187551+00:00
pay_8daa230f1bc04f,order_29f0db64f01f43,573.92,INR,emandate,GATEWAY_ERROR,issuer_unavailable,The card issuing bank's servers were unavailable.,cust_0056,2026-07-23 11:50:21,failed,subscription,retryable_transient,retryable_transient,0.94,retryable_transient,retry_now,Transient failure (network/gateway) — safe to retry immediately.,1.0,3.0,False,2026-08-23 12:23:06,retry_now,failed,0.0,Too many requests,2026-08-22T16:46:36.070664+00:00
pay_b0414e54d29d48,order_8cadf7a7648c4c,2350.59,INR,wallet,BAD_REQUEST_ERROR,fraud_suspected,Payment flagged and blocked due to suspected fraudulent activity.,cust_0035,2026-07-23 16:36:44,failed,payment,escalate_human,abandoned_checkout,0.377,escalate_human,escalate_human,Model confidence 0.38 below threshold 0.55 — cannot safely act on this diagnosis.,1.0,0.0,True,,escalate_human,skipped,0.0,"routed to human review, no automated action taken",2026-08-21T13:50:15.046449+00:00
pay_b0414e54d29d48,order_8cadf7a7648c4c,2350.59,INR,wallet,BAD_REQUEST_ERROR,fraud_suspected,Payment flagged and blocked due to suspected fraudulent activity.,cust_0035,2026-07-23 16:36:44,failed,payment,escalate_human,abandoned_checkout,0.377,escalate_human,escalate_human,Model confidence 0.38 below threshold 0.55 — cannot safely act on this diagnosis.,1.0,0.0,True,,escalate_human,skipped,0.0,"routed to human review, no automated action taken",2026-08-21T13:58:23.483337+00:00
pay_b0414e54d29d48,order_8cadf7a7648c4c,2350.59,INR,wallet,BAD_REQUEST_ERROR,fraud_suspected,Payment flagged and blocked due to suspected fraudulent activity.,cust_0035,2026-07-23 16:36:44,failed,payment,escalate_human,abandoned_checkout,0.377,escalate_human,escalate_human,Model confidence 0.38 below threshold 0.55 — cannot safely act on this diagnosis.,1.0,0.0,True,,escalate_human,skipped,0.0,"routed to human review, no automated action taken",2026-08-21T13:58:35.282355+00:00
pay_b0414e54d29d48,order_8cadf7a7648c4c,2350.59,INR,wallet,BAD_REQUEST_ERROR,fraud_suspected,Payment flagged and blocked due to suspected fraudulent activity.,cust_0035,2026-07-23 16:36:44,failed,payment,escalate_human,abandoned_checkout,0.377,escalate_human,escalate_human,Model confidence 0.38 below threshold 0.55 — cannot safely act on this diagnosis.,1.0,0.0,True,,escalate_human,skipped,0.0,"routed to human review, no automated action taken",2026-08-21T14:00:45.603911+00:00
pay_b0414e54d29d48,order_8cadf7a7648c4c,2350.59,INR,wallet,BAD_REQUEST_ERROR,fraud_suspected,Payment flagged and blocked due to suspected fraudulent activity.,cust_0035,2026-07-23 16:36:44,failed,payment,escalate_human,abandoned_checkout,0.377,escalate_human,escalate_human,Model confidence 0.38 below threshold 0.55 — cannot safely act on this diagnosis.,1.0,0.0,True,,escalate_human,skipped,0.0,Escalated to human review,2026-08-21T14:14:47.831796+00:00
pay_b0414e54d29d48,order_8cadf7a7648c4c,2350.59,INR,wallet,BAD_REQUEST_ERROR,fraud_suspected,Payment flagged and blocked due to suspected fraudulent activity.,cust_0035,2026-07-23 16:36:44,failed,payment,escalate_human,abandoned_checkout,0.377,escalate_human,escalate_human,Model confidence 0.38 below threshold 0.55 — cannot safely act on this diagnosis.,1.0,0.0,True,,escalate_human,skipped,0.0,Escalated to human review,2026-08-21T14:21:29.880892+00:00
pay_b0414e54d29d48,order_8cadf7a7648c4c,2350.59,INR,wallet,BAD_REQUEST_ERROR,fraud_suspected,Payment flagged and blocked due to suspected fraudulent activity.,cust_0035,2026-07-23 16:36:44,failed,payment,escalate_human,abandoned_checkout,0.377,escalate_human,escalate_human,Model confidence 0.38 below threshold 0.55 — cannot safely act on this diagnosis.,1.0,0.0,True,,escalate_human,skipped,0.0,"routed to human review, no automated action taken",2026-08-22T16:46:23.191970+00:00
pay_b0414e54d29d48,order_8cadf7a7648c4c,2350.59,INR,wallet,BAD_REQUEST_ERROR,fraud_suspected,Payment flagged and blocked due to suspected fraudulent activity.,cust_0035,2026-07-23 16:36:44,failed,payment,escalate_human,abandoned_checkout,0.377,escalate_human,escalate_human,Model confidence 0.38 below threshold 0.55 — cannot safely act on this diagnosis.,1.0,0.0,True,,escalate_human,skipped,0.0,Escalated to human review,2026-08-22T16:46:36.074647+00:00
pay_df58c3ef7d5d45,order_7ee28885f83d4d,7583.64,INR,upi,BAD_REQUEST_ERROR,payment_cancelled,The customer cancelled the payment/checkout before completion.,cust_0043,2026-07-23 19:17:06,failed,payment,abandoned_checkout,abandoned_checkout,0.412,escalate_human,escalate_human,Model confidence 0.41 below threshold 0.55 — cannot safely act on this diagnosis.,1.0,0.0,True,,escalate_human,skipped,0.0,"routed to human review, no automated action taken",2026-08-21T13:50:15.050336+00:00
pay_df58c3ef7d5d45,order_7ee28885f83d4d,7583.64,INR,upi,BAD_REQUEST_ERROR,payment_cancelled,The customer cancelled the payment/checkout before completion.,cust_0043,2026-07-23 19:17:06,failed,payment,abandoned_checkout,abandoned_checkout,0.412,escalate_human,escalate_human,Model confidence 0.41 below threshold 0.55 — cannot safely act on this diagnosis.,1.0,0.0,True,,escalate_human,skipped,0.0,"routed to human review, no automated action taken",2026-08-21T13:58:23.486905+00:00
pay_df58c3ef7d5d45,order_7ee28885f83d4d,7583.64,INR,upi,BAD_REQUEST_ERROR,payment_cancelled,The customer cancelled the payment/checkout before completion.,cust_0043,2026-07-23 19:17:06,failed,payment,abandoned_checkout,abandoned_checkout,0.412,escalate_human,escalate_human,Model confidence 0.41 below threshold 0.55 — cannot safely act on this diagnosis.,1.0,0.0,True,,escalate_human,skipped,0.0,"routed to human review, no automated action taken",2026-08-21T13:58:35.284364+00:00
pay_df58c3ef7d5d45,order_7ee28885f83d4d,7583.64,INR,upi,BAD_REQUEST_ERROR,payment_cancelled,The customer cancelled the payment/checkout before completion.,cust_0043,2026-07-23 19:17:06,failed,payment,abandoned_checkout,abandoned_checkout,0.412,escalate_human,escalate_human,Model confidence 0.41 below threshold 0.55 — cannot safely act on this diagnosis.,1.0,0.0,True,,escalate_human,skipped,0.0,"routed to human review, no automated action taken",2026-08-21T14:00:45.607163+00:00
pay_df58c3ef7d5d45,order_7ee28885f83d4d,7583.64,INR,upi,BAD_REQUEST_ERROR,payment_cancelled,The customer cancelled the payment/checkout before completion.,cust_0043,2026-07-23 19:17:06,failed,payment,abandoned_checkout,abandoned_checkout,0.412,escalate_human,escalate_human,Model confidence 0.41 below threshold 0.55 — cannot safely act on this diagnosis.,1.0,0.0,True,,escalate_human,skipped,0.0,Escalated to human review,2026-08-21T14:14:47.835789+00:00
pay_df58c3ef7d5d45,order_7ee28885f83d4d,7583.64,INR,upi,BAD_REQUEST_ERROR,payment_cancelled,The customer cancelled the payment/checkout before completion.,cust_0043,2026-07-23 19:17:06,failed,payment,abandoned_checkout,abandoned_checkout,0.412,escalate_human,escalate_human,Model confidence 0.41 below threshold 0.55 — cannot safely act on this diagnosis.,1.0,0.0,True,,escalate_human,skipped,0.0,Escalated to human review,2026-08-21T14:21:29.884335+00:00
pay_df58c3ef7d5d45,order_7ee28885f83d4d,7583.64,INR,upi,BAD_REQUEST_ERROR,payment_cancelled,The customer cancelled the payment/checkout before completion.,cust_0043,2026-07-23 19:17:06,failed,payment,abandoned_checkout,abandoned_checkout,0.412,escalate_human,escalate_human,Model confidence 0.41 below threshold 0.55 — cannot safely act on this diagnosis.,1.0,0.0,True,,escalate_human,skipped,0.0,"routed to human review, no automated action taken",2026-08-22T16:46:23.195742+00:00
pay_df58c3ef7d5d45,order_7ee28885f83d4d,7583.64,INR,upi,BAD_REQUEST_ERROR,payment_cancelled,The customer cancelled the payment/checkout before completion.,cust_0043,2026-07-23 19:17:06,failed,payment,abandoned_checkout,abandoned_checkout,0.412,escalate_human,escalate_human,Model confidence 0.41 below threshold 0.55 — cannot safely act on this diagnosis.,1.0,0.0,True,,escalate_human,skipped,0.0,Escalated to human review,2026-08-22T16:46:36.079389+00:00
pay_ee4d851071674e,order_ac14d18585e445,15218.98,INR,netbanking,BAD_REQUEST_ERROR,otp_timeout,The OTP was not entered within the allowed time.,cust_0055,2026-07-23 21:12:49,failed,payment,retryable_transient,retryable_transient,0.91,retryable_transient,retry_now,Transient failure (network/gateway) — safe to retry immediately.,1.0,3.0,False,2026-08-23 12:23:06,retry_now,sent,0.0,payment_link_id=plink_TSRTtfrNnKgnnS,2026-08-21T13:50:15.873134+00:00
pay_ee4d851071674e,order_ac14d18585e445,15218.98,INR,netbanking,BAD_REQUEST_ERROR,otp_timeout,The OTP was not entered within the allowed time.,cust_0055,2026-07-23 21:12:49,failed,payment,retryable_transient,retryable_transient,0.91,retryable_transient,retry_now,Transient failure (network/gateway) — safe to retry immediately.,1.0,3.0,False,2026-08-23 12:23:06,retry_now,failed,0.0,payment link with given reference_id: pay_ee4d851071674e already exists. Please create a payment link with a different reference_id,2026-08-21T13:58:23.911429+00:00
pay_ee4d851071674e,order_ac14d18585e445,15218.98,INR,netbanking,BAD_REQUEST_ERROR,otp_timeout,The OTP was not entered within the allowed time.,cust_0055,2026-07-23 21:12:49,failed,payment,retryable_transient,retryable_transient,0.91,retryable_transient,retry_now,Transient failure (network/gateway) — safe to retry immediately.,1.0,3.0,False,2026-08-23 12:23:06,retry_now,failed,0.0,Too many requests,2026-08-21T13:58:35.359512+00:00
pay_ee4d851071674e,order_ac14d18585e445,15218.98,INR,netbanking,BAD_REQUEST_ERROR,otp_timeout,The OTP was not entered within the allowed time.,cust_0055,2026-07-23 21:12:49,failed,payment,retryable_transient,retryable_transient,0.91,retryable_transient,retry_now,Transient failure (network/gateway) — safe to retry immediately.,1.0,3.0,False,2026-08-23 12:23:06,retry_now,failed,0.0,payment link with given reference_id: pay_ee4d851071674e already exists. Please create a payment link with a different reference_id,2026-08-21T14:00:46.043554+00:00
pay_ee4d851071674e,order_ac14d18585e445,15218.98,INR,netbanking,BAD_REQUEST_ERROR,otp_timeout,The OTP was not entered within the allowed time.,cust_0055,2026-07-23 21:12:49,failed,payment,retryable_transient,retryable_transient,0.91,retryable_transient,retry_now,Transient failure (network/gateway) — safe to retry immediately.,1.0,3.0,False,2026-08-23 12:23:06,retry_now,failed,0.0,payment link with given reference_id: pay_ee4d851071674e already exists. Please create a payment link with a different reference_id,2026-08-21T14:14:48.376333+00:00
pay_ee4d851071674e,order_ac14d18585e445,15218.98,INR,netbanking,BAD_REQUEST_ERROR,otp_timeout,The OTP was not entered within the allowed time.,cust_0055,2026-07-23 21:12:49,failed,payment,retryable_transient,retryable_transient,0.91,retryable_transient,retry_now,Transient failure (network/gateway) — safe to retry immediately.,1.0,3.0,False,2026-08-23 12:23:06,retry_now,sent,0.0,payment_link_id=plink_TSS0uDvHiBmlQi; payment_link_url=https://rzp.io/rzp/6AkCNE90; reference_id=recovery_pay_ee4d851071674e; amount=15218.98,2026-08-21T14:21:31.596199+00:00
pay_ee4d851071674e,order_ac14d18585e445,15218.98,INR,netbanking,BAD_REQUEST_ERROR,otp_timeout,The OTP was not entered within the allowed time.,cust_0055,2026-07-23 21:12:49,failed,payment,retryable_transient,retryable_transient,0.91,retryable_transient,retry_now,Transient failure (network/gateway) — safe to retry immediately.,1.0,3.0,False,2026-08-23 12:23:06,retry_now,failed,0.0,payment link with given reference_id: pay_ee4d851071674e already exists. Please create a payment link with a different reference_id,2026-08-22T16:46:23.627512+00:00
pay_ee4d851071674e,order_ac14d18585e445,15218.98,INR,netbanking,BAD_REQUEST_ERROR,otp_timeout,The OTP was not entered within the allowed time.,cust_0055,2026-07-23 21:12:49,failed,payment,retryable_transient,retryable_transient,0.91,retryable_transient,retry_now,Transient failure (network/gateway) — safe to retry immediately.,1.0,3.0,False,2026-08-23 12:23:06,retry_now,failed,0.0,Too many requests,2026-08-22T16:46:37.191593+00:00
pay_894811081a0645,order_fdcc0c24d01a4a,8650.05,INR,card,BAD_REQUEST_ERROR,card_declined,The card was declined by the issuing bank.,cust_0071,2026-07-23 21:27:57,failed,payment,non_retryable,abandoned_checkout,0.638,abandoned_checkout,send_reminder,Customer abandoned checkout — a reminder/payment link nudge is the appropriate action.,1.0,2.0,False,2026-08-23 13:53:06,send_reminder,skipped,0.0,'send_reminder' not yet automated - needs a scheduler/notifier,2026-08-21T13:50:15.879064+00:00
pay_894811081a0645,order_fdcc0c24d01a4a,8650.05,INR,card,BAD_REQUEST_ERROR,card_declined,The card was declined by the issuing bank.,cust_0071,2026-07-23 21:27:57,failed,payment,non_retryable,abandoned_checkout,0.638,abandoned_checkout,send_reminder,Customer abandoned checkout — a reminder/payment link nudge is the appropriate action.,1.0,2.0,False,2026-08-23 13:53:06,send_reminder,skipped,0.0,'send_reminder' not yet automated - needs a scheduler/notifier,2026-08-21T13:58:23.915891+00:00
pay_894811081a0645,order_fdcc0c24d01a4a,8650.05,INR,card,BAD_REQUEST_ERROR,card_declined,The card was declined by the issuing bank.,cust_0071,2026-07-23 21:27:57,failed,payment,non_retryable,abandoned_checkout,0.638,abandoned_checkout,send_reminder,Customer abandoned checkout — a reminder/payment link nudge is the appropriate action.,1.0,2.0,False,2026-08-23 13:53:06,send_reminder,skipped,0.0,'send_reminder' not yet automated - needs a scheduler/notifier,2026-08-21T13:58:35.362854+00:00
pay_894811081a0645,order_fdcc0c24d01a4a,8650.05,INR,card,BAD_REQUEST_ERROR,card_declined,The card was declined by the issuing bank.,cust_0071,2026-07-23 21:27:57,failed,payment,non_retryable,abandoned_checkout,0.638,abandoned_checkout,send_reminder,Customer abandoned checkout — a reminder/payment link nudge is the appropriate action.,1.0,2.0,False,2026-08-23 13:53:06,send_reminder,skipped,0.0,'send_reminder' not yet automated - needs a scheduler/notifier,2026-08-21T14:00:46.047928+00:00
pay_894811081a0645,order_fdcc0c24d01a4a,8650.05,INR,card,BAD_REQUEST_ERROR,card_declined,The card was declined by the issuing bank.,cust_0071,2026-07-23 21:27:57,failed,payment,non_retryable,abandoned_checkout,0.638,abandoned_checkout,send_reminder,Customer abandoned checkout — a reminder/payment link nudge is the appropriate action.,1.0,2.0,False,2026-08-23 13:53:06,send_reminder,skipped,0.0,send_reminder not automated yet; notification service required,2026-08-21T14:14:48.380166+00:00
pay_894811081a0645,order_fdcc0c24d01a4a,8650.05,INR,card,BAD_REQUEST_ERROR,card_declined,The card was declined by the issuing bank.,cust_0071,2026-07-23 21:27:57,failed,payment,non_retryable,abandoned_checkout,0.638,abandoned_checkout,send_reminder,Customer abandoned checkout — a reminder/payment link nudge is the appropriate action.,1.0,2.0,False,2026-08-23 13:53:06,send_reminder,skipped,0.0,send_reminder not automated yet; notification service required,2026-08-21T14:21:31.601620+00:00
pay_894811081a0645,order_fdcc0c24d01a4a,8650.05,INR,card,BAD_REQUEST_ERROR,card_declined,The card was declined by the issuing bank.,cust_0071,2026-07-23 21:27:57,failed,payment,non_retryable,abandoned_checkout,0.638,abandoned_checkout,send_reminder,Customer abandoned checkout — a reminder/payment link nudge is the appropriate action.,1.0,2.0,False,2026-08-23 13:53:06,send_reminder,skipped,0.0,'send_reminder' not yet automated - needs a scheduler/notifier,2026-08-22T16:46:23.632348+00:00
pay_894811081a0645,order_fdcc0c24d01a4a,8650.05,INR,card,BAD_REQUEST_ERROR,card_declined,The card was declined by the issuing bank.,cust_0071,2026-07-23 21:27:57,failed,payment,non_retryable,abandoned_checkout,0.638,abandoned_checkout,send_reminder,Customer abandoned checkout — a reminder/payment link nudge is the appropriate action.,1.0,2.0,False,2026-08-23 13:53:06,send_reminder,skipped,0.0,send_reminder not automated yet; notification service required,2026-08-22T16:46:37.195086+00:00
pay_b8583eec85e043,order_9d241e1b9b9a48,3643.68,INR,wallet,BAD_REQUEST_ERROR,fraud_suspected,Payment flagged and blocked due to suspected fraudulent activity.,cust_0075,2026-07-23 23:03:47,failed,payment,escalate_human,retryable_with_delay,0.642,retryable_with_delay,retry_later,Likely insufficient funds — retrying after a cooldown window improves success odds.,1.0,2.0,False,2026-08-24 11:53:06,retry_later,skipped,0.0,'retry_later' not yet automated - needs a scheduler/notifier,2026-08-21T13:50:15.882759+00:00
pay_b8583eec85e043,order_9d241e1b9b9a48,3643.68,INR,wallet,BAD_REQUEST_ERROR,fraud_suspected,Payment flagged and blocked due to suspected fraudulent activity.,cust_0075,2026-07-23 23:03:47,failed,payment,escalate_human,retryable_with_delay,0.642,retryable_with_delay,retry_later,Likely insufficient funds — retrying after a cooldown window improves success odds.,1.0,2.0,False,2026-08-24 11:53:06,retry_later,skipped,0.0,'retry_later' not yet automated - needs a scheduler/notifier,2026-08-21T13:58:23.919726+00:00
pay_b8583eec85e043,order_9d241e1b9b9a48,3643.68,INR,wallet,BAD_REQUEST_ERROR,fraud_suspected,Payment flagged and blocked due to suspected fraudulent activity.,cust_0075,2026-07-23 23:03:47,failed,payment,escalate_human,retryable_with_delay,0.642,retryable_with_delay,retry_later,Likely insufficient funds — retrying after a cooldown window improves success odds.,1.0,2.0,False,2026-08-24 11:53:06,retry_later,skipped,0.0,'retry_later' not yet automated - needs a scheduler/notifier,2026-08-21T13:58:35.364626+00:00
pay_b8583eec85e043,order_9d241e1b9b9a48,3643.68,INR,wallet,BAD_REQUEST_ERROR,fraud_suspected,Payment flagged and blocked due to suspected fraudulent activity.,cust_0075,2026-07-23 23:03:47,failed,payment,escalate_human,retryable_with_delay,0.642,retryable_with_delay,retry_later,Likely insufficient funds — retrying after a cooldown window improves success odds.,1.0,2.0,False,2026-08-24 11:53:06,retry_later,skipped,0.0,'retry_later' not yet automated - needs a scheduler/notifier,2026-08-21T14:00:46.051595+00:00
pay_b8583eec85e043,order_9d241e1b9b9a48,3643.68,INR,wallet,BAD_REQUEST_ERROR,fraud_suspected,Payment flagged and blocked due to suspected fraudulent activity.,cust_0075,2026-07-23 23:03:47,failed,payment,escalate_human,retryable_with_delay,0.642,retryable_with_delay,retry_later,Likely insufficient funds — retrying after a cooldown window improves success odds.,1.0,2.0,False,2026-08-24 11:53:06,retry_later,skipped,0.0,retry_later not automated yet; scheduler required,2026-08-21T14:14:48.382812+00:00
pay_b8583eec85e043,order_9d241e1b9b9a48,3643.68,INR,wallet,BAD_REQUEST_ERROR,fraud_suspected,Payment flagged and blocked due to suspected fraudulent activity.,cust_0075,2026-07-23 23:03:47,failed,payment,escalate_human,retryable_with_delay,0.642,retryable_with_delay,retry_later,Likely insufficient funds — retrying after a cooldown window improves success odds.,1.0,2.0,False,2026-08-24 11:53:06,retry_later,skipped,0.0,retry_later not automated yet; scheduler required,2026-08-21T14:21:31.604791+00:00
pay_b8583eec85e043,order_9d241e1b9b9a48,3643.68,INR,wallet,BAD_REQUEST_ERROR,fraud_suspected,Payment flagged and blocked due to suspected fraudulent activity.,cust_0075,2026-07-23 23:03:47,failed,payment,escalate_human,retryable_with_delay,0.642,retryable_with_delay,retry_later,Likely insufficient funds — retrying after a cooldown window improves success odds.,1.0,2.0,False,2026-08-24 11:53:06,retry_later,skipped,0.0,'retry_later' not yet automated - needs a scheduler/notifier,2026-08-22T16:46:23.635966+00:00
pay_b8583eec85e043,order_9d241e1b9b9a48,3643.68,INR,wallet,BAD_REQUEST_ERROR,fraud_suspected,Payment flagged and blocked due to suspected fraudulent activity.,cust_0075,2026-07-23 23:03:47,failed,payment,escalate_human,retryable_with_delay,0.642,retryable_with_delay,retry_later,Likely insufficient funds — retrying after a cooldown window improves success odds.,1.0,2.0,False,2026-08-24 11:53:06,retry_later,skipped,0.0,retry_later not automated yet; scheduler required,2026-08-22T16:46:37.201114+00:00
pay_8762b97dbbb34c,order_25358b85506746,28040.35,INR,netbanking,GATEWAY_ERROR,bank_technical_error,A technical error occurred at the bank's end.,cust_0072,2026-07-23 23:36:50,failed,payment,retryable_transient,retryable_transient,0.97,retryable_transient,retry_now,Transient failure (network/gateway) — safe to retry immediately.,1.0,3.0,False,2026-08-23 12:23:06,retry_now,sent,0.0,payment_link_id=plink_TSRTuTAN1AvKdH,2026-08-21T13:50:16.444536+00:00
pay_8762b97dbbb34c,order_25358b85506746,28040.35,INR,netbanking,GATEWAY_ERROR,bank_technical_error,A technical error occurred at the bank's end.,cust_0072,2026-07-23 23:36:50,failed,payment,retryable_transient,retryable_transient,0.97,retryable_transient,retry_now,Transient failure (network/gateway) — safe to retry immediately.,1.0,3.0,False,2026-08-23 12:23:06,retry_now,failed,0.0,payment link with given reference_id: pay_8762b97dbbb34c already exists. Please create a payment link with a different reference_id,2026-08-21T13:58:24.399514+00:00
pay_8762b97dbbb34c,order_25358b85506746,28040.35,INR,netbanking,GATEWAY_ERROR,bank_technical_error,A technical error occurred at the bank's end.,cust_0072,2026-07-23 23:36:50,failed,payment,retryable_transient,retryable_transient,0.97,retryable_transient,retry_now,Transient failure (network/gateway) — safe to retry immediately.,1.0,3.0,False,2026-08-23 12:23:06,retry_now,failed,0.0,Too many requests,2026-08-21T13:58:35.440068+00:00
pay_8762b97dbbb34c,order_25358b85506746,28040.35,INR,netbanking,GATEWAY_ERROR,bank_technical_error,A technical error occurred at the bank's end.,cust_0072,2026-07-23 23:36:50,failed,payment,retryable_transient,retryable_transient,0.97,retryable_transient,retry_now,Transient failure (network/gateway) — safe to retry immediately.,1.0,3.0,False,2026-08-23 12:23:06,retry_now,failed,0.0,payment link with given reference_id: pay_8762b97dbbb34c already exists. Please create a payment link with a different reference_id,2026-08-21T14:00:46.599938+00:00
pay_8762b97dbbb34c,order_25358b85506746,28040.35,INR,netbanking,GATEWAY_ERROR,bank_technical_error,A technical error occurred at the bank's end.,cust_0072,2026-07-23 23:36:50,failed,payment,retryable_transient,retryable_transient,0.97,retryable_transient,retry_now,Transient failure (network/gateway) — safe to retry immediately.,1.0,3.0,False,2026-08-23 12:23:06,retry_now,failed,0.0,payment link with given reference_id: pay_8762b97dbbb34c already exists. Please create a payment link with a different reference_id,2026-08-21T14:14:48.962680+00:00
pay_8762b97dbbb34c,order_25358b85506746,28040.35,INR,netbanking,GATEWAY_ERROR,bank_technical_error,A technical error occurred at the bank's end.,cust_0072,2026-07-23 23:36:50,failed,payment,retryable_transient,retryable_transient,0.97,retryable_transient,retry_now,Transient failure (network/gateway) — safe to retry immediately.,1.0,3.0,False,2026-08-23 12:23:06,retry_now,sent,0.0,payment_link_id=plink_TSS0vuuzr621Zh; payment_link_url=https://rzp.io/rzp/rD85QE8a; reference_id=recovery_pay_8762b97dbbb34c; amount=28040.35,2026-08-21T14:21:33.264427+00:00
pay_8762b97dbbb34c,order_25358b85506746,28040.35,INR,netbanking,GATEWAY_ERROR,bank_technical_error,A technical error occurred at the bank's end.,cust_0072,2026-07-23 23:36:50,failed,payment,retryable_transient,retryable_transient,0.97,retryable_transient,retry_now,Transient failure (network/gateway) — safe to retry immediately.,1.0,3.0,False,2026-08-23 12:23:06,retry_now,failed,0.0,Too many requests,2026-08-22T16:46:23.747288+00:00
pay_8762b97dbbb34c,order_25358b85506746,28040.35,INR,netbanking,GATEWAY_ERROR,bank_technical_error,A technical error occurred at the bank's end.,cust_0072,2026-07-23 23:36:50,failed,payment,retryable_transient,retryable_transient,0.97,retryable_transient,retry_now,Transient failure (network/gateway) — safe to retry immediately.,1.0,3.0,False,2026-08-23 12:23:06,retry_now,failed,0.0,Too many requests,2026-08-22T16:46:38.286806+00:00
pay_541fb5b6b7e341,order_3a57c3dc73524b,1979.38,INR,upi,GATEWAY_ERROR,network_timeout,The request timed out due to network issues at the gateway.,cust_0071,2026-07-24 00:53:45,failed,payment,retryable_transient,retryable_transient,0.538,escalate_human,escalate_human,Model confidence 0.54 below threshold 0.55 — cannot safely act on this diagnosis.,1.0,0.0,True,,escalate_human,skipped,0.0,"routed to human review, no automated action taken",2026-08-21T13:50:16.448986+00:00
pay_541fb5b6b7e341,order_3a57c3dc73524b,1979.38,INR,upi,GATEWAY_ERROR,network_timeout,The request timed out due to network issues at the gateway.,cust_0071,2026-07-24 00:53:45,failed,payment,retryable_transient,retryable_transient,0.538,escalate_human,escalate_human,Model confidence 0.54 below threshold 0.55 — cannot safely act on this diagnosis.,1.0,0.0,True,,escalate_human,skipped,0.0,"routed to human review, no automated action taken",2026-08-21T13:58:24.403855+00:00
pay_541fb5b6b7e341,order_3a57c3dc73524b,1979.38,INR,upi,GATEWAY_ERROR,network_timeout,The request timed out due to network issues at the gateway.,cust_0071,2026-07-24 00:53:45,failed,payment,retryable_transient,retryable_transient,0.538,escalate_human,escalate_human,Model confidence 0.54 below threshold 0.55 — cannot safely act on this diagnosis.,1.0,0.0,True,,escalate_human,skipped,0.0,"routed to human review, no automated action taken",2026-08-21T13:58:35.444055+00:00
pay_541fb5b6b7e341,order_3a57c3dc73524b,1979.38,INR,upi,GATEWAY_ERROR,network_timeout,The request timed out due to network issues at the gateway.,cust_0071,2026-07-24 00:53:45,failed,payment,retryable_transient,retryable_transient,0.538,escalate_human,escalate_human,Model confidence 0.54 below threshold 0.55 — cannot safely act on this diagnosis.,1.0,0.0,True,,escalate_human,skipped,0.0,"routed to human review, no automated action taken",2026-08-21T14:00:46.603550+00:00
pay_541fb5b6b7e341,order_3a57c3dc73524b,1979.38,INR,upi,GATEWAY_ERROR,network_timeout,The request timed out due to network issues at the gateway.,cust_0071,2026-07-24 00:53:45,failed,payment,retryable_transient,retryable_transient,0.538,escalate_human,escalate_human,Model confidence 0.54 below threshold 0.55 — cannot safely act on this diagnosis.,1.0,0.0,True,,escalate_human,skipped,0.0,Escalated to human review,2026-08-21T14:14:49.025101+00:00
pay_541fb5b6b7e341,order_3a57c3dc73524b,1979.38,INR,upi,GATEWAY_ERROR,network_timeout,The request timed out due to network issues at the gateway.,cust_0071,2026-07-24 00:53:45,failed,payment,retryable_transient,retryable_transient,0.538,escalate_human,escalate_human,Model confidence 0.54 below threshold 0.55 — cannot safely act on this diagnosis.,1.0,0.0,True,,escalate_human,skipped,0.0,Escalated to human review,2026-08-21T14:21:33.268412+00:00
pay_541fb5b6b7e341,order_3a57c3dc73524b,1979.38,INR,upi,GATEWAY_ERROR,network_timeout,The request timed out due to network issues at the gateway.,cust_0071,2026-07-24 00:53:45,failed,payment,retryable_transient,retryable_transient,0.538,escalate_human,escalate_human,Model confidence 0.54 below threshold 0.55 — cannot safely act on this diagnosis.,1.0,0.0,True,,escalate_human,skipped,0.0,"routed to human review, no automated action taken",2026-08-22T16:46:23.751462+00:00
pay_541fb5b6b7e341,order_3a57c3dc73524b,1979.38,INR,upi,GATEWAY_ERROR,network_timeout,The request timed out due to network issues at the gateway.,cust_0071,2026-07-24 00:53:45,failed,payment,retryable_transient,retryable_transient,0.538,escalate_human,escalate_human,Model confidence 0.54 below threshold 0.55 — cannot safely act on this diagnosis.,1.0,0.0,True,,escalate_human,skipped,0.0,Escalated to human review,2026-08-22T16:46:38.291101+00:00
pay_03b9eede25884d,order_f2965eb4507347,5076.14,INR,emandate,BAD_REQUEST_ERROR,mandate_not_approved,The e-mandate registration was not approved in time by the customer.,cust_0019,2026-07-24 03:28:04,failed,subscription,retryable_with_delay,non_retryable,0.744,escalate_human,escalate_human,Max retry attempts (0) reached for bucket 'non_retryable' — stopping and escalating.,1.0,0.0,True,,escalate_human,skipped,0.0,"routed to human review, no automated action taken",2026-08-21T13:50:16.452608+00:00
pay_03b9eede25884d,order_f2965eb4507347,5076.14,INR,emandate,BAD_REQUEST_ERROR,mandate_not_approved,The e-mandate registration was not approved in time by the customer.,cust_0019,2026-07-24 03:28:04,failed,subscription,retryable_with_delay,non_retryable,0.744,escalate_human,escalate_human,Max retry attempts (0) reached for bucket 'non_retryable' — stopping and escalating.,1.0,0.0,True,,escalate_human,skipped,0.0,"routed to human review, no automated action taken",2026-08-21T13:58:24.407621+00:00
pay_03b9eede25884d,order_f2965eb4507347,5076.14,INR,emandate,BAD_REQUEST_ERROR,mandate_not_approved,The e-mandate registration was not approved in time by the customer.,cust_0019,2026-07-24 03:28:04,failed,subscription,retryable_with_delay,non_retryable,0.744,escalate_human,escalate_human,Max retry attempts (0) reached for bucket 'non_retryable' — stopping and escalating.,1.0,0.0,True,,escalate_human,skipped,0.0,"routed to human review, no automated action taken",2026-08-21T13:58:35.447479+00:00
pay_03b9eede25884d,order_f2965eb4507347,5076.14,INR,emandate,BAD_REQUEST_ERROR,mandate_not_approved,The e-mandate registration was not approved in time by the customer.,cust_0019,2026-07-24 03:28:04,failed,subscription,retryable_with_delay,non_retryable,0.744,escalate_human,escalate_human,Max retry attempts (0) reached for bucket 'non_retryable' — stopping and escalating.,1.0,0.0,True,,escalate_human,skipped,0.0,"routed to human review, no automated action taken",2026-08-21T14:00:46.607390+00:00
pay_03b9eede25884d,order_f2965eb4507347,5076.14,INR,emandate,BAD_REQUEST_ERROR,mandate_not_approved,The e-mandate registration was not approved in time by the customer.,cust_0019,2026-07-24 03:28:04,failed,subscription,retryable_with_delay,non_retryable,0.744,escalate_human,escalate_human,Max retry attempts (0) reached for bucket 'non_retryable' — stopping and escalating.,1.0,0.0,True,,escalate_human,skipped,0.0,Escalated to human review,2026-08-21T14:14:49.029399+00:00
pay_03b9eede25884d,order_f2965eb4507347,5076.14,INR,emandate,BAD_REQUEST_ERROR,mandate_not_approved,The e-mandate registration was not approved in time by the customer.,cust_0019,2026-07-24 03:28:04,failed,subscription,retryable_with_delay,non_retryable,0.744,escalate_human,escalate_human,Max retry attempts (0) reached for bucket 'non_retryable' — stopping and escalating.,1.0,0.0,True,,escalate_human,skipped,0.0,Escalated to human review,2026-08-21T14:21:33.271693+00:00
pay_03b9eede25884d,order_f2965eb4507347,5076.14,INR,emandate,BAD_REQUEST_ERROR,mandate_not_approved,The e-mandate registration was not approved in time by the customer.,cust_0019,2026-07-24 03:28:04,failed,subscription,retryable_with_delay,non_retryable,0.744,escalate_human,escalate_human,Max retry attempts (0) reached for bucket 'non_retryable' — stopping and escalating.,1.0,0.0,True,,escalate_human,skipped,0.0,"routed to human review, no automated action taken",2026-08-22T16:46:23.755073+00:00
pay_03b9eede25884d,order_f2965eb4507347,5076.14,INR,emandate,BAD_REQUEST_ERROR,mandate_not_approved,The e-mandate registration was not approved in time by the customer.,cust_0019,2026-07-24 03:28:04,failed,subscription,retryable_with_delay,non_retryable,0.744,escalate_human,escalate_human,Max retry attempts (0) reached for bucket 'non_retryable' — stopping and escalating.,1.0,0.0,True,,escalate_human,skipped,0.0,Escalated to human review,2026-08-22T16:46:38.295457+00:00
pay_a5da5901405d4b,order_410506b6244a49,21593.98,INR,card,BAD_REQUEST_ERROR,insufficient_funds,Payment failed due to insufficient funds in the customer's account.,cust_0055,2026-07-24 12:05:14,failed,payment,retryable_with_delay,retryable_transient,0.688,retryable_transient,retry_now,Transient failure (network/gateway) — safe to retry immediately.,1.0,3.0,False,2026-08-23 12:23:06,retry_now,failed,0.0,Too many requests,2026-08-21T13:50:16.522654+00:00
pay_a5da5901405d4b,order_410506b6244a49,21593.98,INR,card,BAD_REQUEST_ERROR,insufficient_funds,Payment failed due to insufficient funds in the customer's account.,cust_0055,2026-07-24 12:05:14,failed,payment,retryable_with_delay,retryable_transient,0.688,retryable_transient,retry_now,Transient failure (network/gateway) — safe to retry immediately.,1.0,3.0,False,2026-08-23 12:23:06,retry_now,failed,0.0,Too many requests,2026-08-21T13:58:24.479550+00:00
pay_a5da5901405d4b,order_410506b6244a49,21593.98,INR,card,BAD_REQUEST_ERROR,insufficient_funds,Payment failed due to insufficient funds in the customer's account.,cust_0055,2026-07-24 12:05:14,failed,payment,retryable_with_delay,retryable_transient,0.688,retryable_transient,retry_now,Transient failure (network/gateway) — safe to retry immediately.,1.0,3.0,False,2026-08-23 12:23:06,retry_now,failed,0.0,Too many requests,2026-08-21T13:58:35.519577+00:00
pay_a5da5901405d4b,order_410506b6244a49,21593.98,INR,card,BAD_REQUEST_ERROR,insufficient_funds,Payment failed due to insufficient funds in the customer's account.,cust_0055,2026-07-24 12:05:14,failed,payment,retryable_with_delay,retryable_transient,0.688,retryable_transient,retry_now,Transient failure (network/gateway) — safe to retry immediately.,1.0,3.0,False,2026-08-23 12:23:06,retry_now,failed,0.0,Too many requests,2026-08-21T14:00:46.750158+00:00
pay_a5da5901405d4b,order_410506b6244a49,21593.98,INR,card,BAD_REQUEST_ERROR,insufficient_funds,Payment failed due to insufficient funds in the customer's account.,cust_0055,2026-07-24 12:05:14,failed,payment,retryable_with_delay,retryable_transient,0.688,retryable_transient,retry_now,Transient failure (network/gateway) — safe to retry immediately.,1.0,3.0,False,2026-08-23 12:23:06,retry_now,failed,0.0,Too many requests,2026-08-21T14:14:49.114720+00:00
pay_a5da5901405d4b,order_410506b6244a49,21593.98,INR,card,BAD_REQUEST_ERROR,insufficient_funds,Payment failed due to insufficient funds in the customer's account.,cust_0055,2026-07-24 12:05:14,failed,payment,retryable_with_delay,retryable_transient,0.688,retryable_transient,retry_now,Transient failure (network/gateway) — safe to retry immediately.,1.0,3.0,False,2026-08-23 12:23:06,retry_now,failed,0.0,Too many requests,2026-08-21T14:21:34.516973+00:00
pay_a5da5901405d4b,order_410506b6244a49,21593.98,INR,card,BAD_REQUEST_ERROR,insufficient_funds,Payment failed due to insufficient funds in the customer's account.,cust_0055,2026-07-24 12:05:14,failed,payment,retryable_with_delay,retryable_transient,0.688,retryable_transient,retry_now,Transient failure (network/gateway) — safe to retry immediately.,1.0,3.0,False,2026-08-23 12:23:06,retry_now,failed,0.0,Too many requests,2026-08-22T16:46:23.827213+00:00
pay_a5da5901405d4b,order_410506b6244a49,21593.98,INR,card,BAD_REQUEST_ERROR,insufficient_funds,Payment failed due to insufficient funds in the customer's account.,cust_0055,2026-07-24 12:05:14,failed,payment,retryable_with_delay,retryable_transient,0.688,retryable_transient,retry_now,Transient failure (network/gateway) — safe to retry immediately.,1.0,3.0,False,2026-08-23 12:23:06,retry_now,failed,0.0,Too many requests,2026-08-22T16:46:39.389420+00:00
pay_7583fb49df2e43,order_4ce9b596e6a542,21461.14,INR,card,BAD_REQUEST_ERROR,payment_cancelled,The customer cancelled the payment/checkout before completion.,cust_0049,2026-07-24 12:10:02,failed,payment,abandoned_checkout,abandoned_checkout,0.366,escalate_human,escalate_human,Model confidence 0.37 below threshold 0.55 — cannot safely act on this diagnosis.,1.0,0.0,True,,escalate_human,skipped,0.0,"routed to human review, no automated action taken",2026-08-21T13:50:16.526798+00:00
pay_7583fb49df2e43,order_4ce9b596e6a542,21461.14,INR,card,BAD_REQUEST_ERROR,payment_cancelled,The customer cancelled the payment/checkout before completion.,cust_0049,2026-07-24 12:10:02,failed,payment,abandoned_checkout,abandoned_checkout,0.366,escalate_human,escalate_human,Model confidence 0.37 below threshold 0.55 — cannot safely act on this diagnosis.,1.0,0.0,True,,escalate_human,skipped,0.0,"routed to human review, no automated action taken",2026-08-21T13:58:24.487088+00:00
pay_7583fb49df2e43,order_4ce9b596e6a542,21461.14,INR,card,BAD_REQUEST_ERROR,payment_cancelled,The customer cancelled the payment/checkout before completion.,cust_0049,2026-07-24 12:10:02,failed,payment,abandoned_checkout,abandoned_checkout,0.366,escalate_human,escalate_human,Model confidence 0.37 below threshold 0.55 — cannot safely act on this diagnosis.,1.0,0.0,True,,escalate_human,skipped,0.0,"routed to human review, no automated action taken",2026-08-21T13:58:35.524538+00:00
pay_7583fb49df2e43,order_4ce9b596e6a542,21461.14,INR,card,BAD_REQUEST_ERROR,payment_cancelled,The customer cancelled the payment/checkout before completion.,cust_0049,2026-07-24 12:10:02,failed,payment,abandoned_checkout,abandoned_checkout,0.366,escalate_human,escalate_human,Model confidence 0.37 below threshold 0.55 — cannot safely act on this diagnosis.,1.0,0.0,True,,escalate_human,skipped,0.0,"routed to human review, no automated action taken",2026-08-21T14:00:46.753968+00:00
pay_7583fb49df2e43,order_4ce9b596e6a542,21461.14,INR,card,BAD_REQUEST_ERROR,payment_cancelled,The customer cancelled the payment/checkout before completion.,cust_0049,2026-07-24 12:10:02,failed,payment,abandoned_checkout,abandoned_checkout,0.366,escalate_human,escalate_human,Model confidence 0.37 below threshold 0.55 — cannot safely act on this diagnosis.,1.0,0.0,True,,escalate_human,skipped,0.0,Escalated to human review,2026-08-21T14:14:49.116823+00:00
pay_7583fb49df2e43,order_4ce9b596e6a542,21461.14,INR,card,BAD_REQUEST_ERROR,payment_cancelled,The customer cancelled the payment/checkout before completion.,cust_0049,2026-07-24 12:10:02,failed,payment,abandoned_checkout,abandoned_checkout,0.366,escalate_human,escalate_human,Model confidence 0.37 below threshold 0.55 — cannot safely act on this diagnosis.,1.0,0.0,True,,escalate_human,skipped,0.0,Escalated to human review,2026-08-21T14:21:34.522535+00:00
pay_7583fb49df2e43,order_4ce9b596e6a542,21461.14,INR,card,BAD_REQUEST_ERROR,payment_cancelled,The customer cancelled the payment/checkout before completion.,cust_0049,2026-07-24 12:10:02,failed,payment,abandoned_checkout,abandoned_checkout,0.366,escalate_human,escalate_human,Model confidence 0.37 below threshold 0.55 — cannot safely act on this diagnosis.,1.0,0.0,True,,escalate_human,skipped,0.0,"routed to human review, no automated action taken",2026-08-22T16:46:23.831137+00:00
pay_7583fb49df2e43,order_4ce9b596e6a542,21461.14,INR,card,BAD_REQUEST_ERROR,payment_cancelled,The customer cancelled the payment/checkout before completion.,cust_0049,2026-07-24 12:10:02,failed,payment,abandoned_checkout,abandoned_checkout,0.366,escalate_human,escalate_human,Model confidence 0.37 below threshold 0.55 — cannot safely act on this diagnosis.,1.0,0.0,True,,escalate_human,skipped,0.0,Escalated to human review,2026-08-22T16:46:39.393791+00:00
pay_c435a704261a49,order_7d18f24f725841,11548.23,INR,card,BAD_REQUEST_ERROR,payment_cancelled,The customer cancelled the payment/checkout before completion.,cust_0025,2026-07-24 12:11:24,failed,payment,abandoned_checkout,retryable_transient,0.96,retryable_transient,retry_now,Transient failure (network/gateway) — safe to retry immediately.,1.0,3.0,False,2026-08-23 12:23:06,retry_now,failed,0.0,Too many requests,2026-08-21T13:50:16.601343+00:00
pay_c435a704261a49,order_7d18f24f725841,11548.23,INR,card,BAD_REQUEST_ERROR,payment_cancelled,The customer cancelled the payment/checkout before completion.,cust_0025,2026-07-24 12:11:24,failed,payment,abandoned_checkout,retryable_transient,0.96,retryable_transient,retry_now,Transient failure (network/gateway) — safe to retry immediately.,1.0,3.0,False,2026-08-23 12:23:06,retry_now,failed,0.0,Too many requests,2026-08-21T13:58:24.559314+00:00
pay_c435a704261a49,order_7d18f24f725841,11548.23,INR,card,BAD_REQUEST_ERROR,payment_cancelled,The customer cancelled the payment/checkout before completion.,cust_0025,2026-07-24 12:11:24,failed,payment,abandoned_checkout,retryable_transient,0.96,retryable_transient,retry_now,Transient failure (network/gateway) — safe to retry immediately.,1.0,3.0,False,2026-08-23 12:23:06,retry_now,failed,0.0,Too many requests,2026-08-21T13:58:35.599897+00:00
pay_c435a704261a49,order_7d18f24f725841,11548.23,INR,card,BAD_REQUEST_ERROR,payment_cancelled,The customer cancelled the payment/checkout before completion.,cust_0025,2026-07-24 12:11:24,failed,payment,abandoned_checkout,retryable_transient,0.96,retryable_transient,retry_now,Transient failure (network/gateway) — safe to retry immediately.,1.0,3.0,False,2026-08-23 12:23:06,retry_now,failed,0.0,Too many requests,2026-08-21T14:00:46.841564+00:00
pay_c435a704261a49,order_7d18f24f725841,11548.23,INR,card,BAD_REQUEST_ERROR,payment_cancelled,The customer cancelled the payment/checkout before completion.,cust_0025,2026-07-24 12:11:24,failed,payment,abandoned_checkout,retryable_transient,0.96,retryable_transient,retry_now,Transient failure (network/gateway) — safe to retry immediately.,1.0,3.0,False,2026-08-23 12:23:06,retry_now,failed,0.0,Too many requests,2026-08-21T14:14:49.194619+00:00
pay_c435a704261a49,order_7d18f24f725841,11548.23,INR,card,BAD_REQUEST_ERROR,payment_cancelled,The customer cancelled the payment/checkout before completion.,cust_0025,2026-07-24 12:11:24,failed,payment,abandoned_checkout,retryable_transient,0.96,retryable_transient,retry_now,Transient failure (network/gateway) — safe to retry immediately.,1.0,3.0,False,2026-08-23 12:23:06,retry_now,failed,0.0,Too many requests,2026-08-21T14:21:35.708582+00:00
pay_c435a704261a49,order_7d18f24f725841,11548.23,INR,card,BAD_REQUEST_ERROR,payment_cancelled,The customer cancelled the payment/checkout before completion.,cust_0025,2026-07-24 12:11:24,failed,payment,abandoned_checkout,retryable_transient,0.96,retryable_transient,retry_now,Transient failure (network/gateway) — safe to retry immediately.,1.0,3.0,False,2026-08-23 12:23:06,retry_now,failed,0.0,Too many requests,2026-08-22T16:46:23.907118+00:00
pay_c435a704261a49,order_7d18f24f725841,11548.23,INR,card,BAD_REQUEST_ERROR,payment_cancelled,The customer cancelled the payment/checkout before completion.,cust_0025,2026-07-24 12:11:24,failed,payment,abandoned_checkout,retryable_transient,0.96,retryable_transient,retry_now,Transient failure (network/gateway) — safe to retry immediately.,1.0,3.0,False,2026-08-23 12:23:06,retry_now,failed,0.0,Too many requests,2026-08-22T16:46:40.493568+00:00
pay_ec6ba30d08db4d,order_9d77d763728a45,5953.66,INR,card,BAD_REQUEST_ERROR,card_declined,The card was declined by the issuing bank.,cust_0076,2026-07-24 12:44:23,failed,payment,non_retryable,non_retryable,0.435,escalate_human,escalate_human,Model confidence 0.44 below threshold 0.55 — cannot safely act on this diagnosis.,1.0,0.0,True,,escalate_human,skipped,0.0,"routed to human review, no automated action taken",2026-08-21T13:50:16.605191+00:00
pay_ec6ba30d08db4d,order_9d77d763728a45,5953.66,INR,card,BAD_REQUEST_ERROR,card_declined,The card was declined by the issuing bank.,cust_0076,2026-07-24 12:44:23,failed,payment,non_retryable,non_retryable,0.435,escalate_human,escalate_human,Model confidence 0.44 below threshold 0.55 — cannot safely act on this diagnosis.,1.0,0.0,True,,escalate_human,skipped,0.0,"routed to human review, no automated action taken",2026-08-21T13:58:24.563144+00:00
pay_ec6ba30d08db4d,order_9d77d763728a45,5953.66,INR,card,BAD_REQUEST_ERROR,card_declined,The card was declined by the issuing bank.,cust_0076,2026-07-24 12:44:23,failed,payment,non_retryable,non_retryable,0.435,escalate_human,escalate_human,Model confidence 0.44 below threshold 0.55 — cannot safely act on this diagnosis.,1.0,0.0,True,,escalate_human,skipped,0.0,"routed to human review, no automated action taken",2026-08-21T13:58:35.602577+00:00
pay_ec6ba30d08db4d,order_9d77d763728a45,5953.66,INR,card,BAD_REQUEST_ERROR,card_declined,The card was declined by the issuing bank.,cust_0076,2026-07-24 12:44:23,failed,payment,non_retryable,non_retryable,0.435,escalate_human,escalate_human,Model confidence 0.44 below threshold 0.55 — cannot safely act on this diagnosis.,1.0,0.0,True,,escalate_human,skipped,0.0,"routed to human review, no automated action taken",2026-08-21T14:00:46.845625+00:00
pay_ec6ba30d08db4d,order_9d77d763728a45,5953.66,INR,card,BAD_REQUEST_ERROR,card_declined,The card was declined by the issuing bank.,cust_0076,2026-07-24 12:44:23,failed,payment,non_retryable,non_retryable,0.435,escalate_human,escalate_human,Model confidence 0.44 below threshold 0.55 — cannot safely act on this diagnosis.,1.0,0.0,True,,escalate_human,skipped,0.0,Escalated to human review,2026-08-21T14:14:49.196991+00:00
pay_ec6ba30d08db4d,order_9d77d763728a45,5953.66,INR,card,BAD_REQUEST_ERROR,card_declined,The card was declined by the issuing bank.,cust_0076,2026-07-24 12:44:23,failed,payment,non_retryable,non_retryable,0.435,escalate_human,escalate_human,Model confidence 0.44 below threshold 0.55 — cannot safely act on this diagnosis.,1.0,0.0,True,,escalate_human,skipped,0.0,Escalated to human review,2026-08-21T14:21:35.711511+00:00
pay_ec6ba30d08db4d,order_9d77d763728a45,5953.66,INR,card,BAD_REQUEST_ERROR,card_declined,The card was declined by the issuing bank.,cust_0076,2026-07-24 12:44:23,failed,payment,non_retryable,non_retryable,0.435,escalate_human,escalate_human,Model confidence 0.44 below threshold 0.55 — cannot safely act on this diagnosis.,1.0,0.0,True,,escalate_human,skipped,0.0,"routed to human review, no automated action taken",2026-08-22T16:46:23.912603+00:00
pay_ec6ba30d08db4d,order_9d77d763728a45,5953.66,INR,card,BAD_REQUEST_ERROR,card_declined,The card was declined by the issuing bank.,cust_0076,2026-07-24 12:44:23,failed,payment,non_retryable,non_retryable,0.435,escalate_human,escalate_human,Model confidence 0.44 below threshold 0.55 — cannot safely act on this diagnosis.,1.0,0.0,True,,escalate_human,skipped,0.0,Escalated to human review,2026-08-22T16:46:40.497888+00:00
pay_19943116b8314c,order_3eb832104a0049,11407.87,INR,card,BAD_REQUEST_ERROR,otp_timeout,The OTP was not entered within the allowed time.,cust_0084,2026-07-24 16:52:01,failed,payment,retryable_transient,non_retryable,0.4,escalate_human,escalate_human,Model confidence 0.40 below threshold 0.55 — cannot safely act on this diagnosis.,1.0,0.0,True,,escalate_human,skipped,0.0,"routed to human review, no automated action taken",2026-08-21T13:50:16.610845+00:00
pay_19943116b8314c,order_3eb832104a0049,11407.87,INR,card,BAD_REQUEST_ERROR,otp_timeout,The OTP was not entered within the allowed time.,cust_0084,2026-07-24 16:52:01,failed,payment,retryable_transient,non_retryable,0.4,escalate_human,escalate_human,Model confidence 0.40 below threshold 0.55 — cannot safely act on this diagnosis.,1.0,0.0,True,,escalate_human,skipped,0.0,"routed to human review, no automated action taken",2026-08-21T13:58:24.566402+00:00
pay_19943116b8314c,order_3eb832104a0049,11407.87,INR,card,BAD_REQUEST_ERROR,otp_timeout,The OTP was not entered within the allowed time.,cust_0084,2026-07-24 16:52:01,failed,payment,retryable_transient,non_retryable,0.4,escalate_human,escalate_human,Model confidence 0.40 below threshold 0.55 — cannot safely act on this diagnosis.,1.0,0.0,True,,escalate_human,skipped,0.0,"routed to human review, no automated action taken",2026-08-21T13:58:35.605500+00:00
pay_19943116b8314c,order_3eb832104a0049,11407.87,INR,card,BAD_REQUEST_ERROR,otp_timeout,The OTP was not entered within the allowed time.,cust_0084,2026-07-24 16:52:01,failed,payment,retryable_transient,non_retryable,0.4,escalate_human,escalate_human,Model confidence 0.40 below threshold 0.55 — cannot safely act on this diagnosis.,1.0,0.0,True,,escalate_human,skipped,0.0,"routed to human review, no automated action taken",2026-08-21T14:00:46.849946+00:00
pay_19943116b8314c,order_3eb832104a0049,11407.87,INR,card,BAD_REQUEST_ERROR,otp_timeout,The OTP was not entered within the allowed time.,cust_0084,2026-07-24 16:52:01,failed,payment,retryable_transient,non_retryable,0.4,escalate_human,escalate_human,Model confidence 0.40 below threshold 0.55 — cannot safely act on this diagnosis.,1.0,0.0,True,,escalate_human,skipped,0.0,Escalated to human review,2026-08-21T14:14:49.199442+00:00
pay_19943116b8314c,order_3eb832104a0049,11407.87,INR,card,BAD_REQUEST_ERROR,otp_timeout,The OTP was not entered within the allowed time.,cust_0084,2026-07-24 16:52:01,failed,payment,retryable_transient,non_retryable,0.4,escalate_human,escalate_human,Model confidence 0.40 below threshold 0.55 — cannot safely act on this diagnosis.,1.0,0.0,True,,escalate_human,skipped,0.0,Escalated to human review,2026-08-21T14:21:35.714155+00:00
pay_19943116b8314c,order_3eb832104a0049,11407.87,INR,card,BAD_REQUEST_ERROR,otp_timeout,The OTP was not entered within the allowed time.,cust_0084,2026-07-24 16:52:01,failed,payment,retryable_transient,non_retryable,0.4,escalate_human,escalate_human,Model confidence 0.40 below threshold 0.55 — cannot safely act on this diagnosis.,1.0,0.0,True,,escalate_human,skipped,0.0,"routed to human review, no automated action taken",2026-08-22T16:46:23.916177+00:00
pay_19943116b8314c,order_3eb832104a0049,11407.87,INR,card,BAD_REQUEST_ERROR,otp_timeout,The OTP was not entered within the allowed time.,cust_0084,2026-07-24 16:52:01,failed,payment,retryable_transient,non_retryable,0.4,escalate_human,escalate_human,Model confidence 0.40 below threshold 0.55 — cannot safely act on this diagnosis.,1.0,0.0,True,,escalate_human,skipped,0.0,Escalated to human review,2026-08-22T16:46:40.500341+00:00
pay_99ef3457f10941,order_ddbbb502bd2446,7553.67,INR,emandate,BAD_REQUEST_ERROR,mandate_not_approved,The e-mandate registration was not approved in time by the customer.,cust_0079,2026-07-24 18:58:20,failed,subscription,retryable_with_delay,retryable_with_delay,0.69,retryable_with_delay,retry_later,Likely insufficient funds — retrying after a cooldown window improves success odds.,1.0,2.0,False,2026-08-24 11:53:06,retry_later,skipped,0.0,'retry_later' not yet automated - needs a scheduler/notifier,2026-08-21T13:50:16.614955+00:00
pay_99ef3457f10941,order_ddbbb502bd2446,7553.67,INR,emandate,BAD_REQUEST_ERROR,mandate_not_approved,The e-mandate registration was not approved in time by the customer.,cust_0079,2026-07-24 18:58:20,failed,subscription,retryable_with_delay,retryable_with_delay,0.69,retryable_with_delay,retry_later,Likely insufficient funds — retrying after a cooldown window improves success odds.,1.0,2.0,False,2026-08-24 11:53:06,retry_later,skipped,0.0,'retry_later' not yet automated - needs a scheduler/notifier,2026-08-21T13:58:24.569361+00:00
pay_99ef3457f10941,order_ddbbb502bd2446,7553.67,INR,emandate,BAD_REQUEST_ERROR,mandate_not_approved,The e-mandate registration was not approved in time by the customer.,cust_0079,2026-07-24 18:58:20,failed,subscription,retryable_with_delay,retryable_with_delay,0.69,retryable_with_delay,retry_later,Likely insufficient funds — retrying after a cooldown window improves success odds.,1.0,2.0,False,2026-08-24 11:53:06,retry_later,skipped,0.0,'retry_later' not yet automated - needs a scheduler/notifier,2026-08-21T13:58:35.607398+00:00
pay_99ef3457f10941,order_ddbbb502bd2446,7553.67,INR,emandate,BAD_REQUEST_ERROR,mandate_not_approved,The e-mandate registration was not approved in time by the customer.,cust_0079,2026-07-24 18:58:20,failed,subscription,retryable_with_delay,retryable_with_delay,0.69,retryable_with_delay,retry_later,Likely insufficient funds — retrying after a cooldown window improves success odds.,1.0,2.0,False,2026-08-24 11:53:06,retry_later,skipped,0.0,'retry_later' not yet automated - needs a scheduler/notifier,2026-08-21T14:00:46.853778+00:00
pay_99ef3457f10941,order_ddbbb502bd2446,7553.67,INR,emandate,BAD_REQUEST_ERROR,mandate_not_approved,The e-mandate registration was not approved in time by the customer.,cust_0079,2026-07-24 18:58:20,failed,subscription,retryable_with_delay,retryable_with_delay,0.69,retryable_with_delay,retry_later,Likely insufficient funds — retrying after a cooldown window improves success odds.,1.0,2.0,False,2026-08-24 11:53:06,retry_later,skipped,0.0,retry_later not automated yet; scheduler required,2026-08-21T14:14:49.201437+00:00
pay_99ef3457f10941,order_ddbbb502bd2446,7553.67,INR,emandate,BAD_REQUEST_ERROR,mandate_not_approved,The e-mandate registration was not approved in time by the customer.,cust_0079,2026-07-24 18:58:20,failed,subscription,retryable_with_delay,retryable_with_delay,0.69,retryable_with_delay,retry_later,Likely insufficient funds — retrying after a cooldown window improves success odds.,1.0,2.0,False,2026-08-24 11:53:06,retry_later,skipped,0.0,retry_later not automated yet; scheduler required,2026-08-21T14:21:35.716897+00:00
pay_99ef3457f10941,order_ddbbb502bd2446,7553.67,INR,emandate,BAD_REQUEST_ERROR,mandate_not_approved,The e-mandate registration was not approved in time by the customer.,cust_0079,2026-07-24 18:58:20,failed,subscription,retryable_with_delay,retryable_with_delay,0.69,retryable_with_delay,retry_later,Likely insufficient funds — retrying after a cooldown window improves success odds.,1.0,2.0,False,2026-08-24 11:53:06,retry_later,skipped,0.0,'retry_later' not yet automated - needs a scheduler/notifier,2026-08-22T16:46:23.923974+00:00
pay_99ef3457f10941,order_ddbbb502bd2446,7553.67,INR,emandate,BAD_REQUEST_ERROR,mandate_not_approved,The e-mandate registration was not approved in time by the customer.,cust_0079,2026-07-24 18:58:20,failed,subscription,retryable_with_delay,retryable_with_delay,0.69,retryable_with_delay,retry_later,Likely insufficient funds — retrying after a cooldown window improves success odds.,1.0,2.0,False,2026-08-24 11:53:06,retry_later,skipped,0.0,retry_later not automated yet; scheduler required,2026-08-22T16:46:40.502160+00:00
pay_bc0789d5882c4c,order_dd0c2eff0a5b42,6115.66,INR,upi,BAD_REQUEST_ERROR,insufficient_funds,Payment failed due to insufficient funds in the customer's account.,cust_0032,2026-07-24 19:10:31,failed,payment,retryable_with_delay,non_retryable,0.54,escalate_human,escalate_human,Model confidence 0.54 below threshold 0.55 — cannot safely act on this diagnosis.,1.0,0.0,True,,escalate_human,skipped,0.0,"routed to human review, no automated action taken",2026-08-21T13:50:16.618222+00:00
pay_bc0789d5882c4c,order_dd0c2eff0a5b42,6115.66,INR,upi,BAD_REQUEST_ERROR,insufficient_funds,Payment failed due to insufficient funds in the customer's account.,cust_0032,2026-07-24 19:10:31,failed,payment,retryable_with_delay,non_retryable,0.54,escalate_human,escalate_human,Model confidence 0.54 below threshold 0.55 — cannot safely act on this diagnosis.,1.0,0.0,True,,escalate_human,skipped,0.0,"routed to human review, no automated action taken",2026-08-21T13:58:24.572245+00:00
pay_bc0789d5882c4c,order_dd0c2eff0a5b42,6115.66,INR,upi,BAD_REQUEST_ERROR,insufficient_funds,Payment failed due to insufficient funds in the customer's account.,cust_0032,2026-07-24 19:10:31,failed,payment,retryable_with_delay,non_retryable,0.54,escalate_human,escalate_human,Model confidence 0.54 below threshold 0.55 — cannot safely act on this diagnosis.,1.0,0.0,True,,escalate_human,skipped,0.0,"routed to human review, no automated action taken",2026-08-21T13:58:35.609177+00:00
pay_bc0789d5882c4c,order_dd0c2eff0a5b42,6115.66,INR,upi,BAD_REQUEST_ERROR,insufficient_funds,Payment failed due to insufficient funds in the customer's account.,cust_0032,2026-07-24 19:10:31,failed,payment,retryable_with_delay,non_retryable,0.54,escalate_human,escalate_human,Model confidence 0.54 below threshold 0.55 — cannot safely act on this diagnosis.,1.0,0.0,True,,escalate_human,skipped,0.0,"routed to human review, no automated action taken",2026-08-21T14:00:46.858489+00:00
pay_bc0789d5882c4c,order_dd0c2eff0a5b42,6115.66,INR,upi,BAD_REQUEST_ERROR,insufficient_funds,Payment failed due to insufficient funds in the customer's account.,cust_0032,2026-07-24 19:10:31,failed,payment,retryable_with_delay,non_retryable,0.54,escalate_human,escalate_human,Model confidence 0.54 below threshold 0.55 — cannot safely act on this diagnosis.,1.0,0.0,True,,escalate_human,skipped,0.0,Escalated to human review,2026-08-21T14:14:49.203003+00:00
pay_bc0789d5882c4c,order_dd0c2eff0a5b42,6115.66,INR,upi,BAD_REQUEST_ERROR,insufficient_funds,Payment failed due to insufficient funds in the customer's account.,cust_0032,2026-07-24 19:10:31,failed,payment,retryable_with_delay,non_retryable,0.54,escalate_human,escalate_human,Model confidence 0.54 below threshold 0.55 — cannot safely act on this diagnosis.,1.0,0.0,True,,escalate_human,skipped,0.0,Escalated to human review,2026-08-21T14:21:35.721075+00:00
pay_bc0789d5882c4c,order_dd0c2eff0a5b42,6115.66,INR,upi,BAD_REQUEST_ERROR,insufficient_funds,Payment failed due to insufficient funds in the customer's account.,cust_0032,2026-07-24 19:10:31,failed,payment,retryable_with_delay,non_retryable,0.54,escalate_human,escalate_human,Model confidence 0.54 below threshold 0.55 — cannot safely act on this diagnosis.,1.0,0.0,True,,escalate_human,skipped,0.0,"routed to human review, no automated action taken",2026-08-22T16:46:23.927238+00:00
pay_bc0789d5882c4c,order_dd0c2eff0a5b42,6115.66,INR,upi,BAD_REQUEST_ERROR,insufficient_funds,Payment failed due to insufficient funds in the customer's account.,cust_0032,2026-07-24 19:10:31,failed,payment,retryable_with_delay,non_retryable,0.54,escalate_human,escalate_human,Model confidence 0.54 below threshold 0.55 — cannot safely act on this diagnosis.,1.0,0.0,True,,escalate_human,skipped,0.0,Escalated to human review,2026-08-22T16:46:40.504727+00:00
pay_2dd9b14cbcae4c,order_856a228b2c8b4b,29954.68,INR,netbanking,BAD_REQUEST_ERROR,insufficient_funds,Payment failed due to insufficient funds in the customer's account.,cust_0118,2026-07-24 19:43:15,failed,payment,retryable_with_delay,retryable_with_delay,0.573,retryable_with_delay,retry_later,Likely insufficient funds — retrying after a cooldown window improves success odds.,1.0,2.0,False,2026-08-24 11:53:06,retry_later,skipped,0.0,'retry_later' not yet automated - needs a scheduler/notifier,2026-08-21T13:50:16.621406+00:00
pay_2dd9b14cbcae4c,order_856a228b2c8b4b,29954.68,INR,netbanking,BAD_REQUEST_ERROR,insufficient_funds,Payment failed due to insufficient funds in the customer's account.,cust_0118,2026-07-24 19:43:15,failed,payment,retryable_with_delay,retryable_with_delay,0.573,retryable_with_delay,retry_later,Likely insufficient funds — retrying after a cooldown window improves success odds.,1.0,2.0,False,2026-08-24 11:53:06,retry_later,skipped,0.0,'retry_later' not yet automated - needs a scheduler/notifier,2026-08-21T13:58:24.575539+00:00
pay_2dd9b14cbcae4c,order_856a228b2c8b4b,29954.68,INR,netbanking,BAD_REQUEST_ERROR,insufficient_funds,Payment failed due to insufficient funds in the customer's account.,cust_0118,2026-07-24 19:43:15,failed,payment,retryable_with_delay,retryable_with_delay,0.573,retryable_with_delay,retry_later,Likely insufficient funds — retrying after a cooldown window improves success odds.,1.0,2.0,False,2026-08-24 11:53:06,retry_later,skipped,0.0,'retry_later' not yet automated - needs a scheduler/notifier,2026-08-21T13:58:35.612229+00:00
pay_2dd9b14cbcae4c,order_856a228b2c8b4b,29954.68,INR,netbanking,BAD_REQUEST_ERROR,insufficient_funds,Payment failed due to insufficient funds in the customer's account.,cust_0118,2026-07-24 19:43:15,failed,payment,retryable_with_delay,retryable_with_delay,0.573,retryable_with_delay,retry_later,Likely insufficient funds — retrying after a cooldown window improves success odds.,1.0,2.0,False,2026-08-24 11:53:06,retry_later,skipped,0.0,'retry_later' not yet automated - needs a scheduler/notifier,2026-08-21T14:00:46.863808+00:00
pay_2dd9b14cbcae4c,order_856a228b2c8b4b,29954.68,INR,netbanking,BAD_REQUEST_ERROR,insufficient_funds,Payment failed due to insufficient funds in the customer's account.,cust_0118,2026-07-24 19:43:15,failed,payment,retryable_with_delay,retryable_with_delay,0.573,retryable_with_delay,retry_later,Likely insufficient funds — retrying after a cooldown window improves success odds.,1.0,2.0,False,2026-08-24 11:53:06,retry_later,skipped,0.0,retry_later not automated yet; scheduler required,2026-08-21T14:14:49.205104+00:00
pay_2dd9b14cbcae4c,order_856a228b2c8b4b,29954.68,INR,netbanking,BAD_REQUEST_ERROR,insufficient_funds,Payment failed due to insufficient funds in the customer's account.,cust_0118,2026-07-24 19:43:15,failed,payment,retryable_with_delay,retryable_with_delay,0.573,retryable_with_delay,retry_later,Likely insufficient funds — retrying after a cooldown window improves success odds.,1.0,2.0,False,2026-08-24 11:53:06,retry_later,skipped,0.0,retry_later not automated yet; scheduler required,2026-08-21T14:21:35.723487+00:00
pay_2dd9b14cbcae4c,order_856a228b2c8b4b,29954.68,INR,netbanking,BAD_REQUEST_ERROR,insufficient_funds,Payment failed due to insufficient funds in the customer's account.,cust_0118,2026-07-24 19:43:15,failed,payment,retryable_with_delay,retryable_with_delay,0.573,retryable_with_delay,retry_later,Likely insufficient funds — retrying after a cooldown window improves success odds.,1.0,2.0,False,2026-08-24 11:53:06,retry_later,skipped,0.0,'retry_later' not yet automated - needs a scheduler/notifier,2026-08-22T16:46:23.933622+00:00
pay_2dd9b14cbcae4c,order_856a228b2c8b4b,29954.68,INR,netbanking,BAD_REQUEST_ERROR,insufficient_funds,Payment failed due to insufficient funds in the customer's account.,cust_0118,2026-07-24 19:43:15,failed,payment,retryable_with_delay,retryable_with_delay,0.573,retryable_with_delay,retry_later,Likely insufficient funds — retrying after a cooldown window improves success odds.,1.0,2.0,False,2026-08-24 11:53:06,retry_later,skipped,0.0,retry_later not automated yet; scheduler required,2026-08-22T16:46:40.508101+00:00
pay_6789e50f332e45,order_6b7496dd332444,1407.95,INR,wallet,BAD_REQUEST_ERROR,payment_cancelled,The customer cancelled the payment/checkout before completion.,cust_0111,2026-07-24 23:32:24,failed,payment,abandoned_checkout,non_retryable,0.555,escalate_human,escalate_human,Max retry attempts (0) reached for bucket 'non_retryable' — stopping and escalating.,1.0,0.0,True,,escalate_human,skipped,0.0,"routed to human review, no automated action taken",2026-08-21T13:50:16.625926+00:00
pay_6789e50f332e45,order_6b7496dd332444,1407.95,INR,wallet,BAD_REQUEST_ERROR,payment_cancelled,The customer cancelled the payment/checkout before completion.,cust_0111,2026-07-24 23:32:24,failed,payment,abandoned_checkout,non_retryable,0.555,escalate_human,escalate_human,Max retry attempts (0) reached for bucket 'non_retryable' — stopping and escalating.,1.0,0.0,True,,escalate_human,skipped,0.0,"routed to human review, no automated action taken",2026-08-21T13:58:24.581025+00:00
pay_6789e50f332e45,order_6b7496dd332444,1407.95,INR,wallet,BAD_REQUEST_ERROR,payment_cancelled,The customer cancelled the payment/checkout before completion.,cust_0111,2026-07-24 23:32:24,failed,payment,abandoned_checkout,non_retryable,0.555,escalate_human,escalate_human,Max retry attempts (0) reached for bucket 'non_retryable' — stopping and escalating.,1.0,0.0,True,,escalate_human,skipped,0.0,"routed to human review, no automated action taken",2026-08-21T13:58:35.614644+00:00
pay_6789e50f332e45,order_6b7496dd332444,1407.95,INR,wallet,BAD_REQUEST_ERROR,payment_cancelled,The customer cancelled the payment/checkout before completion.,cust_0111,2026-07-24 23:32:24,failed,payment,abandoned_checkout,non_retryable,0.555,escalate_human,escalate_human,Max retry attempts (0) reached for bucket 'non_retryable' — stopping and escalating.,1.0,0.0,True,,escalate_human,skipped,0.0,"routed to human review, no automated action taken",2026-08-21T14:00:46.866601+00:00
pay_6789e50f332e45,order_6b7496dd332444,1407.95,INR,wallet,BAD_REQUEST_ERROR,payment_cancelled,The customer cancelled the payment/checkout before completion.,cust_0111,2026-07-24 23:32:24,failed,payment,abandoned_checkout,non_retryable,0.555,escalate_human,escalate_human,Max retry attempts (0) reached for bucket 'non_retryable' — stopping and escalating.,1.0,0.0,True,,escalate_human,skipped,0.0,Escalated to human review,2026-08-21T14:14:49.206924+00:00
pay_6789e50f332e45,order_6b7496dd332444,1407.95,INR,wallet,BAD_REQUEST_ERROR,payment_cancelled,The customer cancelled the payment/checkout before completion.,cust_0111,2026-07-24 23:32:24,failed,payment,abandoned_checkout,non_retryable,0.555,escalate_human,escalate_human,Max retry attempts (0) reached for bucket 'non_retryable' — stopping and escalating.,1.0,0.0,True,,escalate_human,skipped,0.0,Escalated to human review,2026-08-21T14:21:35.725686+00:00
pay_6789e50f332e45,order_6b7496dd332444,1407.95,INR,wallet,BAD_REQUEST_ERROR,payment_cancelled,The customer cancelled the payment/checkout before completion.,cust_0111,2026-07-24 23:32:24,failed,payment,abandoned_checkout,non_retryable,0.555,escalate_human,escalate_human,Max retry attempts (0) reached for bucket 'non_retryable' — stopping and escalating.,1.0,0.0,True,,escalate_human,skipped,0.0,"routed to human review, no automated action taken",2026-08-22T16:46:23.937386+00:00
pay_6789e50f332e45,order_6b7496dd332444,1407.95,INR,wallet,BAD_REQUEST_ERROR,payment_cancelled,The customer cancelled the payment/checkout before completion.,cust_0111,2026-07-24 23:32:24,failed,payment,abandoned_checkout,non_retryable,0.555,escalate_human,escalate_human,Max retry attempts (0) reached for bucket 'non_retryable' — stopping and escalating.,1.0,0.0,True,,escalate_human,skipped,0.0,Escalated to human review,2026-08-22T16:46:40.510097+00:00
pay_f1d67ea4b2d040,order_7453e5c7aa7241,14833.42,INR,upi,SERVER_ERROR,internal_server_error,An internal server error occurred while processing the payment.,cust_0027,2026-07-25 01:06:51,failed,payment,retryable_transient,non_retryable,0.646,escalate_human,escalate_human,Max retry attempts (0) reached for bucket 'non_retryable' — stopping and escalating.,1.0,0.0,True,,escalate_human,skipped,0.0,"routed to human review, no automated action taken",2026-08-21T13:50:16.629734+00:00
pay_f1d67ea4b2d040,order_7453e5c7aa7241,14833.42,INR,upi,SERVER_ERROR,internal_server_error,An internal server error occurred while processing the payment.,cust_0027,2026-07-25 01:06:51,failed,payment,retryable_transient,non_retryable,0.646,escalate_human,escalate_human,Max retry attempts (0) reached for bucket 'non_retryable' — stopping and escalating.,1.0,0.0,True,,escalate_human,skipped,0.0,"routed to human review, no automated action taken",2026-08-21T13:58:24.584331+00:00
pay_f1d67ea4b2d040,order_7453e5c7aa7241,14833.42,INR,upi,SERVER_ERROR,internal_server_error,An internal server error occurred while processing the payment.,cust_0027,2026-07-25 01:06:51,failed,payment,retryable_transient,non_retryable,0.646,escalate_human,escalate_human,Max retry attempts (0) reached for bucket 'non_retryable' — stopping and escalating.,1.0,0.0,True,,escalate_human,skipped,0.0,"routed to human review, no automated action taken",2026-08-21T13:58:35.616570+00:00
pay_f1d67ea4b2d040,order_7453e5c7aa7241,14833.42,INR,upi,SERVER_ERROR,internal_server_error,An internal server error occurred while processing the payment.,cust_0027,2026-07-25 01:06:51,failed,payment,retryable_transient,non_retryable,0.646,escalate_human,escalate_human,Max retry attempts (0) reached for bucket 'non_retryable' — stopping and escalating.,1.0,0.0,True,,escalate_human,skipped,0.0,"routed to human review, no automated action taken",2026-08-21T14:00:46.870139+00:00
pay_f1d67ea4b2d040,order_7453e5c7aa7241,14833.42,INR,upi,SERVER_ERROR,internal_server_error,An internal server error occurred while processing the payment.,cust_0027,2026-07-25 01:06:51,failed,payment,retryable_transient,non_retryable,0.646,escalate_human,escalate_human,Max retry attempts (0) reached for bucket 'non_retryable' — stopping and escalating.,1.0,0.0,True,,escalate_human,skipped,0.0,Escalated to human review,2026-08-21T14:14:49.208978+00:00
pay_f1d67ea4b2d040,order_7453e5c7aa7241,14833.42,INR,upi,SERVER_ERROR,internal_server_error,An internal server error occurred while processing the payment.,cust_0027,2026-07-25 01:06:51,failed,payment,retryable_transient,non_retryable,0.646,escalate_human,escalate_human,Max retry attempts (0) reached for bucket 'non_retryable' — stopping and escalating.,1.0,0.0,True,,escalate_human,skipped,0.0,Escalated to human review,2026-08-21T14:21:35.727541+00:00
pay_f1d67ea4b2d040,order_7453e5c7aa7241,14833.42,INR,upi,SERVER_ERROR,internal_server_error,An internal server error occurred while processing the payment.,cust_0027,2026-07-25 01:06:51,failed,payment,retryable_transient,non_retryable,0.646,escalate_human,escalate_human,Max retry attempts (0) reached for bucket 'non_retryable' — stopping and escalating.,1.0,0.0,True,,escalate_human,skipped,0.0,"routed to human review, no automated action taken",2026-08-22T16:46:23.941314+00:00
pay_f1d67ea4b2d040,order_7453e5c7aa7241,14833.42,INR,upi,SERVER_ERROR,internal_server_error,An internal server error occurred while processing the payment.,cust_0027,2026-07-25 01:06:51,failed,payment,retryable_transient,non_retryable,0.646,escalate_human,escalate_human,Max retry attempts (0) reached for bucket 'non_retryable' — stopping and escalating.,1.0,0.0,True,,escalate_human,skipped,0.0,Escalated to human review,2026-08-22T16:46:40.511879+00:00
pay_3b952fa41a6642,order_db670e59d7d04b,10248.57,INR,upi,GATEWAY_ERROR,bank_technical_error,A technical error occurred at the bank's end.,cust_0083,2026-07-25 01:12:52,failed,payment,retryable_transient,retryable_transient,0.796,retryable_transient,retry_now,Transient failure (network/gateway) — safe to retry immediately.,1.0,3.0,False,2026-08-23 12:23:06,retry_now,failed,0.0,Too many requests,2026-08-21T13:50:16.721566+00:00
pay_3b952fa41a6642,order_db670e59d7d04b,10248.57,INR,upi,GATEWAY_ERROR,bank_technical_error,A technical error occurred at the bank's end.,cust_0083,2026-07-25 01:12:52,failed,payment,retryable_transient,retryable_transient,0.796,retryable_transient,retry_now,Transient failure (network/gateway) — safe to retry immediately.,1.0,3.0,False,2026-08-23 12:23:06,retry_now,failed,0.0,Too many requests,2026-08-21T13:58:24.679236+00:00
pay_3b952fa41a6642,order_db670e59d7d04b,10248.57,INR,upi,GATEWAY_ERROR,bank_technical_error,A technical error occurred at the bank's end.,cust_0083,2026-07-25 01:12:52,failed,payment,retryable_transient,retryable_transient,0.796,retryable_transient,retry_now,Transient failure (network/gateway) — safe to retry immediately.,1.0,3.0,False,2026-08-23 12:23:06,retry_now,failed,0.0,Too many requests,2026-08-21T13:58:35.679775+00:00
pay_3b952fa41a6642,order_db670e59d7d04b,10248.57,INR,upi,GATEWAY_ERROR,bank_technical_error,A technical error occurred at the bank's end.,cust_0083,2026-07-25 01:12:52,failed,payment,retryable_transient,retryable_transient,0.796,retryable_transient,retry_now,Transient failure (network/gateway) — safe to retry immediately.,1.0,3.0,False,2026-08-23 12:23:06,retry_now,failed,0.0,Too many requests,2026-08-21T14:00:46.937827+00:00
pay_3b952fa41a6642,order_db670e59d7d04b,10248.57,INR,upi,GATEWAY_ERROR,bank_technical_error,A technical error occurred at the bank's end.,cust_0083,2026-07-25 01:12:52,failed,payment,retryable_transient,retryable_transient,0.796,retryable_transient,retry_now,Transient failure (network/gateway) — safe to retry immediately.,1.0,3.0,False,2026-08-23 12:23:06,retry_now,failed,0.0,Too many requests,2026-08-21T14:14:49.315189+00:00
pay_3b952fa41a6642,order_db670e59d7d04b,10248.57,INR,upi,GATEWAY_ERROR,bank_technical_error,A technical error occurred at the bank's end.,cust_0083,2026-07-25 01:12:52,failed,payment,retryable_transient,retryable_transient,0.796,retryable_transient,retry_now,Transient failure (network/gateway) — safe to retry immediately.,1.0,3.0,False,2026-08-23 12:23:06,retry_now,failed,0.0,Too many requests,2026-08-21T14:21:36.862446+00:00
pay_3b952fa41a6642,order_db670e59d7d04b,10248.57,INR,upi,GATEWAY_ERROR,bank_technical_error,A technical error occurred at the bank's end.,cust_0083,2026-07-25 01:12:52,failed,payment,retryable_transient,retryable_transient,0.796,retryable_transient,retry_now,Transient failure (network/gateway) — safe to retry immediately.,1.0,3.0,False,2026-08-23 12:23:06,retry_now,failed,0.0,Too many requests,2026-08-22T16:46:24.107139+00:00
pay_3b952fa41a6642,order_db670e59d7d04b,10248.57,INR,upi,GATEWAY_ERROR,bank_technical_error,A technical error occurred at the bank's end.,cust_0083,2026-07-25 01:12:52,failed,payment,retryable_transient,retryable_transient,0.796,retryable_transient,retry_now,Transient failure (network/gateway) — safe to retry immediately.,1.0,3.0,False,2026-08-23 12:23:06,retry_now,failed,0.0,Too many requests,2026-08-22T16:46:41.668131+00:00
pay_87a81cc2ed8643,order_81a35fa38a5a46,4046.81,INR,card,BAD_REQUEST_ERROR,otp_timeout,The OTP was not entered within the allowed time.,cust_0039,2026-07-25 03:08:22,failed,payment,retryable_transient,non_retryable,0.403,escalate_human,escalate_human,Model confidence 0.40 below threshold 0.55 — cannot safely act on this diagnosis.,1.0,0.0,True,,escalate_human,skipped,0.0,"routed to human review, no automated action taken",2026-08-21T13:50:16.725941+00:00
pay_87a81cc2ed8643,order_81a35fa38a5a46,4046.81,INR,card,BAD_REQUEST_ERROR,otp_timeout,The OTP was not entered within the allowed time.,cust_0039,2026-07-25 03:08:22,failed,payment,retryable_transient,non_retryable,0.403,escalate_human,escalate_human,Model confidence 0.40 below threshold 0.55 — cannot safely act on this diagnosis.,1.0,0.0,True,,escalate_human,skipped,0.0,"routed to human review, no automated action taken",2026-08-21T13:58:24.683748+00:00
pay_87a81cc2ed8643,order_81a35fa38a5a46,4046.81,INR,card,BAD_REQUEST_ERROR,otp_timeout,The OTP was not entered within the allowed time.,cust_0039,2026-07-25 03:08:22,failed,payment,retryable_transient,non_retryable,0.403,escalate_human,escalate_human,Model confidence 0.40 below threshold 0.55 — cannot safely act on this diagnosis.,1.0,0.0,True,,escalate_human,skipped,0.0,"routed to human review, no automated action taken",2026-08-21T13:58:35.682522+00:00
pay_87a81cc2ed8643,order_81a35fa38a5a46,4046.81,INR,card,BAD_REQUEST_ERROR,otp_timeout,The OTP was not entered within the allowed time.,cust_0039,2026-07-25 03:08:22,failed,payment,retryable_transient,non_retryable,0.403,escalate_human,escalate_human,Model confidence 0.40 below threshold 0.55 — cannot safely act on this diagnosis.,1.0,0.0,True,,escalate_human,skipped,0.0,"routed to human review, no automated action taken",2026-08-21T14:00:46.941575+00:00
pay_87a81cc2ed8643,order_81a35fa38a5a46,4046.81,INR,card,BAD_REQUEST_ERROR,otp_timeout,The OTP was not entered within the allowed time.,cust_0039,2026-07-25 03:08:22,failed,payment,retryable_transient,non_retryable,0.403,escalate_human,escalate_human,Model confidence 0.40 below threshold 0.55 — cannot safely act on this diagnosis.,1.0,0.0,True,,escalate_human,skipped,0.0,Escalated to human review,2026-08-21T14:14:49.318916+00:00
pay_87a81cc2ed8643,order_81a35fa38a5a46,4046.81,INR,card,BAD_REQUEST_ERROR,otp_timeout,The OTP was not entered within the allowed time.,cust_0039,2026-07-25 03:08:22,failed,payment,retryable_transient,non_retryable,0.403,escalate_human,escalate_human,Model confidence 0.40 below threshold 0.55 — cannot safely act on this diagnosis.,1.0,0.0,True,,escalate_human,skipped,0.0,Escalated to human review,2026-08-21T14:21:36.866548+00:00
pay_87a81cc2ed8643,order_81a35fa38a5a46,4046.81,INR,card,BAD_REQUEST_ERROR,otp_timeout,The OTP was not entered within the allowed time.,cust_0039,2026-07-25 03:08:22,failed,payment,retryable_transient,non_retryable,0.403,escalate_human,escalate_human,Model confidence 0.40 below threshold 0.55 — cannot safely act on this diagnosis.,1.0,0.0,True,,escalate_human,skipped,0.0,"routed to human review, no automated action taken",2026-08-22T16:46:24.112101+00:00
pay_87a81cc2ed8643,order_81a35fa38a5a46,4046.81,INR,card,BAD_REQUEST_ERROR,otp_timeout,The OTP was not entered within the allowed time.,cust_0039,2026-07-25 03:08:22,failed,payment,retryable_transient,non_retryable,0.403,escalate_human,escalate_human,Model confidence 0.40 below threshold 0.55 — cannot safely act on this diagnosis.,1.0,0.0,True,,escalate_human,skipped,0.0,Escalated to human review,2026-08-22T16:46:41.672287+00:00
pay_476a0f02115048,order_e9192673edb347,12127.41,INR,upi,SERVER_ERROR,internal_server_error,An internal server error occurred while processing the payment.,cust_0099,2026-07-25 05:19:22,failed,payment,retryable_transient,retryable_with_delay,0.635,retryable_with_delay,retry_later,Likely insufficient funds — retrying after a cooldown window improves success odds.,1.0,2.0,False,2026-08-24 11:53:06,retry_later,skipped,0.0,'retry_later' not yet automated - needs a scheduler/notifier,2026-08-21T13:50:16.728519+00:00
pay_476a0f02115048,order_e9192673edb347,12127.41,INR,upi,SERVER_ERROR,internal_server_error,An internal server error occurred while processing the payment.,cust_0099,2026-07-25 05:19:22,failed,payment,retryable_transient,retryable_with_delay,0.635,retryable_with_delay,retry_later,Likely insufficient funds — retrying after a cooldown window improves success odds.,1.0,2.0,False,2026-08-24 11:53:06,retry_later,skipped,0.0,'retry_later' not yet automated - needs a scheduler/notifier,2026-08-21T13:58:24.687889+00:00
pay_476a0f02115048,order_e9192673edb347,12127.41,INR,upi,SERVER_ERROR,internal_server_error,An internal server error occurred while processing the payment.,cust_0099,2026-07-25 05:19:22,failed,payment,retryable_transient,retryable_with_delay,0.635,retryable_with_delay,retry_later,Likely insufficient funds — retrying after a cooldown window improves success odds.,1.0,2.0,False,2026-08-24 11:53:06,retry_later,skipped,0.0,'retry_later' not yet automated - needs a scheduler/notifier,2026-08-21T13:58:35.685385+00:00
pay_476a0f02115048,order_e9192673edb347,12127.41,INR,upi,SERVER_ERROR,internal_server_error,An internal server error occurred while processing the payment.,cust_0099,2026-07-25 05:19:22,failed,payment,retryable_transient,retryable_with_delay,0.635,retryable_with_delay,retry_later,Likely insufficient funds — retrying after a cooldown window improves success odds.,1.0,2.0,False,2026-08-24 11:53:06,retry_later,skipped,0.0,'retry_later' not yet automated - needs a scheduler/notifier,2026-08-21T14:00:46.946187+00:00
pay_476a0f02115048,order_e9192673edb347,12127.41,INR,upi,SERVER_ERROR,internal_server_error,An internal server error occurred while processing the payment.,cust_0099,2026-07-25 05:19:22,failed,payment,retryable_transient,retryable_with_delay,0.635,retryable_with_delay,retry_later,Likely insufficient funds — retrying after a cooldown window improves success odds.,1.0,2.0,False,2026-08-24 11:53:06,retry_later,skipped,0.0,retry_later not automated yet; scheduler required,2026-08-21T14:14:49.323718+00:00
pay_476a0f02115048,order_e9192673edb347,12127.41,INR,upi,SERVER_ERROR,internal_server_error,An internal server error occurred while processing the payment.,cust_0099,2026-07-25 05:19:22,failed,payment,retryable_transient,retryable_with_delay,0.635,retryable_with_delay,retry_later,Likely insufficient funds — retrying after a cooldown window improves success odds.,1.0,2.0,False,2026-08-24 11:53:06,retry_later,skipped,0.0,retry_later not automated yet; scheduler required,2026-08-21T14:21:36.869748+00:00
pay_476a0f02115048,order_e9192673edb347,12127.41,INR,upi,SERVER_ERROR,internal_server_error,An internal server error occurred while processing the payment.,cust_0099,2026-07-25 05:19:22,failed,payment,retryable_transient,retryable_with_delay,0.635,retryable_with_delay,retry_later,Likely insufficient funds — retrying after a cooldown window improves success odds.,1.0,2.0,False,2026-08-24 11:53:06,retry_later,skipped,0.0,'retry_later' not yet automated - needs a scheduler/notifier,2026-08-22T16:46:24.115837+00:00
pay_476a0f02115048,order_e9192673edb347,12127.41,INR,upi,SERVER_ERROR,internal_server_error,An internal server error occurred while processing the payment.,cust_0099,2026-07-25 05:19:22,failed,payment,retryable_transient,retryable_with_delay,0.635,retryable_with_delay,retry_later,Likely insufficient funds — retrying after a cooldown window improves success odds.,1.0,2.0,False,2026-08-24 11:53:06,retry_later,skipped,0.0,retry_later not automated yet; scheduler required,2026-08-22T16:46:41.675845+00:00
pay_815990007dd041,order_d7d0b3e860b646,6741.26,INR,emandate,BAD_REQUEST_ERROR,insufficient_funds,Payment failed due to insufficient funds in the customer's account.,cust_0077,2026-07-25 07:42:00,failed,subscription,retryable_with_delay,retryable_with_delay,0.373,escalate_human,escalate_human,Model confidence 0.37 below threshold 0.55 — cannot safely act on this diagnosis.,1.0,0.0,True,,escalate_human,skipped,0.0,"routed to human review, no automated action taken",2026-08-21T13:50:16.731301+00:00
pay_815990007dd041,order_d7d0b3e860b646,6741.26,INR,emandate,BAD_REQUEST_ERROR,insufficient_funds,Payment failed due to insufficient funds in the customer's account.,cust_0077,2026-07-25 07:42:00,failed,subscription,retryable_with_delay,retryable_with_delay,0.373,escalate_human,escalate_human,Model confidence 0.37 below threshold 0.55 — cannot safely act on this diagnosis.,1.0,0.0,True,,escalate_human,skipped,0.0,"routed to human review, no automated action taken",2026-08-21T13:58:24.692664+00:00
pay_815990007dd041,order_d7d0b3e860b646,6741.26,INR,emandate,BAD_REQUEST_ERROR,insufficient_funds,Payment failed due to insufficient funds in the customer's account.,cust_0077,2026-07-25 07:42:00,failed,subscription,retryable_with_delay,retryable_with_delay,0.373,escalate_human,escalate_human,Model confidence 0.37 below threshold 0.55 — cannot safely act on this diagnosis.,1.0,0.0,True,,escalate_human,skipped,0.0,"routed to human review, no automated action taken",2026-08-21T13:58:35.687357+00:00
pay_815990007dd041,order_d7d0b3e860b646,6741.26,INR,emandate,BAD_REQUEST_ERROR,insufficient_funds,Payment failed due to insufficient funds in the customer's account.,cust_0077,2026-07-25 07:42:00,failed,subscription,retryable_with_delay,retryable_with_delay,0.373,escalate_human,escalate_human,Model confidence 0.37 below threshold 0.55 — cannot safely act on this diagnosis.,1.0,0.0,True,,escalate_human,skipped,0.0,"routed to human review, no automated action taken",2026-08-21T14:00:46.950165+00:00
pay_815990007dd041,order_d7d0b3e860b646,6741.26,INR,emandate,BAD_REQUEST_ERROR,insufficient_funds,Payment failed due to insufficient funds in the customer's account.,cust_0077,2026-07-25 07:42:00,failed,subscription,retryable_with_delay,retryable_with_delay,0.373,escalate_human,escalate_human,Model confidence 0.37 below threshold 0.55 — cannot safely act on this diagnosis.,1.0,0.0,True,,escalate_human,skipped,0.0,Escalated to human review,2026-08-21T14:14:49.327459+00:00
pay_815990007dd041,order_d7d0b3e860b646,6741.26,INR,emandate,BAD_REQUEST_ERROR,insufficient_funds,Payment failed due to insufficient funds in the customer's account.,cust_0077,2026-07-25 07:42:00,failed,subscription,retryable_with_delay,retryable_with_delay,0.373,escalate_human,escalate_human,Model confidence 0.37 below threshold 0.55 — cannot safely act on this diagnosis.,1.0,0.0,True,,escalate_human,skipped,0.0,Escalated to human review,2026-08-21T14:21:36.880235+00:00
pay_815990007dd041,order_d7d0b3e860b646,6741.26,INR,emandate,BAD_REQUEST_ERROR,insufficient_funds,Payment failed due to insufficient funds in the customer's account.,cust_0077,2026-07-25 07:42:00,failed,subscription,retryable_with_delay,retryable_with_delay,0.373,escalate_human,escalate_human,Model confidence 0.37 below threshold 0.55 — cannot safely act on this diagnosis.,1.0,0.0,True,,escalate_human,skipped,0.0,"routed to human review, no automated action taken",2026-08-22T16:46:24.120566+00:00
pay_815990007dd041,order_d7d0b3e860b646,6741.26,INR,emandate,BAD_REQUEST_ERROR,insufficient_funds,Payment failed due to insufficient funds in the customer's account.,cust_0077,2026-07-25 07:42:00,failed,subscription,retryable_with_delay,retryable_with_delay,0.373,escalate_human,escalate_human,Model confidence 0.37 below threshold 0.55 — cannot safely act on this diagnosis.,1.0,0.0,True,,escalate_human,skipped,0.0,Escalated to human review,2026-08-22T16:46:41.678931+00:00
pay_719997839cce48,order_5678cdcf431e40,1461.27,INR,wallet,BAD_REQUEST_ERROR,payment_cancelled,The customer cancelled the payment/checkout before completion.,cust_0085,2026-07-25 11:22:41,failed,payment,abandoned_checkout,non_retryable,0.768,escalate_human,escalate_human,Max retry attempts (0) reached for bucket 'non_retryable' — stopping and escalating.,1.0,0.0,True,,escalate_human,skipped,0.0,"routed to human review, no automated action taken",2026-08-21T13:50:16.734823+00:00
pay_719997839cce48,order_5678cdcf431e40,1461.27,INR,wallet,BAD_REQUEST_ERROR,payment_cancelled,The customer cancelled the payment/checkout before completion.,cust_0085,2026-07-25 11:22:41,failed,payment,abandoned_checkout,non_retryable,0.768,escalate_human,escalate_human,Max retry attempts (0) reached for bucket 'non_retryable' — stopping and escalating.,1.0,0.0,True,,escalate_human,skipped,0.0,"routed to human review, no automated action taken",2026-08-21T13:58:24.696568+00:00
pay_719997839cce48,order_5678cdcf431e40,1461.27,INR,wallet,BAD_REQUEST_ERROR,payment_cancelled,The customer cancelled the payment/checkout before completion.,cust_0085,2026-07-25 11:22:41,failed,payment,abandoned_checkout,non_retryable,0.768,escalate_human,escalate_human,Max retry attempts (0) reached for bucket 'non_retryable' — stopping and escalating.,1.0,0.0,True,,escalate_human,skipped,0.0,"routed to human review, no automated action taken",2026-08-21T13:58:35.689863+00:00
pay_719997839cce48,order_5678cdcf431e40,1461.27,INR,wallet,BAD_REQUEST_ERROR,payment_cancelled,The customer cancelled the payment/checkout before completion.,cust_0085,2026-07-25 11:22:41,failed,payment,abandoned_checkout,non_retryable,0.768,escalate_human,escalate_human,Max retry attempts (0) reached for bucket 'non_retryable' — stopping and escalating.,1.0,0.0,True,,escalate_human,skipped,0.0,"routed to human review, no automated action taken",2026-08-21T14:00:46.954635+00:00
pay_719997839cce48,order_5678cdcf431e40,1461.27,INR,wallet,BAD_REQUEST_ERROR,payment_cancelled,The customer cancelled the payment/checkout before completion.,cust_0085,2026-07-25 11:22:41,failed,payment,abandoned_checkout,non_retryable,0.768,escalate_human,escalate_human,Max retry attempts (0) reached for bucket 'non_retryable' — stopping and escalating.,1.0,0.0,True,,escalate_human,skipped,0.0,Escalated to human review,2026-08-21T14:14:49.330713+00:00
pay_719997839cce48,order_5678cdcf431e40,1461.27,INR,wallet,BAD_REQUEST_ERROR,payment_cancelled,The customer cancelled the payment/checkout before completion.,cust_0085,2026-07-25 11:22:41,failed,payment,abandoned_checkout,non_retryable,0.768,escalate_human,escalate_human,Max retry attempts (0) reached for bucket 'non_retryable' — stopping and escalating.,1.0,0.0,True,,escalate_human,skipped,0.0,Escalated to human review,2026-08-21T14:21:36.884336+00:00
pay_719997839cce48,order_5678cdcf431e40,1461.27,INR,wallet,BAD_REQUEST_ERROR,payment_cancelled,The customer cancelled the payment/checkout before completion.,cust_0085,2026-07-25 11:22:41,failed,payment,abandoned_checkout,non_retryable,0.768,escalate_human,escalate_human,Max retry attempts (0) reached for bucket 'non_retryable' — stopping and escalating.,1.0,0.0,True,,escalate_human,skipped,0.0,"routed to human review, no automated action taken",2026-08-22T16:46:24.125449+00:00
pay_719997839cce48,order_5678cdcf431e40,1461.27,INR,wallet,BAD_REQUEST_ERROR,payment_cancelled,The customer cancelled the payment/checkout before completion.,cust_0085,2026-07-25 11:22:41,failed,payment,abandoned_checkout,non_retryable,0.768,escalate_human,escalate_human,Max retry attempts (0) reached for bucket 'non_retryable' — stopping and escalating.,1.0,0.0,True,,escalate_human,skipped,0.0,Escalated to human review,2026-08-22T16:46:41.682814+00:00
pay_756f07a8e80444,order_3348d9cc72b74c,16795.89,INR,card,BAD_REQUEST_ERROR,payment_cancelled,The customer cancelled the payment/checkout before completion.,cust_0039,2026-07-25 12:44:12,failed,payment,abandoned_checkout,retryable_with_delay,0.404,escalate_human,escalate_human,Model confidence 0.40 below threshold 0.55 — cannot safely act on this diagnosis.,1.0,0.0,True,,escalate_human,skipped,0.0,"routed to human review, no automated action taken",2026-08-21T13:50:16.738192+00:00
pay_756f07a8e80444,order_3348d9cc72b74c,16795.89,INR,card,BAD_REQUEST_ERROR,payment_cancelled,The customer cancelled the payment/checkout before completion.,cust_0039,2026-07-25 12:44:12,failed,payment,abandoned_checkout,retryable_with_delay,0.404,escalate_human,escalate_human,Model confidence 0.40 below threshold 0.55 — cannot safely act on this diagnosis.,1.0,0.0,True,,escalate_human,skipped,0.0,"routed to human review, no automated action taken",2026-08-21T13:58:24.700510+00:00
pay_756f07a8e80444,order_3348d9cc72b74c,16795.89,INR,card,BAD_REQUEST_ERROR,payment_cancelled,The customer cancelled the payment/checkout before completion.,cust_0039,2026-07-25 12:44:12,failed,payment,abandoned_checkout,retryable_with_delay,0.404,escalate_human,escalate_human,Model confidence 0.40 below threshold 0.55 — cannot safely act on this diagnosis.,1.0,0.0,True,,escalate_human,skipped,0.0,"routed to human review, no automated action taken",2026-08-21T13:58:35.693872+00:00
pay_756f07a8e80444,order_3348d9cc72b74c,16795.89,INR,card,BAD_REQUEST_ERROR,payment_cancelled,The customer cancelled the payment/checkout before completion.,cust_0039,2026-07-25 12:44:12,failed,payment,abandoned_checkout,retryable_with_delay,0.404,escalate_human,escalate_human,Model confidence 0.40 below threshold 0.55 — cannot safely act on this diagnosis.,1.0,0.0,True,,escalate_human,skipped,0.0,"routed to human review, no automated action taken",2026-08-21T14:00:46.960570+00:00
pay_756f07a8e80444,order_3348d9cc72b74c,16795.89,INR,card,BAD_REQUEST_ERROR,payment_cancelled,The customer cancelled the payment/checkout before completion.,cust_0039,2026-07-25 12:44:12,failed,payment,abandoned_checkout,retryable_with_delay,0.404,escalate_human,escalate_human,Model confidence 0.40 below threshold 0.55 — cannot safely act on this diagnosis.,1.0,0.0,True,,escalate_human,skipped,0.0,Escalated to human review,2026-08-21T14:14:49.333701+00:00
pay_756f07a8e80444,order_3348d9cc72b74c,16795.89,INR,card,BAD_REQUEST_ERROR,payment_cancelled,The customer cancelled the payment/checkout before completion.,cust_0039,2026-07-25 12:44:12,failed,payment,abandoned_checkout,retryable_with_delay,0.404,escalate_human,escalate_human,Model confidence 0.40 below threshold 0.55 — cannot safely act on this diagnosis.,1.0,0.0,True,,escalate_human,skipped,0.0,Escalated to human review,2026-08-21T14:21:36.888142+00:00
pay_756f07a8e80444,order_3348d9cc72b74c,16795.89,INR,card,BAD_REQUEST_ERROR,payment_cancelled,The customer cancelled the payment/checkout before completion.,cust_0039,2026-07-25 12:44:12,failed,payment,abandoned_checkout,retryable_with_delay,0.404,escalate_human,escalate_human,Model confidence 0.40 below threshold 0.55 — cannot safely act on this diagnosis.,1.0,0.0,True,,escalate_human,skipped,0.0,"routed to human review, no automated action taken",2026-08-22T16:46:24.129154+00:00
pay_756f07a8e80444,order_3348d9cc72b74c,16795.89,INR,card,BAD_REQUEST_ERROR,payment_cancelled,The customer cancelled the payment/checkout before completion.,cust_0039,2026-07-25 12:44:12,failed,payment,abandoned_checkout,retryable_with_delay,0.404,escalate_human,escalate_human,Model confidence 0.40 below threshold 0.55 — cannot safely act on this diagnosis.,1.0,0.0,True,,escalate_human,skipped,0.0,Escalated to human review,2026-08-22T16:46:41.685969+00:00
pay_4de63ce0dac049,order_5c2d8799faa144,26691.16,INR,netbanking,GATEWAY_ERROR,network_timeout,The request timed out due to network issues at the gateway.,cust_0111,2026-07-25 14:20:25,failed,payment,retryable_transient,retryable_transient,0.379,escalate_human,escalate_human,Model confidence 0.38 below threshold 0.55 — cannot safely act on this diagnosis.,1.0,0.0,True,,escalate_human,skipped,0.0,"routed to human review, no automated action taken",2026-08-21T13:50:16.741763+00:00
pay_4de63ce0dac049,order_5c2d8799faa144,26691.16,INR,netbanking,GATEWAY_ERROR,network_timeout,The request timed out due to network issues at the gateway.,cust_0111,2026-07-25 14:20:25,failed,payment,retryable_transient,retryable_transient,0.379,escalate_human,escalate_human,Model confidence 0.38 below threshold 0.55 — cannot safely act on this diagnosis.,1.0,0.0,True,,escalate_human,skipped,0.0,"routed to human review, no automated action taken",2026-08-21T13:58:24.704503+00:00
pay_4de63ce0dac049,order_5c2d8799faa144,26691.16,INR,netbanking,GATEWAY_ERROR,network_timeout,The request timed out due to network issues at the gateway.,cust_0111,2026-07-25 14:20:25,failed,payment,retryable_transient,retryable_transient,0.379,escalate_human,escalate_human,Model confidence 0.38 below threshold 0.55 — cannot safely act on this diagnosis.,1.0,0.0,True,,escalate_human,skipped,0.0,"routed to human review, no automated action taken",2026-08-21T13:58:35.696833+00:00
pay_4de63ce0dac049,order_5c2d8799faa144,26691.16,INR,netbanking,GATEWAY_ERROR,network_timeout,The request timed out due to network issues at the gateway.,cust_0111,2026-07-25 14:20:25,failed,payment,retryable_transient,retryable_transient,0.379,escalate_human,escalate_human,Model confidence 0.38 below threshold 0.55 — cannot safely act on this diagnosis.,1.0,0.0,True,,escalate_human,skipped,0.0,"routed to human review, no automated action taken",2026-08-21T14:00:46.964481+00:00
pay_4de63ce0dac049,order_5c2d8799faa144,26691.16,INR,netbanking,GATEWAY_ERROR,network_timeout,The request timed out due to network issues at the gateway.,cust_0111,2026-07-25 14:20:25,failed,payment,retryable_transient,retryable_transient,0.379,escalate_human,escalate_human,Model confidence 0.38 below threshold 0.55 — cannot safely act on this diagnosis.,1.0,0.0,True,,escalate_human,skipped,0.0,Escalated to human review,2026-08-21T14:14:49.336912+00:00
pay_4de63ce0dac049,order_5c2d8799faa144,26691.16,INR,netbanking,GATEWAY_ERROR,network_timeout,The request timed out due to network issues at the gateway.,cust_0111,2026-07-25 14:20:25,failed,payment,retryable_transient,retryable_transient,0.379,escalate_human,escalate_human,Model confidence 0.38 below threshold 0.55 — cannot safely act on this diagnosis.,1.0,0.0,True,,escalate_human,skipped,0.0,Escalated to human review,2026-08-21T14:21:36.892620+00:00
pay_4de63ce0dac049,order_5c2d8799faa144,26691.16,INR,netbanking,GATEWAY_ERROR,network_timeout,The request timed out due to network issues at the gateway.,cust_0111,2026-07-25 14:20:25,failed,payment,retryable_transient,retryable_transient,0.379,escalate_human,escalate_human,Model confidence 0.38 below threshold 0.55 — cannot safely act on this diagnosis.,1.0,0.0,True,,escalate_human,skipped,0.0,"routed to human review, no automated action taken",2026-08-22T16:46:24.132156+00:00
pay_4de63ce0dac049,order_5c2d8799faa144,26691.16,INR,netbanking,GATEWAY_ERROR,network_timeout,The request timed out due to network issues at the gateway.,cust_0111,2026-07-25 14:20:25,failed,payment,retryable_transient,retryable_transient,0.379,escalate_human,escalate_human,Model confidence 0.38 below threshold 0.55 — cannot safely act on this diagnosis.,1.0,0.0,True,,escalate_human,skipped,0.0,Escalated to human review,2026-08-22T16:46:41.688312+00:00
pay_35746940215c49,order_9cd6281add704d,11144.08,INR,upi,BAD_REQUEST_ERROR,payment_cancelled,The customer cancelled the payment/checkout before completion.,cust_0091,2026-07-25 16:08:27,failed,payment,abandoned_checkout,non_retryable,0.441,escalate_human,escalate_human,Model confidence 0.44 below threshold 0.55 — cannot safely act on this diagnosis.,1.0,0.0,True,,escalate_human,skipped,0.0,"routed to human review, no automated action taken",2026-08-21T13:50:16.744689+00:00
pay_35746940215c49,order_9cd6281add704d,11144.08,INR,upi,BAD_REQUEST_ERROR,payment_cancelled,The customer cancelled the payment/checkout before completion.,cust_0091,2026-07-25 16:08:27,failed,payment,abandoned_checkout,non_retryable,0.441,escalate_human,escalate_human,Model confidence 0.44 below threshold 0.55 — cannot safely act on this diagnosis.,1.0,0.0,True,,escalate_human,skipped,0.0,"routed to human review, no automated action taken",2026-08-21T13:58:24.708230+00:00
pay_35746940215c49,order_9cd6281add704d,11144.08,INR,upi,BAD_REQUEST_ERROR,payment_cancelled,The customer cancelled the payment/checkout before completion.,cust_0091,2026-07-25 16:08:27,failed,payment,abandoned_checkout,non_retryable,0.441,escalate_human,escalate_human,Model confidence 0.44 below threshold 0.55 — cannot safely act on this diagnosis.,1.0,0.0,True,,escalate_human,skipped,0.0,"routed to human review, no automated action taken",2026-08-21T13:58:35.699565+00:00
pay_35746940215c49,order_9cd6281add704d,11144.08,INR,upi,BAD_REQUEST_ERROR,payment_cancelled,The customer cancelled the payment/checkout before completion.,cust_0091,2026-07-25 16:08:27,failed,payment,abandoned_checkout,non_retryable,0.441,escalate_human,escalate_human,Model confidence 0.44 below threshold 0.55 — cannot safely act on this diagnosis.,1.0,0.0,True,,escalate_human,skipped,0.0,"routed to human review, no automated action taken",2026-08-21T14:00:46.968590+00:00
pay_35746940215c49,order_9cd6281add704d,11144.08,INR,upi,BAD_REQUEST_ERROR,payment_cancelled,The customer cancelled the payment/checkout before completion.,cust_0091,2026-07-25 16:08:27,failed,payment,abandoned_checkout,non_retryable,0.441,escalate_human,escalate_human,Model confidence 0.44 below threshold 0.55 — cannot safely act on this diagnosis.,1.0,0.0,True,,escalate_human,skipped,0.0,Escalated to human review,2026-08-21T14:14:49.340298+00:00
pay_35746940215c49,order_9cd6281add704d,11144.08,INR,upi,BAD_REQUEST_ERROR,payment_cancelled,The customer cancelled the payment/checkout before completion.,cust_0091,2026-07-25 16:08:27,failed,payment,abandoned_checkout,non_retryable,0.441,escalate_human,escalate_human,Model confidence 0.44 below threshold 0.55 — cannot safely act on this diagnosis.,1.0,0.0,True,,escalate_human,skipped,0.0,Escalated to human review,2026-08-21T14:21:36.896551+00:00
pay_35746940215c49,order_9cd6281add704d,11144.08,INR,upi,BAD_REQUEST_ERROR,payment_cancelled,The customer cancelled the payment/checkout before completion.,cust_0091,2026-07-25 16:08:27,failed,payment,abandoned_checkout,non_retryable,0.441,escalate_human,escalate_human,Model confidence 0.44 below threshold 0.55 — cannot safely act on this diagnosis.,1.0,0.0,True,,escalate_human,skipped,0.0,"routed to human review, no automated action taken",2026-08-22T16:46:24.135883+00:00
pay_35746940215c49,order_9cd6281add704d,11144.08,INR,upi,BAD_REQUEST_ERROR,payment_cancelled,The customer cancelled the payment/checkout before completion.,cust_0091,2026-07-25 16:08:27,failed,payment,abandoned_checkout,non_retryable,0.441,escalate_human,escalate_human,Model confidence 0.44 below threshold 0.55 — cannot safely act on this diagnosis.,1.0,0.0,True,,escalate_human,skipped,0.0,Escalated to human review,2026-08-22T16:46:41.691106+00:00
pay_ba4a856830f143,order_fa93e77d9a0a46,4541.68,INR,emandate,BAD_REQUEST_ERROR,mandate_not_approved,The e-mandate registration was not approved in time by the customer.,cust_0013,2026-07-25 17:43:11,failed,subscription,retryable_with_delay,retryable_transient,0.97,retryable_transient,retry_now,Transient failure (network/gateway) — safe to retry immediately.,1.0,3.0,False,2026-08-23 12:23:06,retry_now,failed,0.0,Too many requests,2026-08-21T13:50:16.801846+00:00
pay_ba4a856830f143,order_fa93e77d9a0a46,4541.68,INR,emandate,BAD_REQUEST_ERROR,mandate_not_approved,The e-mandate registration was not approved in time by the customer.,cust_0013,2026-07-25 17:43:11,failed,subscription,retryable_with_delay,retryable_transient,0.97,retryable_transient,retry_now,Transient failure (network/gateway) — safe to retry immediately.,1.0,3.0,False,2026-08-23 12:23:06,retry_now,failed,0.0,Too many requests,2026-08-21T13:58:24.774802+00:00
pay_ba4a856830f143,order_fa93e77d9a0a46,4541.68,INR,emandate,BAD_REQUEST_ERROR,mandate_not_approved,The e-mandate registration was not approved in time by the customer.,cust_0013,2026-07-25 17:43:11,failed,subscription,retryable_with_delay,retryable_transient,0.97,retryable_transient,retry_now,Transient failure (network/gateway) — safe to retry immediately.,1.0,3.0,False,2026-08-23 12:23:06,retry_now,failed,0.0,Too many requests,2026-08-21T13:58:35.799474+00:00
pay_ba4a856830f143,order_fa93e77d9a0a46,4541.68,INR,emandate,BAD_REQUEST_ERROR,mandate_not_approved,The e-mandate registration was not approved in time by the customer.,cust_0013,2026-07-25 17:43:11,failed,subscription,retryable_with_delay,retryable_transient,0.97,retryable_transient,retry_now,Transient failure (network/gateway) — safe to retry immediately.,1.0,3.0,False,2026-08-23 12:23:06,retry_now,failed,0.0,Too many requests,2026-08-21T14:00:47.040784+00:00
pay_ba4a856830f143,order_fa93e77d9a0a46,4541.68,INR,emandate,BAD_REQUEST_ERROR,mandate_not_approved,The e-mandate registration was not approved in time by the customer.,cust_0013,2026-07-25 17:43:11,failed,subscription,retryable_with_delay,retryable_transient,0.97,retryable_transient,retry_now,Transient failure (network/gateway) — safe to retry immediately.,1.0,3.0,False,2026-08-23 12:23:06,retry_now,failed,0.0,Too many requests,2026-08-21T14:14:49.405988+00:00
pay_ba4a856830f143,order_fa93e77d9a0a46,4541.68,INR,emandate,BAD_REQUEST_ERROR,mandate_not_approved,The e-mandate registration was not approved in time by the customer.,cust_0013,2026-07-25 17:43:11,failed,subscription,retryable_with_delay,retryable_transient,0.97,retryable_transient,retry_now,Transient failure (network/gateway) — safe to retry immediately.,1.0,3.0,False,2026-08-23 12:23:06,retry_now,failed,0.0,Too many requests,2026-08-21T14:21:37.999065+00:00
pay_ba4a856830f143,order_fa93e77d9a0a46,4541.68,INR,emandate,BAD_REQUEST_ERROR,mandate_not_approved,The e-mandate registration was not approved in time by the customer.,cust_0013,2026-07-25 17:43:11,failed,subscription,retryable_with_delay,retryable_transient,0.97,retryable_transient,retry_now,Transient failure (network/gateway) — safe to retry immediately.,1.0,3.0,False,2026-08-23 12:23:06,retry_now,failed,0.0,Too many requests,2026-08-22T16:46:24.214798+00:00
pay_ba4a856830f143,order_fa93e77d9a0a46,4541.68,INR,emandate,BAD_REQUEST_ERROR,mandate_not_approved,The e-mandate registration was not approved in time by the customer.,cust_0013,2026-07-25 17:43:11,failed,subscription,retryable_with_delay,retryable_transient,0.97,retryable_transient,retry_now,Transient failure (network/gateway) — safe to retry immediately.,1.0,3.0,False,2026-08-23 12:23:06,retry_now,failed,0.0,Too many requests,2026-08-22T16:46:42.829269+00:00
pay_4463614bbe6c45,order_7db9ca5fe6f04d,2713.73,INR,wallet,BAD_REQUEST_ERROR,payment_cancelled,The customer cancelled the payment/checkout before completion.,cust_0103,2026-07-25 22:36:18,failed,payment,abandoned_checkout,retryable_with_delay,0.641,retryable_with_delay,retry_later,Likely insufficient funds — retrying after a cooldown window improves success odds.,1.0,2.0,False,2026-08-24 11:53:06,retry_later,skipped,0.0,'retry_later' not yet automated - needs a scheduler/notifier,2026-08-21T13:50:16.803928+00:00
pay_4463614bbe6c45,order_7db9ca5fe6f04d,2713.73,INR,wallet,BAD_REQUEST_ERROR,payment_cancelled,The customer cancelled the payment/checkout before completion.,cust_0103,2026-07-25 22:36:18,failed,payment,abandoned_checkout,retryable_with_delay,0.641,retryable_with_delay,retry_later,Likely insufficient funds — retrying after a cooldown window improves success odds.,1.0,2.0,False,2026-08-24 11:53:06,retry_later,skipped,0.0,'retry_later' not yet automated - needs a scheduler/notifier,2026-08-21T13:58:24.778561+00:00
pay_4463614bbe6c45,order_7db9ca5fe6f04d,2713.73,INR,wallet,BAD_REQUEST_ERROR,payment_cancelled,The customer cancelled the payment/checkout before completion.,cust_0103,2026-07-25 22:36:18,failed,payment,abandoned_checkout,retryable_with_delay,0.641,retryable_with_delay,retry_later,Likely insufficient funds — retrying after a cooldown window improves success odds.,1.0,2.0,False,2026-08-24 11:53:06,retry_later,skipped,0.0,'retry_later' not yet automated - needs a scheduler/notifier,2026-08-21T13:58:35.804592+00:00
pay_4463614bbe6c45,order_7db9ca5fe6f04d,2713.73,INR,wallet,BAD_REQUEST_ERROR,payment_cancelled,The customer cancelled the payment/checkout before completion.,cust_0103,2026-07-25 22:36:18,failed,payment,abandoned_checkout,retryable_with_delay,0.641,retryable_with_delay,retry_later,Likely insufficient funds — retrying after a cooldown window improves success odds.,1.0,2.0,False,2026-08-24 11:53:06,retry_later,skipped,0.0,'retry_later' not yet automated - needs a scheduler/notifier,2026-08-21T14:00:47.045339+00:00
pay_4463614bbe6c45,order_7db9ca5fe6f04d,2713.73,INR,wallet,BAD_REQUEST_ERROR,payment_cancelled,The customer cancelled the payment/checkout before completion.,cust_0103,2026-07-25 22:36:18,failed,payment,abandoned_checkout,retryable_with_delay,0.641,retryable_with_delay,retry_later,Likely insufficient funds — retrying after a cooldown window improves success odds.,1.0,2.0,False,2026-08-24 11:53:06,retry_later,skipped,0.0,retry_later not automated yet; scheduler required,2026-08-21T14:14:49.408659+00:00
pay_4463614bbe6c45,order_7db9ca5fe6f04d,2713.73,INR,wallet,BAD_REQUEST_ERROR,payment_cancelled,The customer cancelled the payment/checkout before completion.,cust_0103,2026-07-25 22:36:18,failed,payment,abandoned_checkout,retryable_with_delay,0.641,retryable_with_delay,retry_later,Likely insufficient funds — retrying after a cooldown window improves success odds.,1.0,2.0,False,2026-08-24 11:53:06,retry_later,skipped,0.0,retry_later not automated yet; scheduler required,2026-08-21T14:21:38.004360+00:00
pay_4463614bbe6c45,order_7db9ca5fe6f04d,2713.73,INR,wallet,BAD_REQUEST_ERROR,payment_cancelled,The customer cancelled the payment/checkout before completion.,cust_0103,2026-07-25 22:36:18,failed,payment,abandoned_checkout,retryable_with_delay,0.641,retryable_with_delay,retry_later,Likely insufficient funds — retrying after a cooldown window improves success odds.,1.0,2.0,False,2026-08-24 11:53:06,retry_later,skipped,0.0,'retry_later' not yet automated - needs a scheduler/notifier,2026-08-22T16:46:24.218733+00:00
pay_4463614bbe6c45,order_7db9ca5fe6f04d,2713.73,INR,wallet,BAD_REQUEST_ERROR,payment_cancelled,The customer cancelled the payment/checkout before completion.,cust_0103,2026-07-25 22:36:18,failed,payment,abandoned_checkout,retryable_with_delay,0.641,retryable_with_delay,retry_later,Likely insufficient funds — retrying after a cooldown window improves success odds.,1.0,2.0,False,2026-08-24 11:53:06,retry_later,skipped,0.0,retry_later not automated yet; scheduler required,2026-08-22T16:46:42.832635+00:00
pay_2531470561594c,order_248da810ef7243,17014.15,INR,card,BAD_REQUEST_ERROR,insufficient_funds,Payment failed due to insufficient funds in the customer's account.,cust_0012,2026-07-25 23:29:49,failed,payment,retryable_with_delay,retryable_transient,0.97,retryable_transient,retry_now,Transient failure (network/gateway) — safe to retry immediately.,1.0,3.0,False,2026-08-23 12:23:06,retry_now,failed,0.0,Too many requests,2026-08-21T13:50:16.881670+00:00
pay_2531470561594c,order_248da810ef7243,17014.15,INR,card,BAD_REQUEST_ERROR,insufficient_funds,Payment failed due to insufficient funds in the customer's account.,cust_0012,2026-07-25 23:29:49,failed,payment,retryable_with_delay,retryable_transient,0.97,retryable_transient,retry_now,Transient failure (network/gateway) — safe to retry immediately.,1.0,3.0,False,2026-08-23 12:23:06,retry_now,failed,0.0,Too many requests,2026-08-21T13:58:24.840786+00:00
pay_2531470561594c,order_248da810ef7243,17014.15,INR,card,BAD_REQUEST_ERROR,insufficient_funds,Payment failed due to insufficient funds in the customer's account.,cust_0012,2026-07-25 23:29:49,failed,payment,retryable_with_delay,retryable_transient,0.97,retryable_transient,retry_now,Transient failure (network/gateway) — safe to retry immediately.,1.0,3.0,False,2026-08-23 12:23:06,retry_now,failed,0.0,Too many requests,2026-08-21T13:58:35.937807+00:00
pay_2531470561594c,order_248da810ef7243,17014.15,INR,card,BAD_REQUEST_ERROR,insufficient_funds,Payment failed due to insufficient funds in the customer's account.,cust_0012,2026-07-25 23:29:49,failed,payment,retryable_with_delay,retryable_transient,0.97,retryable_transient,retry_now,Transient failure (network/gateway) — safe to retry immediately.,1.0,3.0,False,2026-08-23 12:23:06,retry_now,failed,0.0,Too many requests,2026-08-21T14:00:47.118737+00:00
pay_2531470561594c,order_248da810ef7243,17014.15,INR,card,BAD_REQUEST_ERROR,insufficient_funds,Payment failed due to insufficient funds in the customer's account.,cust_0012,2026-07-25 23:29:49,failed,payment,retryable_with_delay,retryable_transient,0.97,retryable_transient,retry_now,Transient failure (network/gateway) — safe to retry immediately.,1.0,3.0,False,2026-08-23 12:23:06,retry_now,failed,0.0,Too many requests,2026-08-21T14:14:49.484843+00:00
pay_2531470561594c,order_248da810ef7243,17014.15,INR,card,BAD_REQUEST_ERROR,insufficient_funds,Payment failed due to insufficient funds in the customer's account.,cust_0012,2026-07-25 23:29:49,failed,payment,retryable_with_delay,retryable_transient,0.97,retryable_transient,retry_now,Transient failure (network/gateway) — safe to retry immediately.,1.0,3.0,False,2026-08-23 12:23:06,retry_now,failed,0.0,Too many requests,2026-08-21T14:21:39.097281+00:00
pay_2531470561594c,order_248da810ef7243,17014.15,INR,card,BAD_REQUEST_ERROR,insufficient_funds,Payment failed due to insufficient funds in the customer's account.,cust_0012,2026-07-25 23:29:49,failed,payment,retryable_with_delay,retryable_transient,0.97,retryable_transient,retry_now,Transient failure (network/gateway) — safe to retry immediately.,1.0,3.0,False,2026-08-23 12:23:06,retry_now,failed,0.0,Too many requests,2026-08-22T16:46:24.307069+00:00
pay_2531470561594c,order_248da810ef7243,17014.15,INR,card,BAD_REQUEST_ERROR,insufficient_funds,Payment failed due to insufficient funds in the customer's account.,cust_0012,2026-07-25 23:29:49,failed,payment,retryable_with_delay,retryable_transient,0.97,retryable_transient,retry_now,Transient failure (network/gateway) — safe to retry immediately.,1.0,3.0,False,2026-08-23 12:23:06,retry_now,failed,0.0,Too many requests,2026-08-22T16:46:43.889099+00:00
pay_2411b287e2a64d,order_01589e2690b846,14162.31,INR,card,GATEWAY_ERROR,issuer_unavailable,The card issuing bank's servers were unavailable.,cust_0054,2026-07-25 23:59:32,failed,payment,retryable_transient,non_retryable,0.431,escalate_human,escalate_human,Model confidence 0.43 below threshold 0.55 — cannot safely act on this diagnosis.,1.0,0.0,True,,escalate_human,skipped,0.0,"routed to human review, no automated action taken",2026-08-21T13:50:16.886060+00:00
pay_2411b287e2a64d,order_01589e2690b846,14162.31,INR,card,GATEWAY_ERROR,issuer_unavailable,The card issuing bank's servers were unavailable.,cust_0054,2026-07-25 23:59:32,failed,payment,retryable_transient,non_retryable,0.431,escalate_human,escalate_human,Model confidence 0.43 below threshold 0.55 — cannot safely act on this diagnosis.,1.0,0.0,True,,escalate_human,skipped,0.0,"routed to human review, no automated action taken",2026-08-21T13:58:24.847120+00:00
pay_2411b287e2a64d,order_01589e2690b846,14162.31,INR,card,GATEWAY_ERROR,issuer_unavailable,The card issuing bank's servers were unavailable.,cust_0054,2026-07-25 23:59:32,failed,payment,retryable_transient,non_retryable,0.431,escalate_human,escalate_human,Model confidence 0.43 below threshold 0.55 — cannot safely act on this diagnosis.,1.0,0.0,True,,escalate_human,skipped,0.0,"routed to human review, no automated action taken",2026-08-21T13:58:35.942782+00:00
pay_2411b287e2a64d,order_01589e2690b846,14162.31,INR,card,GATEWAY_ERROR,issuer_unavailable,The card issuing bank's servers were unavailable.,cust_0054,2026-07-25 23:59:32,failed,payment,retryable_transient,non_retryable,0.431,escalate_human,escalate_human,Model confidence 0.43 below threshold 0.55 — cannot safely act on this diagnosis.,1.0,0.0,True,,escalate_human,skipped,0.0,"routed to human review, no automated action taken",2026-08-21T14:00:47.122326+00:00
pay_2411b287e2a64d,order_01589e2690b846,14162.31,INR,card,GATEWAY_ERROR,issuer_unavailable,The card issuing bank's servers were unavailable.,cust_0054,2026-07-25 23:59:32,failed,payment,retryable_transient,non_retryable,0.431,escalate_human,escalate_human,Model confidence 0.43 below threshold 0.55 — cannot safely act on this diagnosis.,1.0,0.0,True,,escalate_human,skipped,0.0,Escalated to human review,2026-08-21T14:14:49.488615+00:00
pay_2411b287e2a64d,order_01589e2690b846,14162.31,INR,card,GATEWAY_ERROR,issuer_unavailable,The card issuing bank's servers were unavailable.,cust_0054,2026-07-25 23:59:32,failed,payment,retryable_transient,non_retryable,0.431,escalate_human,escalate_human,Model confidence 0.43 below threshold 0.55 — cannot safely act on this diagnosis.,1.0,0.0,True,,escalate_human,skipped,0.0,Escalated to human review,2026-08-21T14:21:39.101046+00:00
pay_2411b287e2a64d,order_01589e2690b846,14162.31,INR,card,GATEWAY_ERROR,issuer_unavailable,The card issuing bank's servers were unavailable.,cust_0054,2026-07-25 23:59:32,failed,payment,retryable_transient,non_retryable,0.431,escalate_human,escalate_human,Model confidence 0.43 below threshold 0.55 — cannot safely act on this diagnosis.,1.0,0.0,True,,escalate_human,skipped,0.0,"routed to human review, no automated action taken",2026-08-22T16:46:24.310861+00:00
pay_2411b287e2a64d,order_01589e2690b846,14162.31,INR,card,GATEWAY_ERROR,issuer_unavailable,The card issuing bank's servers were unavailable.,cust_0054,2026-07-25 23:59:32,failed,payment,retryable_transient,non_retryable,0.431,escalate_human,escalate_human,Model confidence 0.43 below threshold 0.55 — cannot safely act on this diagnosis.,1.0,0.0,True,,escalate_human,skipped,0.0,Escalated to human review,2026-08-22T16:46:43.893189+00:00
pay_c12ca86133284d,order_bf1426d904cb48,10800.36,INR,card,BAD_REQUEST_ERROR,card_declined,The card was declined by the issuing bank.,cust_0029,2026-07-26 00:26:02,failed,payment,non_retryable,non_retryable,0.65,escalate_human,escalate_human,Max retry attempts (0) reached for bucket 'non_retryable' — stopping and escalating.,1.0,0.0,True,,escalate_human,skipped,0.0,"routed to human review, no automated action taken",2026-08-21T13:50:16.890257+00:00
pay_c12ca86133284d,order_bf1426d904cb48,10800.36,INR,card,BAD_REQUEST_ERROR,card_declined,The card was declined by the issuing bank.,cust_0029,2026-07-26 00:26:02,failed,payment,non_retryable,non_retryable,0.65,escalate_human,escalate_human,Max retry attempts (0) reached for bucket 'non_retryable' — stopping and escalating.,1.0,0.0,True,,escalate_human,skipped,0.0,"routed to human review, no automated action taken",2026-08-21T13:58:24.851115+00:00
pay_c12ca86133284d,order_bf1426d904cb48,10800.36,INR,card,BAD_REQUEST_ERROR,card_declined,The card was declined by the issuing bank.,cust_0029,2026-07-26 00:26:02,failed,payment,non_retryable,non_retryable,0.65,escalate_human,escalate_human,Max retry attempts (0) reached for bucket 'non_retryable' — stopping and escalating.,1.0,0.0,True,,escalate_human,skipped,0.0,"routed to human review, no automated action taken",2026-08-21T13:58:35.946675+00:00
pay_c12ca86133284d,order_bf1426d904cb48,10800.36,INR,card,BAD_REQUEST_ERROR,card_declined,The card was declined by the issuing bank.,cust_0029,2026-07-26 00:26:02,failed,payment,non_retryable,non_retryable,0.65,escalate_human,escalate_human,Max retry attempts (0) reached for bucket 'non_retryable' — stopping and escalating.,1.0,0.0,True,,escalate_human,skipped,0.0,"routed to human review, no automated action taken",2026-08-21T14:00:47.129953+00:00
pay_c12ca86133284d,order_bf1426d904cb48,10800.36,INR,card,BAD_REQUEST_ERROR,card_declined,The card was declined by the issuing bank.,cust_0029,2026-07-26 00:26:02,failed,payment,non_retryable,non_retryable,0.65,escalate_human,escalate_human,Max retry attempts (0) reached for bucket 'non_retryable' — stopping and escalating.,1.0,0.0,True,,escalate_human,skipped,0.0,Escalated to human review,2026-08-21T14:14:49.491895+00:00
pay_c12ca86133284d,order_bf1426d904cb48,10800.36,INR,card,BAD_REQUEST_ERROR,card_declined,The card was declined by the issuing bank.,cust_0029,2026-07-26 00:26:02,failed,payment,non_retryable,non_retryable,0.65,escalate_human,escalate_human,Max retry attempts (0) reached for bucket 'non_retryable' — stopping and escalating.,1.0,0.0,True,,escalate_human,skipped,0.0,Escalated to human review,2026-08-21T14:21:39.105857+00:00
pay_c12ca86133284d,order_bf1426d904cb48,10800.36,INR,card,BAD_REQUEST_ERROR,card_declined,The card was declined by the issuing bank.,cust_0029,2026-07-26 00:26:02,failed,payment,non_retryable,non_retryable,0.65,escalate_human,escalate_human,Max retry attempts (0) reached for bucket 'non_retryable' — stopping and escalating.,1.0,0.0,True,,escalate_human,skipped,0.0,"routed to human review, no automated action taken",2026-08-22T16:46:24.314394+00:00
pay_c12ca86133284d,order_bf1426d904cb48,10800.36,INR,card,BAD_REQUEST_ERROR,card_declined,The card was declined by the issuing bank.,cust_0029,2026-07-26 00:26:02,failed,payment,non_retryable,non_retryable,0.65,escalate_human,escalate_human,Max retry attempts (0) reached for bucket 'non_retryable' — stopping and escalating.,1.0,0.0,True,,escalate_human,skipped,0.0,Escalated to human review,2026-08-22T16:46:43.895752+00:00
pay_0d0f68eeb6e244,order_ea1b6a0215a741,27819.91,INR,netbanking,BAD_REQUEST_ERROR,otp_timeout,The OTP was not entered within the allowed time.,cust_0049,2026-07-26 01:45:12,failed,payment,retryable_transient,retryable_with_delay,0.727,retryable_with_delay,retry_later,Likely insufficient funds — retrying after a cooldown window improves success odds.,1.0,2.0,False,2026-08-24 11:53:06,retry_later,skipped,0.0,'retry_later' not yet automated - needs a scheduler/notifier,2026-08-21T13:50:16.893821+00:00
pay_0d0f68eeb6e244,order_ea1b6a0215a741,27819.91,INR,netbanking,BAD_REQUEST_ERROR,otp_timeout,The OTP was not entered within the allowed time.,cust_0049,2026-07-26 01:45:12,failed,payment,retryable_transient,retryable_with_delay,0.727,retryable_with_delay,retry_later,Likely insufficient funds — retrying after a cooldown window improves success odds.,1.0,2.0,False,2026-08-24 11:53:06,retry_later,skipped,0.0,'retry_later' not yet automated - needs a scheduler/notifier,2026-08-21T13:58:24.854928+00:00
pay_0d0f68eeb6e244,order_ea1b6a0215a741,27819.91,INR,netbanking,BAD_REQUEST_ERROR,otp_timeout,The OTP was not entered within the allowed time.,cust_0049,2026-07-26 01:45:12,failed,payment,retryable_transient,retryable_with_delay,0.727,retryable_with_delay,retry_later,Likely insufficient funds — retrying after a cooldown window improves success odds.,1.0,2.0,False,2026-08-24 11:53:06,retry_later,skipped,0.0,'retry_later' not yet automated - needs a scheduler/notifier,2026-08-21T13:58:35.951885+00:00
pay_0d0f68eeb6e244,order_ea1b6a0215a741,27819.91,INR,netbanking,BAD_REQUEST_ERROR,otp_timeout,The OTP was not entered within the allowed time.,cust_0049,2026-07-26 01:45:12,failed,payment,retryable_transient,retryable_with_delay,0.727,retryable_with_delay,retry_later,Likely insufficient funds — retrying after a cooldown window improves success odds.,1.0,2.0,False,2026-08-24 11:53:06,retry_later,skipped,0.0,'retry_later' not yet automated - needs a scheduler/notifier,2026-08-21T14:00:47.133611+00:00
pay_0d0f68eeb6e244,order_ea1b6a0215a741,27819.91,INR,netbanking,BAD_REQUEST_ERROR,otp_timeout,The OTP was not entered within the allowed time.,cust_0049,2026-07-26 01:45:12,failed,payment,retryable_transient,retryable_with_delay,0.727,retryable_with_delay,retry_later,Likely insufficient funds — retrying after a cooldown window improves success odds.,1.0,2.0,False,2026-08-24 11:53:06,retry_later,skipped,0.0,retry_later not automated yet; scheduler required,2026-08-21T14:14:49.495389+00:00
pay_0d0f68eeb6e244,order_ea1b6a0215a741,27819.91,INR,netbanking,BAD_REQUEST_ERROR,otp_timeout,The OTP was not entered within the allowed time.,cust_0049,2026-07-26 01:45:12,failed,payment,retryable_transient,retryable_with_delay,0.727,retryable_with_delay,retry_later,Likely insufficient funds — retrying after a cooldown window improves success odds.,1.0,2.0,False,2026-08-24 11:53:06,retry_later,skipped,0.0,retry_later not automated yet; scheduler required,2026-08-21T14:21:39.108387+00:00
pay_0d0f68eeb6e244,order_ea1b6a0215a741,27819.91,INR,netbanking,BAD_REQUEST_ERROR,otp_timeout,The OTP was not entered within the allowed time.,cust_0049,2026-07-26 01:45:12,failed,payment,retryable_transient,retryable_with_delay,0.727,retryable_with_delay,retry_later,Likely insufficient funds — retrying after a cooldown window improves success odds.,1.0,2.0,False,2026-08-24 11:53:06,retry_later,skipped,0.0,'retry_later' not yet automated - needs a scheduler/notifier,2026-08-22T16:46:24.318828+00:00
pay_0d0f68eeb6e244,order_ea1b6a0215a741,27819.91,INR,netbanking,BAD_REQUEST_ERROR,otp_timeout,The OTP was not entered within the allowed time.,cust_0049,2026-07-26 01:45:12,failed,payment,retryable_transient,retryable_with_delay,0.727,retryable_with_delay,retry_later,Likely insufficient funds — retrying after a cooldown window improves success odds.,1.0,2.0,False,2026-08-24 11:53:06,retry_later,skipped,0.0,retry_later not automated yet; scheduler required,2026-08-22T16:46:43.897744+00:00
pay_cfbd430b58d94b,order_477593dcb4444e,16860.68,INR,card,BAD_REQUEST_ERROR,invalid_cvv,The CVV entered was incorrect.,cust_0054,2026-07-26 05:31:31,failed,payment,non_retryable,abandoned_checkout,0.454,escalate_human,escalate_human,Model confidence 0.45 below threshold 0.55 — cannot safely act on this diagnosis.,1.0,0.0,True,,escalate_human,skipped,0.0,"routed to human review, no automated action taken",2026-08-21T13:50:16.896317+00:00
pay_cfbd430b58d94b,order_477593dcb4444e,16860.68,INR,card,BAD_REQUEST_ERROR,invalid_cvv,The CVV entered was incorrect.,cust_0054,2026-07-26 05:31:31,failed,payment,non_retryable,abandoned_checkout,0.454,escalate_human,escalate_human,Model confidence 0.45 below threshold 0.55 — cannot safely act on this diagnosis.,1.0,0.0,True,,escalate_human,skipped,0.0,"routed to human review, no automated action taken",2026-08-21T13:58:24.859138+00:00
pay_cfbd430b58d94b,order_477593dcb4444e,16860.68,INR,card,BAD_REQUEST_ERROR,invalid_cvv,The CVV entered was incorrect.,cust_0054,2026-07-26 05:31:31,failed,payment,non_retryable,abandoned_checkout,0.454,escalate_human,escalate_human,Model confidence 0.45 below threshold 0.55 — cannot safely act on this diagnosis.,1.0,0.0,True,,escalate_human,skipped,0.0,"routed to human review, no automated action taken",2026-08-21T13:58:35.954434+00:00
pay_cfbd430b58d94b,order_477593dcb4444e,16860.68,INR,card,BAD_REQUEST_ERROR,invalid_cvv,The CVV entered was incorrect.,cust_0054,2026-07-26 05:31:31,failed,payment,non_retryable,abandoned_checkout,0.454,escalate_human,escalate_human,Model confidence 0.45 below threshold 0.55 — cannot safely act on this diagnosis.,1.0,0.0,True,,escalate_human,skipped,0.0,"routed to human review, no automated action taken",2026-08-21T14:00:47.136878+00:00
pay_cfbd430b58d94b,order_477593dcb4444e,16860.68,INR,card,BAD_REQUEST_ERROR,invalid_cvv,The CVV entered was incorrect.,cust_0054,2026-07-26 05:31:31,failed,payment,non_retryable,abandoned_checkout,0.454,escalate_human,escalate_human,Model confidence 0.45 below threshold 0.55 — cannot safely act on this diagnosis.,1.0,0.0,True,,escalate_human,skipped,0.0,Escalated to human review,2026-08-21T14:14:49.500401+00:00
pay_cfbd430b58d94b,order_477593dcb4444e,16860.68,INR,card,BAD_REQUEST_ERROR,invalid_cvv,The CVV entered was incorrect.,cust_0054,2026-07-26 05:31:31,failed,payment,non_retryable,abandoned_checkout,0.454,escalate_human,escalate_human,Model confidence 0.45 below threshold 0.55 — cannot safely act on this diagnosis.,1.0,0.0,True,,escalate_human,skipped,0.0,Escalated to human review,2026-08-21T14:21:39.112103+00:00
pay_cfbd430b58d94b,order_477593dcb4444e,16860.68,INR,card,BAD_REQUEST_ERROR,invalid_cvv,The CVV entered was incorrect.,cust_0054,2026-07-26 05:31:31,failed,payment,non_retryable,abandoned_checkout,0.454,escalate_human,escalate_human,Model confidence 0.45 below threshold 0.55 — cannot safely act on this diagnosis.,1.0,0.0,True,,escalate_human,skipped,0.0,"routed to human review, no automated action taken",2026-08-22T16:46:24.323369+00:00
pay_cfbd430b58d94b,order_477593dcb4444e,16860.68,INR,card,BAD_REQUEST_ERROR,invalid_cvv,The CVV entered was incorrect.,cust_0054,2026-07-26 05:31:31,failed,payment,non_retryable,abandoned_checkout,0.454,escalate_human,escalate_human,Model confidence 0.45 below threshold 0.55 — cannot safely act on this diagnosis.,1.0,0.0,True,,escalate_human,skipped,0.0,Escalated to human review,2026-08-22T16:46:43.899907+00:00
pay_44c254cbabf747,order_1031681b7c4146,7671.61,INR,emandate,BAD_REQUEST_ERROR,card_declined,The card was declined by the issuing bank.,cust_0100,2026-07-26 06:28:23,failed,subscription,non_retryable,retryable_transient,0.508,escalate_human,escalate_human,Model confidence 0.51 below threshold 0.55 — cannot safely act on this diagnosis.,1.0,0.0,True,,escalate_human,skipped,0.0,"routed to human review, no automated action taken",2026-08-21T13:50:16.899402+00:00
pay_44c254cbabf747,order_1031681b7c4146,7671.61,INR,emandate,BAD_REQUEST_ERROR,card_declined,The card was declined by the issuing bank.,cust_0100,2026-07-26 06:28:23,failed,subscription,non_retryable,retryable_transient,0.508,escalate_human,escalate_human,Model confidence 0.51 below threshold 0.55 — cannot safely act on this diagnosis.,1.0,0.0,True,,escalate_human,skipped,0.0,"routed to human review, no automated action taken",2026-08-21T13:58:24.866556+00:00
pay_44c254cbabf747,order_1031681b7c4146,7671.61,INR,emandate,BAD_REQUEST_ERROR,card_declined,The card was declined by the issuing bank.,cust_0100,2026-07-26 06:28:23,failed,subscription,non_retryable,retryable_transient,0.508,escalate_human,escalate_human,Model confidence 0.51 below threshold 0.55 — cannot safely act on this diagnosis.,1.0,0.0,True,,escalate_human,skipped,0.0,"routed to human review, no automated action taken",2026-08-21T13:58:35.957487+00:00
pay_44c254cbabf747,order_1031681b7c4146,7671.61,INR,emandate,BAD_REQUEST_ERROR,card_declined,The card was declined by the issuing bank.,cust_0100,2026-07-26 06:28:23,failed,subscription,non_retryable,retryable_transient,0.508,escalate_human,escalate_human,Model confidence 0.51 below threshold 0.55 — cannot safely act on this diagnosis.,1.0,0.0,True,,escalate_human,skipped,0.0,"routed to human review, no automated action taken",2026-08-21T14:00:47.139440+00:00
pay_44c254cbabf747,order_1031681b7c4146,7671.61,INR,emandate,BAD_REQUEST_ERROR,card_declined,The card was declined by the issuing bank.,cust_0100,2026-07-26 06:28:23,failed,subscription,non_retryable,retryable_transient,0.508,escalate_human,escalate_human,Model confidence 0.51 below threshold 0.55 — cannot safely act on this diagnosis.,1.0,0.0,True,,escalate_human,skipped,0.0,Escalated to human review,2026-08-21T14:14:49.503289+00:00
pay_44c254cbabf747,order_1031681b7c4146,7671.61,INR,emandate,BAD_REQUEST_ERROR,card_declined,The card was declined by the issuing bank.,cust_0100,2026-07-26 06:28:23,failed,subscription,non_retryable,retryable_transient,0.508,escalate_human,escalate_human,Model confidence 0.51 below threshold 0.55 — cannot safely act on this diagnosis.,1.0,0.0,True,,escalate_human,skipped,0.0,Escalated to human review,2026-08-21T14:21:39.115696+00:00
pay_44c254cbabf747,order_1031681b7c4146,7671.61,INR,emandate,BAD_REQUEST_ERROR,card_declined,The card was declined by the issuing bank.,cust_0100,2026-07-26 06:28:23,failed,subscription,non_retryable,retryable_transient,0.508,escalate_human,escalate_human,Model confidence 0.51 below threshold 0.55 — cannot safely act on this diagnosis.,1.0,0.0,True,,escalate_human,skipped,0.0,"routed to human review, no automated action taken",2026-08-22T16:46:24.327043+00:00
pay_44c254cbabf747,order_1031681b7c4146,7671.61,INR,emandate,BAD_REQUEST_ERROR,card_declined,The card was declined by the issuing bank.,cust_0100,2026-07-26 06:28:23,failed,subscription,non_retryable,retryable_transient,0.508,escalate_human,escalate_human,Model confidence 0.51 below threshold 0.55 — cannot safely act on this diagnosis.,1.0,0.0,True,,escalate_human,skipped,0.0,Escalated to human review,2026-08-22T16:46:43.903848+00:00
pay_f1d7b74656c145,order_cb2ac386176c42,9649.76,INR,emandate,BAD_REQUEST_ERROR,insufficient_funds,Payment failed due to insufficient funds in the customer's account.,cust_0097,2026-07-26 06:34:11,failed,subscription,retryable_with_delay,retryable_transient,0.975,retryable_transient,retry_now,Transient failure (network/gateway) — safe to retry immediately.,1.0,3.0,False,2026-08-23 12:23:06,retry_now,failed,0.0,Too many requests,2026-08-21T13:50:17.055084+00:00
pay_f1d7b74656c145,order_cb2ac386176c42,9649.76,INR,emandate,BAD_REQUEST_ERROR,insufficient_funds,Payment failed due to insufficient funds in the customer's account.,cust_0097,2026-07-26 06:34:11,failed,subscription,retryable_with_delay,retryable_transient,0.975,retryable_transient,retry_now,Transient failure (network/gateway) — safe to retry immediately.,1.0,3.0,False,2026-08-23 12:23:06,retry_now,failed,0.0,Too many requests,2026-08-21T13:58:24.922022+00:00
pay_f1d7b74656c145,order_cb2ac386176c42,9649.76,INR,emandate,BAD_REQUEST_ERROR,insufficient_funds,Payment failed due to insufficient funds in the customer's account.,cust_0097,2026-07-26 06:34:11,failed,subscription,retryable_with_delay,retryable_transient,0.975,retryable_transient,retry_now,Transient failure (network/gateway) — safe to retry immediately.,1.0,3.0,False,2026-08-23 12:23:06,retry_now,failed,0.0,Too many requests,2026-08-21T13:58:36.017614+00:00
pay_f1d7b74656c145,order_cb2ac386176c42,9649.76,INR,emandate,BAD_REQUEST_ERROR,insufficient_funds,Payment failed due to insufficient funds in the customer's account.,cust_0097,2026-07-26 06:34:11,failed,subscription,retryable_with_delay,retryable_transient,0.975,retryable_transient,retry_now,Transient failure (network/gateway) — safe to retry immediately.,1.0,3.0,False,2026-08-23 12:23:06,retry_now,failed,0.0,Too many requests,2026-08-21T14:00:47.199839+00:00
pay_f1d7b74656c145,order_cb2ac386176c42,9649.76,INR,emandate,BAD_REQUEST_ERROR,insufficient_funds,Payment failed due to insufficient funds in the customer's account.,cust_0097,2026-07-26 06:34:11,failed,subscription,retryable_with_delay,retryable_transient,0.975,retryable_transient,retry_now,Transient failure (network/gateway) — safe to retry immediately.,1.0,3.0,False,2026-08-23 12:23:06,retry_now,failed,0.0,Too many requests,2026-08-21T14:14:49.595995+00:00
pay_f1d7b74656c145,order_cb2ac386176c42,9649.76,INR,emandate,BAD_REQUEST_ERROR,insufficient_funds,Payment failed due to insufficient funds in the customer's account.,cust_0097,2026-07-26 06:34:11,failed,subscription,retryable_with_delay,retryable_transient,0.975,retryable_transient,retry_now,Transient failure (network/gateway) — safe to retry immediately.,1.0,3.0,False,2026-08-23 12:23:06,retry_now,failed,0.0,Too many requests,2026-08-21T14:21:40.234622+00:00
pay_f1d7b74656c145,order_cb2ac386176c42,9649.76,INR,emandate,BAD_REQUEST_ERROR,insufficient_funds,Payment failed due to insufficient funds in the customer's account.,cust_0097,2026-07-26 06:34:11,failed,subscription,retryable_with_delay,retryable_transient,0.975,retryable_transient,retry_now,Transient failure (network/gateway) — safe to retry immediately.,1.0,3.0,False,2026-08-23 12:23:06,retry_now,failed,0.0,Too many requests,2026-08-22T16:46:24.427815+00:00
pay_f1d7b74656c145,order_cb2ac386176c42,9649.76,INR,emandate,BAD_REQUEST_ERROR,insufficient_funds,Payment failed due to insufficient funds in the customer's account.,cust_0097,2026-07-26 06:34:11,failed,subscription,retryable_with_delay,retryable_transient,0.975,retryable_transient,retry_now,Transient failure (network/gateway) — safe to retry immediately.,1.0,3.0,False,2026-08-23 12:23:06,retry_now,failed,0.0,Too many requests,2026-08-22T16:46:45.034369+00:00
pay_9adb916bb74a47,order_adafc1195da14c,2699.74,INR,card,BAD_REQUEST_ERROR,payment_cancelled,The customer cancelled the payment/checkout before completion.,cust_0018,2026-07-26 08:36:29,failed,payment,abandoned_checkout,retryable_transient,0.57,retryable_transient,retry_now,Transient failure (network/gateway) — safe to retry immediately.,1.0,3.0,False,2026-08-23 12:23:06,retry_now,failed,0.0,Too many requests,2026-08-21T13:50:17.161325+00:00
pay_9adb916bb74a47,order_adafc1195da14c,2699.74,INR,card,BAD_REQUEST_ERROR,payment_cancelled,The customer cancelled the payment/checkout before completion.,cust_0018,2026-07-26 08:36:29,failed,payment,abandoned_checkout,retryable_transient,0.57,retryable_transient,retry_now,Transient failure (network/gateway) — safe to retry immediately.,1.0,3.0,False,2026-08-23 12:23:06,retry_now,failed,0.0,Too many requests,2026-08-21T13:58:24.999233+00:00
pay_9adb916bb74a47,order_adafc1195da14c,2699.74,INR,card,BAD_REQUEST_ERROR,payment_cancelled,The customer cancelled the payment/checkout before completion.,cust_0018,2026-07-26 08:36:29,failed,payment,abandoned_checkout,retryable_transient,0.57,retryable_transient,retry_now,Transient failure (network/gateway) — safe to retry immediately.,1.0,3.0,False,2026-08-23 12:23:06,retry_now,failed,0.0,Too many requests,2026-08-21T13:58:36.097718+00:00
pay_9adb916bb74a47,order_adafc1195da14c,2699.74,INR,card,BAD_REQUEST_ERROR,payment_cancelled,The customer cancelled the payment/checkout before completion.,cust_0018,2026-07-26 08:36:29,failed,payment,abandoned_checkout,retryable_transient,0.57,retryable_transient,retry_now,Transient failure (network/gateway) — safe to retry immediately.,1.0,3.0,False,2026-08-23 12:23:06,retry_now,failed,0.0,Too many requests,2026-08-21T14:00:47.278776+00:00
pay_9adb916bb74a47,order_adafc1195da14c,2699.74,INR,card,BAD_REQUEST_ERROR,payment_cancelled,The customer cancelled the payment/checkout before completion.,cust_0018,2026-07-26 08:36:29,failed,payment,abandoned_checkout,retryable_transient,0.57,retryable_transient,retry_now,Transient failure (network/gateway) — safe to retry immediately.,1.0,3.0,False,2026-08-23 12:23:06,retry_now,failed,0.0,Too many requests,2026-08-21T14:14:49.682438+00:00
pay_9adb916bb74a47,order_adafc1195da14c,2699.74,INR,card,BAD_REQUEST_ERROR,payment_cancelled,The customer cancelled the payment/checkout before completion.,cust_0018,2026-07-26 08:36:29,failed,payment,abandoned_checkout,retryable_transient,0.57,retryable_transient,retry_now,Transient failure (network/gateway) — safe to retry immediately.,1.0,3.0,False,2026-08-23 12:23:06,retry_now,failed,0.0,Too many requests,2026-08-21T14:21:41.316976+00:00
pay_9adb916bb74a47,order_adafc1195da14c,2699.74,INR,card,BAD_REQUEST_ERROR,payment_cancelled,The customer cancelled the payment/checkout before completion.,cust_0018,2026-07-26 08:36:29,failed,payment,abandoned_checkout,retryable_transient,0.57,retryable_transient,retry_now,Transient failure (network/gateway) — safe to retry immediately.,1.0,3.0,False,2026-08-23 12:23:06,retry_now,failed,0.0,Too many requests,2026-08-22T16:46:24.546991+00:00
pay_9adb916bb74a47,order_adafc1195da14c,2699.74,INR,card,BAD_REQUEST_ERROR,payment_cancelled,The customer cancelled the payment/checkout before completion.,cust_0018,2026-07-26 08:36:29,failed,payment,abandoned_checkout,retryable_transient,0.57,retryable_transient,retry_now,Transient failure (network/gateway) — safe to retry immediately.,1.0,3.0,False,2026-08-23 12:23:06,retry_now,failed,0.0,Too many requests,2026-08-22T16:46:46.134542+00:00
pay_32ef14b43cb44a,order_b7c98103a2154c,17137.93,INR,card,BAD_REQUEST_ERROR,payment_cancelled,The customer cancelled the payment/checkout before completion.,cust_0097,2026-07-26 09:16:46,failed,payment,abandoned_checkout,non_retryable,0.587,escalate_human,escalate_human,Max retry attempts (0) reached for bucket 'non_retryable' — stopping and escalating.,1.0,0.0,True,,escalate_human,skipped,0.0,"routed to human review, no automated action taken",2026-08-21T13:50:17.165939+00:00
pay_32ef14b43cb44a,order_b7c98103a2154c,17137.93,INR,card,BAD_REQUEST_ERROR,payment_cancelled,The customer cancelled the payment/checkout before completion.,cust_0097,2026-07-26 09:16:46,failed,payment,abandoned_checkout,non_retryable,0.587,escalate_human,escalate_human,Max retry attempts (0) reached for bucket 'non_retryable' — stopping and escalating.,1.0,0.0,True,,escalate_human,skipped,0.0,"routed to human review, no automated action taken",2026-08-21T13:58:25.002964+00:00
pay_32ef14b43cb44a,order_b7c98103a2154c,17137.93,INR,card,BAD_REQUEST_ERROR,payment_cancelled,The customer cancelled the payment/checkout before completion.,cust_0097,2026-07-26 09:16:46,failed,payment,abandoned_checkout,non_retryable,0.587,escalate_human,escalate_human,Max retry attempts (0) reached for bucket 'non_retryable' — stopping and escalating.,1.0,0.0,True,,escalate_human,skipped,0.0,"routed to human review, no automated action taken",2026-08-21T13:58:36.101641+00:00
pay_32ef14b43cb44a,order_b7c98103a2154c,17137.93,INR,card,BAD_REQUEST_ERROR,payment_cancelled,The customer cancelled the payment/checkout before completion.,cust_0097,2026-07-26 09:16:46,failed,payment,abandoned_checkout,non_retryable,0.587,escalate_human,escalate_human,Max retry attempts (0) reached for bucket 'non_retryable' — stopping and escalating.,1.0,0.0,True,,escalate_human,skipped,0.0,"routed to human review, no automated action taken",2026-08-21T14:00:47.283835+00:00
pay_32ef14b43cb44a,order_b7c98103a2154c,17137.93,INR,card,BAD_REQUEST_ERROR,payment_cancelled,The customer cancelled the payment/checkout before completion.,cust_0097,2026-07-26 09:16:46,failed,payment,abandoned_checkout,non_retryable,0.587,escalate_human,escalate_human,Max retry attempts (0) reached for bucket 'non_retryable' — stopping and escalating.,1.0,0.0,True,,escalate_human,skipped,0.0,Escalated to human review,2026-08-21T14:14:49.685248+00:00
pay_32ef14b43cb44a,order_b7c98103a2154c,17137.93,INR,card,BAD_REQUEST_ERROR,payment_cancelled,The customer cancelled the payment/checkout before completion.,cust_0097,2026-07-26 09:16:46,failed,payment,abandoned_checkout,non_retryable,0.587,escalate_human,escalate_human,Max retry attempts (0) reached for bucket 'non_retryable' — stopping and escalating.,1.0,0.0,True,,escalate_human,skipped,0.0,Escalated to human review,2026-08-21T14:21:41.322110+00:00
pay_32ef14b43cb44a,order_b7c98103a2154c,17137.93,INR,card,BAD_REQUEST_ERROR,payment_cancelled,The customer cancelled the payment/checkout before completion.,cust_0097,2026-07-26 09:16:46,failed,payment,abandoned_checkout,non_retryable,0.587,escalate_human,escalate_human,Max retry attempts (0) reached for bucket 'non_retryable' — stopping and escalating.,1.0,0.0,True,,escalate_human,skipped,0.0,"routed to human review, no automated action taken",2026-08-22T16:46:24.552483+00:00
pay_32ef14b43cb44a,order_b7c98103a2154c,17137.93,INR,card,BAD_REQUEST_ERROR,payment_cancelled,The customer cancelled the payment/checkout before completion.,cust_0097,2026-07-26 09:16:46,failed,payment,abandoned_checkout,non_retryable,0.587,escalate_human,escalate_human,Max retry attempts (0) reached for bucket 'non_retryable' — stopping and escalating.,1.0,0.0,True,,escalate_human,skipped,0.0,Escalated to human review,2026-08-22T16:46:46.140593+00:00
pay_affec597019046,order_126fbdcbc6344a,34136.15,INR,netbanking,GATEWAY_ERROR,network_timeout,The request timed out due to network issues at the gateway.,cust_0043,2026-07-26 10:09:31,failed,payment,retryable_transient,retryable_transient,0.777,retryable_transient,retry_now,Transient failure (network/gateway) — safe to retry immediately.,1.0,3.0,False,2026-08-23 12:23:06,retry_now,failed,0.0,Too many requests,2026-08-21T13:50:17.241430+00:00
pay_affec597019046,order_126fbdcbc6344a,34136.15,INR,netbanking,GATEWAY_ERROR,network_timeout,The request timed out due to network issues at the gateway.,cust_0043,2026-07-26 10:09:31,failed,payment,retryable_transient,retryable_transient,0.777,retryable_transient,retry_now,Transient failure (network/gateway) — safe to retry immediately.,1.0,3.0,False,2026-08-23 12:23:06,retry_now,failed,0.0,Too many requests,2026-08-21T13:58:25.086607+00:00
pay_affec597019046,order_126fbdcbc6344a,34136.15,INR,netbanking,GATEWAY_ERROR,network_timeout,The request timed out due to network issues at the gateway.,cust_0043,2026-07-26 10:09:31,failed,payment,retryable_transient,retryable_transient,0.777,retryable_transient,retry_now,Transient failure (network/gateway) — safe to retry immediately.,1.0,3.0,False,2026-08-23 12:23:06,retry_now,failed,0.0,Too many requests,2026-08-21T13:58:36.319120+00:00
pay_affec597019046,order_126fbdcbc6344a,34136.15,INR,netbanking,GATEWAY_ERROR,network_timeout,The request timed out due to network issues at the gateway.,cust_0043,2026-07-26 10:09:31,failed,payment,retryable_transient,retryable_transient,0.777,retryable_transient,retry_now,Transient failure (network/gateway) — safe to retry immediately.,1.0,3.0,False,2026-08-23 12:23:06,retry_now,failed,0.0,Too many requests,2026-08-21T14:00:47.347384+00:00
pay_affec597019046,order_126fbdcbc6344a,34136.15,INR,netbanking,GATEWAY_ERROR,network_timeout,The request timed out due to network issues at the gateway.,cust_0043,2026-07-26 10:09:31,failed,payment,retryable_transient,retryable_transient,0.777,retryable_transient,retry_now,Transient failure (network/gateway) — safe to retry immediately.,1.0,3.0,False,2026-08-23 12:23:06,retry_now,failed,0.0,Too many requests,2026-08-21T14:14:49.764843+00:00
pay_affec597019046,order_126fbdcbc6344a,34136.15,INR,netbanking,GATEWAY_ERROR,network_timeout,The request timed out due to network issues at the gateway.,cust_0043,2026-07-26 10:09:31,failed,payment,retryable_transient,retryable_transient,0.777,retryable_transient,retry_now,Transient failure (network/gateway) — safe to retry immediately.,1.0,3.0,False,2026-08-23 12:23:06,retry_now,failed,0.0,Too many requests,2026-08-21T14:21:42.394150+00:00
pay_affec597019046,order_126fbdcbc6344a,34136.15,INR,netbanking,GATEWAY_ERROR,network_timeout,The request timed out due to network issues at the gateway.,cust_0043,2026-07-26 10:09:31,failed,payment,retryable_transient,retryable_transient,0.777,retryable_transient,retry_now,Transient failure (network/gateway) — safe to retry immediately.,1.0,3.0,False,2026-08-23 12:23:06,retry_now,failed,0.0,Too many requests,2026-08-22T16:46:24.629222+00:00
pay_affec597019046,order_126fbdcbc6344a,34136.15,INR,netbanking,GATEWAY_ERROR,network_timeout,The request timed out due to network issues at the gateway.,cust_0043,2026-07-26 10:09:31,failed,payment,retryable_transient,retryable_transient,0.777,retryable_transient,retry_now,Transient failure (network/gateway) — safe to retry immediately.,1.0,3.0,False,2026-08-23 12:23:06,retry_now,failed,0.0,Too many requests,2026-08-22T16:46:47.268047+00:00
pay_216119fde87d4a,order_755c22b3401842,7765.31,INR,card,BAD_REQUEST_ERROR,card_declined,The card was declined by the issuing bank.,cust_0017,2026-07-26 12:34:58,failed,payment,non_retryable,non_retryable,0.709,escalate_human,escalate_human,Max retry attempts (0) reached for bucket 'non_retryable' — stopping and escalating.,1.0,0.0,True,,escalate_human,skipped,0.0,"routed to human review, no automated action taken",2026-08-21T13:50:17.247095+00:00
pay_216119fde87d4a,order_755c22b3401842,7765.31,INR,card,BAD_REQUEST_ERROR,card_declined,The card was declined by the issuing bank.,cust_0017,2026-07-26 12:34:58,failed,payment,non_retryable,non_retryable,0.709,escalate_human,escalate_human,Max retry attempts (0) reached for bucket 'non_retryable' — stopping and escalating.,1.0,0.0,True,,escalate_human,skipped,0.0,"routed to human review, no automated action taken",2026-08-21T13:58:25.090258+00:00
pay_216119fde87d4a,order_755c22b3401842,7765.31,INR,card,BAD_REQUEST_ERROR,card_declined,The card was declined by the issuing bank.,cust_0017,2026-07-26 12:34:58,failed,payment,non_retryable,non_retryable,0.709,escalate_human,escalate_human,Max retry attempts (0) reached for bucket 'non_retryable' — stopping and escalating.,1.0,0.0,True,,escalate_human,skipped,0.0,"routed to human review, no automated action taken",2026-08-21T13:58:36.325351+00:00
pay_216119fde87d4a,order_755c22b3401842,7765.31,INR,card,BAD_REQUEST_ERROR,card_declined,The card was declined by the issuing bank.,cust_0017,2026-07-26 12:34:58,failed,payment,non_retryable,non_retryable,0.709,escalate_human,escalate_human,Max retry attempts (0) reached for bucket 'non_retryable' — stopping and escalating.,1.0,0.0,True,,escalate_human,skipped,0.0,"routed to human review, no automated action taken",2026-08-21T14:00:47.352824+00:00
pay_216119fde87d4a,order_755c22b3401842,7765.31,INR,card,BAD_REQUEST_ERROR,card_declined,The card was declined by the issuing bank.,cust_0017,2026-07-26 12:34:58,failed,payment,non_retryable,non_retryable,0.709,escalate_human,escalate_human,Max retry attempts (0) reached for bucket 'non_retryable' — stopping and escalating.,1.0,0.0,True,,escalate_human,skipped,0.0,Escalated to human review,2026-08-21T14:14:49.769352+00:00
pay_216119fde87d4a,order_755c22b3401842,7765.31,INR,card,BAD_REQUEST_ERROR,card_declined,The card was declined by the issuing bank.,cust_0017,2026-07-26 12:34:58,failed,payment,non_retryable,non_retryable,0.709,escalate_human,escalate_human,Max retry attempts (0) reached for bucket 'non_retryable' — stopping and escalating.,1.0,0.0,True,,escalate_human,skipped,0.0,Escalated to human review,2026-08-21T14:21:42.399254+00:00
pay_216119fde87d4a,order_755c22b3401842,7765.31,INR,card,BAD_REQUEST_ERROR,card_declined,The card was declined by the issuing bank.,cust_0017,2026-07-26 12:34:58,failed,payment,non_retryable,non_retryable,0.709,escalate_human,escalate_human,Max retry attempts (0) reached for bucket 'non_retryable' — stopping and escalating.,1.0,0.0,True,,escalate_human,skipped,0.0,"routed to human review, no automated action taken",2026-08-22T16:46:24.632984+00:00
pay_216119fde87d4a,order_755c22b3401842,7765.31,INR,card,BAD_REQUEST_ERROR,card_declined,The card was declined by the issuing bank.,cust_0017,2026-07-26 12:34:58,failed,payment,non_retryable,non_retryable,0.709,escalate_human,escalate_human,Max retry attempts (0) reached for bucket 'non_retryable' — stopping and escalating.,1.0,0.0,True,,escalate_human,skipped,0.0,Escalated to human review,2026-08-22T16:46:47.273542+00:00
pay_52bf197c365e4a,order_6df2570849854b,9210.51,INR,emandate,BAD_REQUEST_ERROR,insufficient_funds,Payment failed due to insufficient funds in the customer's account.,cust_0004,2026-07-26 12:35:46,failed,subscription,retryable_with_delay,retryable_transient,0.899,retryable_transient,retry_now,Transient failure (network/gateway) — safe to retry immediately.,1.0,3.0,False,2026-08-23 12:23:06,retry_now,failed,0.0,Too many requests,2026-08-21T13:50:17.321165+00:00
pay_52bf197c365e4a,order_6df2570849854b,9210.51,INR,emandate,BAD_REQUEST_ERROR,insufficient_funds,Payment failed due to insufficient funds in the customer's account.,cust_0004,2026-07-26 12:35:46,failed,subscription,retryable_with_delay,retryable_transient,0.899,retryable_transient,retry_now,Transient failure (network/gateway) — safe to retry immediately.,1.0,3.0,False,2026-08-23 12:23:06,retry_now,failed,0.0,Too many requests,2026-08-21T13:58:25.163028+00:00
pay_52bf197c365e4a,order_6df2570849854b,9210.51,INR,emandate,BAD_REQUEST_ERROR,insufficient_funds,Payment failed due to insufficient funds in the customer's account.,cust_0004,2026-07-26 12:35:46,failed,subscription,retryable_with_delay,retryable_transient,0.899,retryable_transient,retry_now,Transient failure (network/gateway) — safe to retry immediately.,1.0,3.0,False,2026-08-23 12:23:06,retry_now,failed,0.0,Too many requests,2026-08-21T13:58:36.400651+00:00
pay_52bf197c365e4a,order_6df2570849854b,9210.51,INR,emandate,BAD_REQUEST_ERROR,insufficient_funds,Payment failed due to insufficient funds in the customer's account.,cust_0004,2026-07-26 12:35:46,failed,subscription,retryable_with_delay,retryable_transient,0.899,retryable_transient,retry_now,Transient failure (network/gateway) — safe to retry immediately.,1.0,3.0,False,2026-08-23 12:23:06,retry_now,failed,0.0,Too many requests,2026-08-21T14:00:47.438811+00:00
pay_52bf197c365e4a,order_6df2570849854b,9210.51,INR,emandate,BAD_REQUEST_ERROR,insufficient_funds,Payment failed due to insufficient funds in the customer's account.,cust_0004,2026-07-26 12:35:46,failed,subscription,retryable_with_delay,retryable_transient,0.899,retryable_transient,retry_now,Transient failure (network/gateway) — safe to retry immediately.,1.0,3.0,False,2026-08-23 12:23:06,retry_now,failed,0.0,Too many requests,2026-08-21T14:14:49.875670+00:00
pay_52bf197c365e4a,order_6df2570849854b,9210.51,INR,emandate,BAD_REQUEST_ERROR,insufficient_funds,Payment failed due to insufficient funds in the customer's account.,cust_0004,2026-07-26 12:35:46,failed,subscription,retryable_with_delay,retryable_transient,0.899,retryable_transient,retry_now,Transient failure (network/gateway) — safe to retry immediately.,1.0,3.0,False,2026-08-23 12:23:06,retry_now,failed,0.0,Too many requests,2026-08-21T14:21:43.525985+00:00
pay_52bf197c365e4a,order_6df2570849854b,9210.51,INR,emandate,BAD_REQUEST_ERROR,insufficient_funds,Payment failed due to insufficient funds in the customer's account.,cust_0004,2026-07-26 12:35:46,failed,subscription,retryable_with_delay,retryable_transient,0.899,retryable_transient,retry_now,Transient failure (network/gateway) — safe to retry immediately.,1.0,3.0,False,2026-08-23 12:23:06,retry_now,failed,0.0,Too many requests,2026-08-22T16:46:24.710717+00:00
pay_52bf197c365e4a,order_6df2570849854b,9210.51,INR,emandate,BAD_REQUEST_ERROR,insufficient_funds,Payment failed due to insufficient funds in the customer's account.,cust_0004,2026-07-26 12:35:46,failed,subscription,retryable_with_delay,retryable_transient,0.899,retryable_transient,retry_now,Transient failure (network/gateway) — safe to retry immediately.,1.0,3.0,False,2026-08-23 12:23:06,retry_now,failed,0.0,Too many requests,2026-08-22T16:46:48.395653+00:00
pay_94f071b753ef42,order_1bf8192a184c4b,42690.9,INR,netbanking,BAD_REQUEST_ERROR,insufficient_funds,Payment failed due to insufficient funds in the customer's account.,cust_0049,2026-07-26 13:10:48,failed,payment,retryable_with_delay,escalate_human,0.75,escalate_human,escalate_human,Low model confidence or high-risk signal — routed to human review instead of auto-acting.,1.0,0.0,True,,escalate_human,skipped,0.0,"routed to human review, no automated action taken",2026-08-21T13:50:17.326335+00:00
pay_94f071b753ef42,order_1bf8192a184c4b,42690.9,INR,netbanking,BAD_REQUEST_ERROR,insufficient_funds,Payment failed due to insufficient funds in the customer's account.,cust_0049,2026-07-26 13:10:48,failed,payment,retryable_with_delay,escalate_human,0.75,escalate_human,escalate_human,Low model confidence or high-risk signal — routed to human review instead of auto-acting.,1.0,0.0,True,,escalate_human,skipped,0.0,"routed to human review, no automated action taken",2026-08-21T13:58:25.165964+00:00
pay_94f071b753ef42,order_1bf8192a184c4b,42690.9,INR,netbanking,BAD_REQUEST_ERROR,insufficient_funds,Payment failed due to insufficient funds in the customer's account.,cust_0049,2026-07-26 13:10:48,failed,payment,retryable_with_delay,escalate_human,0.75,escalate_human,escalate_human,Low model confidence or high-risk signal — routed to human review instead of auto-acting.,1.0,0.0,True,,escalate_human,skipped,0.0,"routed to human review, no automated action taken",2026-08-21T13:58:36.404775+00:00
pay_94f071b753ef42,order_1bf8192a184c4b,42690.9,INR,netbanking,BAD_REQUEST_ERROR,insufficient_funds,Payment failed due to insufficient funds in the customer's account.,cust_0049,2026-07-26 13:10:48,failed,payment,retryable_with_delay,escalate_human,0.75,escalate_human,escalate_human,Low model confidence or high-risk signal — routed to human review instead of auto-acting.,1.0,0.0,True,,escalate_human,skipped,0.0,"routed to human review, no automated action taken",2026-08-21T14:00:47.442621+00:00
pay_94f071b753ef42,order_1bf8192a184c4b,42690.9,INR,netbanking,BAD_REQUEST_ERROR,insufficient_funds,Payment failed due to insufficient funds in the customer's account.,cust_0049,2026-07-26 13:10:48,failed,payment,retryable_with_delay,escalate_human,0.75,escalate_human,escalate_human,Low model confidence or high-risk signal — routed to human review instead of auto-acting.,1.0,0.0,True,,escalate_human,skipped,0.0,Escalated to human review,2026-08-21T14:14:49.881632+00:00
pay_94f071b753ef42,order_1bf8192a184c4b,42690.9,INR,netbanking,BAD_REQUEST_ERROR,insufficient_funds,Payment failed due to insufficient funds in the customer's account.,cust_0049,2026-07-26 13:10:48,failed,payment,retryable_with_delay,escalate_human,0.75,escalate_human,escalate_human,Low model confidence or high-risk signal — routed to human review instead of auto-acting.,1.0,0.0,True,,escalate_human,skipped,0.0,Escalated to human review,2026-08-21T14:21:43.533446+00:00
pay_94f071b753ef42,order_1bf8192a184c4b,42690.9,INR,netbanking,BAD_REQUEST_ERROR,insufficient_funds,Payment failed due to insufficient funds in the customer's account.,cust_0049,2026-07-26 13:10:48,failed,payment,retryable_with_delay,escalate_human,0.75,escalate_human,escalate_human,Low model confidence or high-risk signal — routed to human review instead of auto-acting.,1.0,0.0,True,,escalate_human,skipped,0.0,"routed to human review, no automated action taken",2026-08-22T16:46:24.714554+00:00
pay_94f071b753ef42,order_1bf8192a184c4b,42690.9,INR,netbanking,BAD_REQUEST_ERROR,insufficient_funds,Payment failed due to insufficient funds in the customer's account.,cust_0049,2026-07-26 13:10:48,failed,payment,retryable_with_delay,escalate_human,0.75,escalate_human,escalate_human,Low model confidence or high-risk signal — routed to human review instead of auto-acting.,1.0,0.0,True,,escalate_human,skipped,0.0,Escalated to human review,2026-08-22T16:46:48.400326+00:00
pay_e7e9905e95fc45,order_3c29c41bba8d43,4600.89,INR,wallet,GATEWAY_ERROR,network_timeout,The request timed out due to network issues at the gateway.,cust_0021,2026-07-26 16:05:18,failed,payment,retryable_transient,retryable_transient,0.984,retryable_transient,retry_now,Transient failure (network/gateway) — safe to retry immediately.,1.0,3.0,False,2026-08-23 12:23:06,retry_now,failed,0.0,Too many requests,2026-08-21T13:50:17.401375+00:00
pay_e7e9905e95fc45,order_3c29c41bba8d43,4600.89,INR,wallet,GATEWAY_ERROR,network_timeout,The request timed out due to network issues at the gateway.,cust_0021,2026-07-26 16:05:18,failed,payment,retryable_transient,retryable_transient,0.984,retryable_transient,retry_now,Transient failure (network/gateway) — safe to retry immediately.,1.0,3.0,False,2026-08-23 12:23:06,retry_now,failed,0.0,Too many requests,2026-08-21T13:58:25.244811+00:00
pay_e7e9905e95fc45,order_3c29c41bba8d43,4600.89,INR,wallet,GATEWAY_ERROR,network_timeout,The request timed out due to network issues at the gateway.,cust_0021,2026-07-26 16:05:18,failed,payment,retryable_transient,retryable_transient,0.984,retryable_transient,retry_now,Transient failure (network/gateway) — safe to retry immediately.,1.0,3.0,False,2026-08-23 12:23:06,retry_now,failed,0.0,Too many requests,2026-08-21T13:58:36.479978+00:00
pay_e7e9905e95fc45,order_3c29c41bba8d43,4600.89,INR,wallet,GATEWAY_ERROR,network_timeout,The request timed out due to network issues at the gateway.,cust_0021,2026-07-26 16:05:18,failed,payment,retryable_transient,retryable_transient,0.984,retryable_transient,retry_now,Transient failure (network/gateway) — safe to retry immediately.,1.0,3.0,False,2026-08-23 12:23:06,retry_now,failed,0.0,Too many requests,2026-08-21T14:00:47.518853+00:00
pay_e7e9905e95fc45,order_3c29c41bba8d43,4600.89,INR,wallet,GATEWAY_ERROR,network_timeout,The request timed out due to network issues at the gateway.,cust_0021,2026-07-26 16:05:18,failed,payment,retryable_transient,retryable_transient,0.984,retryable_transient,retry_now,Transient failure (network/gateway) — safe to retry immediately.,1.0,3.0,False,2026-08-23 12:23:06,retry_now,failed,0.0,Too many requests,2026-08-21T14:14:49.956560+00:00
pay_e7e9905e95fc45,order_3c29c41bba8d43,4600.89,INR,wallet,GATEWAY_ERROR,network_timeout,The request timed out due to network issues at the gateway.,cust_0021,2026-07-26 16:05:18,failed,payment,retryable_transient,retryable_transient,0.984,retryable_transient,retry_now,Transient failure (network/gateway) — safe to retry immediately.,1.0,3.0,False,2026-08-23 12:23:06,retry_now,failed,0.0,Too many requests,2026-08-21T14:21:44.875048+00:00
pay_e7e9905e95fc45,order_3c29c41bba8d43,4600.89,INR,wallet,GATEWAY_ERROR,network_timeout,The request timed out due to network issues at the gateway.,cust_0021,2026-07-26 16:05:18,failed,payment,retryable_transient,retryable_transient,0.984,retryable_transient,retry_now,Transient failure (network/gateway) — safe to retry immediately.,1.0,3.0,False,2026-08-23 12:23:06,retry_now,failed,0.0,Too many requests,2026-08-22T16:46:24.794879+00:00
pay_e7e9905e95fc45,order_3c29c41bba8d43,4600.89,INR,wallet,GATEWAY_ERROR,network_timeout,The request timed out due to network issues at the gateway.,cust_0021,2026-07-26 16:05:18,failed,payment,retryable_transient,retryable_transient,0.984,retryable_transient,retry_now,Transient failure (network/gateway) — safe to retry immediately.,1.0,3.0,False,2026-08-23 12:23:06,retry_now,failed,0.0,Too many requests,2026-08-22T16:46:49.654922+00:00
pay_034312d49fa14c,order_3dcb8f9513ff4f,14919.95,INR,upi,GATEWAY_ERROR,bank_technical_error,A technical error occurred at the bank's end.,cust_0038,2026-07-26 16:45:06,failed,payment,retryable_transient,retryable_transient,0.981,retryable_transient,retry_now,Transient failure (network/gateway) — safe to retry immediately.,1.0,3.0,False,2026-08-23 12:23:06,retry_now,failed,0.0,Too many requests,2026-08-21T13:50:17.482378+00:00
pay_034312d49fa14c,order_3dcb8f9513ff4f,14919.95,INR,upi,GATEWAY_ERROR,bank_technical_error,A technical error occurred at the bank's end.,cust_0038,2026-07-26 16:45:06,failed,payment,retryable_transient,retryable_transient,0.981,retryable_transient,retry_now,Transient failure (network/gateway) — safe to retry immediately.,1.0,3.0,False,2026-08-23 12:23:06,retry_now,failed,0.0,Too many requests,2026-08-21T13:58:25.319229+00:00
pay_034312d49fa14c,order_3dcb8f9513ff4f,14919.95,INR,upi,GATEWAY_ERROR,bank_technical_error,A technical error occurred at the bank's end.,cust_0038,2026-07-26 16:45:06,failed,payment,retryable_transient,retryable_transient,0.981,retryable_transient,retry_now,Transient failure (network/gateway) — safe to retry immediately.,1.0,3.0,False,2026-08-23 12:23:06,retry_now,failed,0.0,Too many requests,2026-08-21T13:58:36.568188+00:00
pay_034312d49fa14c,order_3dcb8f9513ff4f,14919.95,INR,upi,GATEWAY_ERROR,bank_technical_error,A technical error occurred at the bank's end.,cust_0038,2026-07-26 16:45:06,failed,payment,retryable_transient,retryable_transient,0.981,retryable_transient,retry_now,Transient failure (network/gateway) — safe to retry immediately.,1.0,3.0,False,2026-08-23 12:23:06,retry_now,failed,0.0,Too many requests,2026-08-21T14:00:47.598931+00:00
pay_034312d49fa14c,order_3dcb8f9513ff4f,14919.95,INR,upi,GATEWAY_ERROR,bank_technical_error,A technical error occurred at the bank's end.,cust_0038,2026-07-26 16:45:06,failed,payment,retryable_transient,retryable_transient,0.981,retryable_transient,retry_now,Transient failure (network/gateway) — safe to retry immediately.,1.0,3.0,False,2026-08-23 12:23:06,retry_now,failed,0.0,Too many requests,2026-08-21T14:14:50.034097+00:00
pay_034312d49fa14c,order_3dcb8f9513ff4f,14919.95,INR,upi,GATEWAY_ERROR,bank_technical_error,A technical error occurred at the bank's end.,cust_0038,2026-07-26 16:45:06,failed,payment,retryable_transient,retryable_transient,0.981,retryable_transient,retry_now,Transient failure (network/gateway) — safe to retry immediately.,1.0,3.0,False,2026-08-23 12:23:06,retry_now,failed,0.0,Too many requests,2026-08-21T14:21:46.096030+00:00
pay_034312d49fa14c,order_3dcb8f9513ff4f,14919.95,INR,upi,GATEWAY_ERROR,bank_technical_error,A technical error occurred at the bank's end.,cust_0038,2026-07-26 16:45:06,failed,payment,retryable_transient,retryable_transient,0.981,retryable_transient,retry_now,Transient failure (network/gateway) — safe to retry immediately.,1.0,3.0,False,2026-08-23 12:23:06,retry_now,failed,0.0,Too many requests,2026-08-22T16:46:24.865678+00:00
pay_034312d49fa14c,order_3dcb8f9513ff4f,14919.95,INR,upi,GATEWAY_ERROR,bank_technical_error,A technical error occurred at the bank's end.,cust_0038,2026-07-26 16:45:06,failed,payment,retryable_transient,retryable_transient,0.981,retryable_transient,retry_now,Transient failure (network/gateway) — safe to retry immediately.,1.0,3.0,False,2026-08-23 12:23:06,retry_now,failed,0.0,Too many requests,2026-08-22T16:46:50.747109+00:00
pay_e93fee3805e449,order_c9242d44a8b24e,2565.51,INR,card,BAD_REQUEST_ERROR,insufficient_funds,Payment failed due to insufficient funds in the customer's account.,cust_0028,2026-07-26 16:50:17,failed,payment,retryable_with_delay,non_retryable,0.418,escalate_human,escalate_human,Model confidence 0.42 below threshold 0.55 — cannot safely act on this diagnosis.,1.0,0.0,True,,escalate_human,skipped,0.0,"routed to human review, no automated action taken",2026-08-21T13:50:17.486412+00:00
pay_e93fee3805e449,order_c9242d44a8b24e,2565.51,INR,card,BAD_REQUEST_ERROR,insufficient_funds,Payment failed due to insufficient funds in the customer's account.,cust_0028,2026-07-26 16:50:17,failed,payment,retryable_with_delay,non_retryable,0.418,escalate_human,escalate_human,Model confidence 0.42 below threshold 0.55 — cannot safely act on this diagnosis.,1.0,0.0,True,,escalate_human,skipped,0.0,"routed to human review, no automated action taken",2026-08-21T13:58:25.322967+00:00
pay_e93fee3805e449,order_c9242d44a8b24e,2565.51,INR,card,BAD_REQUEST_ERROR,insufficient_funds,Payment failed due to insufficient funds in the customer's account.,cust_0028,2026-07-26 16:50:17,failed,payment,retryable_with_delay,non_retryable,0.418,escalate_human,escalate_human,Model confidence 0.42 below threshold 0.55 — cannot safely act on this diagnosis.,1.0,0.0,True,,escalate_human,skipped,0.0,"routed to human review, no automated action taken",2026-08-21T13:58:36.574033+00:00
pay_e93fee3805e449,order_c9242d44a8b24e,2565.51,INR,card,BAD_REQUEST_ERROR,insufficient_funds,Payment failed due to insufficient funds in the customer's account.,cust_0028,2026-07-26 16:50:17,failed,payment,retryable_with_delay,non_retryable,0.418,escalate_human,escalate_human,Model confidence 0.42 below threshold 0.55 — cannot safely act on this diagnosis.,1.0,0.0,True,,escalate_human,skipped,0.0,"routed to human review, no automated action taken",2026-08-21T14:00:47.602915+00:00
pay_e93fee3805e449,order_c9242d44a8b24e,2565.51,INR,card,BAD_REQUEST_ERROR,insufficient_funds,Payment failed due to insufficient funds in the customer's account.,cust_0028,2026-07-26 16:50:17,failed,payment,retryable_with_delay,non_retryable,0.418,escalate_human,escalate_human,Model confidence 0.42 below threshold 0.55 — cannot safely act on this diagnosis.,1.0,0.0,True,,escalate_human,skipped,0.0,Escalated to human review,2026-08-21T14:14:50.036091+00:00
pay_e93fee3805e449,order_c9242d44a8b24e,2565.51,INR,card,BAD_REQUEST_ERROR,insufficient_funds,Payment failed due to insufficient funds in the customer's account.,cust_0028,2026-07-26 16:50:17,failed,payment,retryable_with_delay,non_retryable,0.418,escalate_human,escalate_human,Model confidence 0.42 below threshold 0.55 — cannot safely act on this diagnosis.,1.0,0.0,True,,escalate_human,skipped,0.0,Escalated to human review,2026-08-21T14:21:46.101325+00:00
pay_e93fee3805e449,order_c9242d44a8b24e,2565.51,INR,card,BAD_REQUEST_ERROR,insufficient_funds,Payment failed due to insufficient funds in the customer's account.,cust_0028,2026-07-26 16:50:17,failed,payment,retryable_with_delay,non_retryable,0.418,escalate_human,escalate_human,Model confidence 0.42 below threshold 0.55 — cannot safely act on this diagnosis.,1.0,0.0,True,,escalate_human,skipped,0.0,"routed to human review, no automated action taken",2026-08-22T16:46:24.870685+00:00
pay_e93fee3805e449,order_c9242d44a8b24e,2565.51,INR,card,BAD_REQUEST_ERROR,insufficient_funds,Payment failed due to insufficient funds in the customer's account.,cust_0028,2026-07-26 16:50:17,failed,payment,retryable_with_delay,non_retryable,0.418,escalate_human,escalate_human,Model confidence 0.42 below threshold 0.55 — cannot safely act on this diagnosis.,1.0,0.0,True,,escalate_human,skipped,0.0,Escalated to human review,2026-08-22T16:46:50.751920+00:00
pay_59d6bd6a213542,order_7214602854ad4a,18620.18,INR,card,BAD_REQUEST_ERROR,card_declined,The card was declined by the issuing bank.,cust_0015,2026-07-26 21:57:40,failed,payment,non_retryable,abandoned_checkout,0.328,escalate_human,escalate_human,Model confidence 0.33 below threshold 0.55 — cannot safely act on this diagnosis.,1.0,0.0,True,,escalate_human,skipped,0.0,"routed to human review, no automated action taken",2026-08-21T13:50:17.490964+00:00
pay_59d6bd6a213542,order_7214602854ad4a,18620.18,INR,card,BAD_REQUEST_ERROR,card_declined,The card was declined by the issuing bank.,cust_0015,2026-07-26 21:57:40,failed,payment,non_retryable,abandoned_checkout,0.328,escalate_human,escalate_human,Model confidence 0.33 below threshold 0.55 — cannot safely act on this diagnosis.,1.0,0.0,True,,escalate_human,skipped,0.0,"routed to human review, no automated action taken",2026-08-21T13:58:25.326570+00:00
pay_59d6bd6a213542,order_7214602854ad4a,18620.18,INR,card,BAD_REQUEST_ERROR,card_declined,The card was declined by the issuing bank.,cust_0015,2026-07-26 21:57:40,failed,payment,non_retryable,abandoned_checkout,0.328,escalate_human,escalate_human,Model confidence 0.33 below threshold 0.55 — cannot safely act on this diagnosis.,1.0,0.0,True,,escalate_human,skipped,0.0,"routed to human review, no automated action taken",2026-08-21T13:58:36.577869+00:00
pay_59d6bd6a213542,order_7214602854ad4a,18620.18,INR,card,BAD_REQUEST_ERROR,card_declined,The card was declined by the issuing bank.,cust_0015,2026-07-26 21:57:40,failed,payment,non_retryable,abandoned_checkout,0.328,escalate_human,escalate_human,Model confidence 0.33 below threshold 0.55 — cannot safely act on this diagnosis.,1.0,0.0,True,,escalate_human,skipped,0.0,"routed to human review, no automated action taken",2026-08-21T14:00:47.606064+00:00
pay_59d6bd6a213542,order_7214602854ad4a,18620.18,INR,card,BAD_REQUEST_ERROR,card_declined,The card was declined by the issuing bank.,cust_0015,2026-07-26 21:57:40,failed,payment,non_retryable,abandoned_checkout,0.328,escalate_human,escalate_human,Model confidence 0.33 below threshold 0.55 — cannot safely act on this diagnosis.,1.0,0.0,True,,escalate_human,skipped,0.0,Escalated to human review,2026-08-21T14:14:50.038395+00:00
pay_59d6bd6a213542,order_7214602854ad4a,18620.18,INR,card,BAD_REQUEST_ERROR,card_declined,The card was declined by the issuing bank.,cust_0015,2026-07-26 21:57:40,failed,payment,non_retryable,abandoned_checkout,0.328,escalate_human,escalate_human,Model confidence 0.33 below threshold 0.55 — cannot safely act on this diagnosis.,1.0,0.0,True,,escalate_human,skipped,0.0,Escalated to human review,2026-08-21T14:21:46.105005+00:00
pay_59d6bd6a213542,order_7214602854ad4a,18620.18,INR,card,BAD_REQUEST_ERROR,card_declined,The card was declined by the issuing bank.,cust_0015,2026-07-26 21:57:40,failed,payment,non_retryable,abandoned_checkout,0.328,escalate_human,escalate_human,Model confidence 0.33 below threshold 0.55 — cannot safely act on this diagnosis.,1.0,0.0,True,,escalate_human,skipped,0.0,"routed to human review, no automated action taken",2026-08-22T16:46:24.874395+00:00
pay_59d6bd6a213542,order_7214602854ad4a,18620.18,INR,card,BAD_REQUEST_ERROR,card_declined,The card was declined by the issuing bank.,cust_0015,2026-07-26 21:57:40,failed,payment,non_retryable,abandoned_checkout,0.328,escalate_human,escalate_human,Model confidence 0.33 below threshold 0.55 — cannot safely act on this diagnosis.,1.0,0.0,True,,escalate_human,skipped,0.0,Escalated to human review,2026-08-22T16:46:50.755810+00:00
pay_a3240a1f508c47,order_e70a478acdb548,1166.38,INR,wallet,GATEWAY_ERROR,network_timeout,The request timed out due to network issues at the gateway.,cust_0049,2026-07-27 02:03:14,failed,payment,retryable_transient,retryable_transient,0.925,retryable_transient,retry_now,Transient failure (network/gateway) — safe to retry immediately.,1.0,3.0,False,2026-08-23 12:23:06,retry_now,failed,0.0,Too many requests,2026-08-21T13:50:17.561333+00:00
pay_a3240a1f508c47,order_e70a478acdb548,1166.38,INR,wallet,GATEWAY_ERROR,network_timeout,The request timed out due to network issues at the gateway.,cust_0049,2026-07-27 02:03:14,failed,payment,retryable_transient,retryable_transient,0.925,retryable_transient,retry_now,Transient failure (network/gateway) — safe to retry immediately.,1.0,3.0,False,2026-08-23 12:23:06,retry_now,failed,0.0,Too many requests,2026-08-21T13:58:25.401167+00:00
pay_a3240a1f508c47,order_e70a478acdb548,1166.38,INR,wallet,GATEWAY_ERROR,network_timeout,The request timed out due to network issues at the gateway.,cust_0049,2026-07-27 02:03:14,failed,payment,retryable_transient,retryable_transient,0.925,retryable_transient,retry_now,Transient failure (network/gateway) — safe to retry immediately.,1.0,3.0,False,2026-08-23 12:23:06,retry_now,failed,0.0,Too many requests,2026-08-21T13:58:36.653786+00:00
pay_a3240a1f508c47,order_e70a478acdb548,1166.38,INR,wallet,GATEWAY_ERROR,network_timeout,The request timed out due to network issues at the gateway.,cust_0049,2026-07-27 02:03:14,failed,payment,retryable_transient,retryable_transient,0.925,retryable_transient,retry_now,Transient failure (network/gateway) — safe to retry immediately.,1.0,3.0,False,2026-08-23 12:23:06,retry_now,failed,0.0,Too many requests,2026-08-21T14:00:47.680395+00:00
pay_a3240a1f508c47,order_e70a478acdb548,1166.38,INR,wallet,GATEWAY_ERROR,network_timeout,The request timed out due to network issues at the gateway.,cust_0049,2026-07-27 02:03:14,failed,payment,retryable_transient,retryable_transient,0.925,retryable_transient,retry_now,Transient failure (network/gateway) — safe to retry immediately.,1.0,3.0,False,2026-08-23 12:23:06,retry_now,failed,0.0,Too many requests,2026-08-21T14:14:50.101023+00:00
pay_a3240a1f508c47,order_e70a478acdb548,1166.38,INR,wallet,GATEWAY_ERROR,network_timeout,The request timed out due to network issues at the gateway.,cust_0049,2026-07-27 02:03:14,failed,payment,retryable_transient,retryable_transient,0.925,retryable_transient,retry_now,Transient failure (network/gateway) — safe to retry immediately.,1.0,3.0,False,2026-08-23 12:23:06,retry_now,failed,0.0,Too many requests,2026-08-21T14:21:47.307227+00:00
pay_a3240a1f508c47,order_e70a478acdb548,1166.38,INR,wallet,GATEWAY_ERROR,network_timeout,The request timed out due to network issues at the gateway.,cust_0049,2026-07-27 02:03:14,failed,payment,retryable_transient,retryable_transient,0.925,retryable_transient,retry_now,Transient failure (network/gateway) — safe to retry immediately.,1.0,3.0,False,2026-08-23 12:23:06,retry_now,failed,0.0,Too many requests,2026-08-22T16:46:24.947114+00:00
pay_a3240a1f508c47,order_e70a478acdb548,1166.38,INR,wallet,GATEWAY_ERROR,network_timeout,The request timed out due to network issues at the gateway.,cust_0049,2026-07-27 02:03:14,failed,payment,retryable_transient,retryable_transient,0.925,retryable_transient,retry_now,Transient failure (network/gateway) — safe to retry immediately.,1.0,3.0,False,2026-08-23 12:23:06,retry_now,failed,0.0,Too many requests,2026-08-22T16:46:51.828428+00:00
pay_b24bb629a14a4b,order_22197f67fb0b41,20161.32,INR,card,BAD_REQUEST_ERROR,otp_timeout,The OTP was not entered within the allowed time.,cust_0060,2026-07-27 07:25:50,failed,payment,retryable_transient,retryable_transient,0.98,retryable_transient,retry_now,Transient failure (network/gateway) — safe to retry immediately.,1.0,3.0,False,2026-08-23 12:23:06,retry_now,failed,0.0,Too many requests,2026-08-21T13:50:17.641460+00:00
pay_b24bb629a14a4b,order_22197f67fb0b41,20161.32,INR,card,BAD_REQUEST_ERROR,otp_timeout,The OTP was not entered within the allowed time.,cust_0060,2026-07-27 07:25:50,failed,payment,retryable_transient,retryable_transient,0.98,retryable_transient,retry_now,Transient failure (network/gateway) — safe to retry immediately.,1.0,3.0,False,2026-08-23 12:23:06,retry_now,failed,0.0,Too many requests,2026-08-21T13:58:25.479832+00:00
pay_b24bb629a14a4b,order_22197f67fb0b41,20161.32,INR,card,BAD_REQUEST_ERROR,otp_timeout,The OTP was not entered within the allowed time.,cust_0060,2026-07-27 07:25:50,failed,payment,retryable_transient,retryable_transient,0.98,retryable_transient,retry_now,Transient failure (network/gateway) — safe to retry immediately.,1.0,3.0,False,2026-08-23 12:23:06,retry_now,failed,0.0,Too many requests,2026-08-21T13:58:36.719282+00:00
pay_b24bb629a14a4b,order_22197f67fb0b41,20161.32,INR,card,BAD_REQUEST_ERROR,otp_timeout,The OTP was not entered within the allowed time.,cust_0060,2026-07-27 07:25:50,failed,payment,retryable_transient,retryable_transient,0.98,retryable_transient,retry_now,Transient failure (network/gateway) — safe to retry immediately.,1.0,3.0,False,2026-08-23 12:23:06,retry_now,failed,0.0,Too many requests,2026-08-21T14:00:47.760885+00:00
pay_b24bb629a14a4b,order_22197f67fb0b41,20161.32,INR,card,BAD_REQUEST_ERROR,otp_timeout,The OTP was not entered within the allowed time.,cust_0060,2026-07-27 07:25:50,failed,payment,retryable_transient,retryable_transient,0.98,retryable_transient,retry_now,Transient failure (network/gateway) — safe to retry immediately.,1.0,3.0,False,2026-08-23 12:23:06,retry_now,failed,0.0,Too many requests,2026-08-21T14:14:50.367528+00:00
pay_b24bb629a14a4b,order_22197f67fb0b41,20161.32,INR,card,BAD_REQUEST_ERROR,otp_timeout,The OTP was not entered within the allowed time.,cust_0060,2026-07-27 07:25:50,failed,payment,retryable_transient,retryable_transient,0.98,retryable_transient,retry_now,Transient failure (network/gateway) — safe to retry immediately.,1.0,3.0,False,2026-08-23 12:23:06,retry_now,failed,0.0,Too many requests,2026-08-21T14:21:48.394005+00:00
pay_b24bb629a14a4b,order_22197f67fb0b41,20161.32,INR,card,BAD_REQUEST_ERROR,otp_timeout,The OTP was not entered within the allowed time.,cust_0060,2026-07-27 07:25:50,failed,payment,retryable_transient,retryable_transient,0.98,retryable_transient,retry_now,Transient failure (network/gateway) — safe to retry immediately.,1.0,3.0,False,2026-08-23 12:23:06,retry_now,failed,0.0,Too many requests,2026-08-22T16:46:25.015861+00:00
pay_b24bb629a14a4b,order_22197f67fb0b41,20161.32,INR,card,BAD_REQUEST_ERROR,otp_timeout,The OTP was not entered within the allowed time.,cust_0060,2026-07-27 07:25:50,failed,payment,retryable_transient,retryable_transient,0.98,retryable_transient,retry_now,Transient failure (network/gateway) — safe to retry immediately.,1.0,3.0,False,2026-08-23 12:23:06,retry_now,failed,0.0,Too many requests,2026-08-22T16:46:52.954129+00:00
pay_6e5ff97815ce48,order_e898bc5ee2c844,5645.75,INR,emandate,BAD_REQUEST_ERROR,mandate_not_approved,The e-mandate registration was not approved in time by the customer.,cust_0025,2026-07-27 08:58:51,failed,subscription,retryable_with_delay,abandoned_checkout,0.411,escalate_human,escalate_human,Model confidence 0.41 below threshold 0.55 — cannot safely act on this diagnosis.,1.0,0.0,True,,escalate_human,skipped,0.0,"routed to human review, no automated action taken",2026-08-21T13:50:17.646250+00:00
pay_6e5ff97815ce48,order_e898bc5ee2c844,5645.75,INR,emandate,BAD_REQUEST_ERROR,mandate_not_approved,The e-mandate registration was not approved in time by the customer.,cust_0025,2026-07-27 08:58:51,failed,subscription,retryable_with_delay,abandoned_checkout,0.411,escalate_human,escalate_human,Model confidence 0.41 below threshold 0.55 — cannot safely act on this diagnosis.,1.0,0.0,True,,escalate_human,skipped,0.0,"routed to human review, no automated action taken",2026-08-21T13:58:25.484748+00:00
pay_6e5ff97815ce48,order_e898bc5ee2c844,5645.75,INR,emandate,BAD_REQUEST_ERROR,mandate_not_approved,The e-mandate registration was not approved in time by the customer.,cust_0025,2026-07-27 08:58:51,failed,subscription,retryable_with_delay,abandoned_checkout,0.411,escalate_human,escalate_human,Model confidence 0.41 below threshold 0.55 — cannot safely act on this diagnosis.,1.0,0.0,True,,escalate_human,skipped,0.0,"routed to human review, no automated action taken",2026-08-21T13:58:36.723476+00:00
pay_6e5ff97815ce48,order_e898bc5ee2c844,5645.75,INR,emandate,BAD_REQUEST_ERROR,mandate_not_approved,The e-mandate registration was not approved in time by the customer.,cust_0025,2026-07-27 08:58:51,failed,subscription,retryable_with_delay,abandoned_checkout,0.411,escalate_human,escalate_human,Model confidence 0.41 below threshold 0.55 — cannot safely act on this diagnosis.,1.0,0.0,True,,escalate_human,skipped,0.0,"routed to human review, no automated action taken",2026-08-21T14:00:47.764587+00:00
pay_6e5ff97815ce48,order_e898bc5ee2c844,5645.75,INR,emandate,BAD_REQUEST_ERROR,mandate_not_approved,The e-mandate registration was not approved in time by the customer.,cust_0025,2026-07-27 08:58:51,failed,subscription,retryable_with_delay,abandoned_checkout,0.411,escalate_human,escalate_human,Model confidence 0.41 below threshold 0.55 — cannot safely act on this diagnosis.,1.0,0.0,True,,escalate_human,skipped,0.0,Escalated to human review,2026-08-21T14:14:50.372257+00:00
pay_6e5ff97815ce48,order_e898bc5ee2c844,5645.75,INR,emandate,BAD_REQUEST_ERROR,mandate_not_approved,The e-mandate registration was not approved in time by the customer.,cust_0025,2026-07-27 08:58:51,failed,subscription,retryable_with_delay,abandoned_checkout,0.411,escalate_human,escalate_human,Model confidence 0.41 below threshold 0.55 — cannot safely act on this diagnosis.,1.0,0.0,True,,escalate_human,skipped,0.0,Escalated to human review,2026-08-21T14:21:48.398789+00:00
pay_6e5ff97815ce48,order_e898bc5ee2c844,5645.75,INR,emandate,BAD_REQUEST_ERROR,mandate_not_approved,The e-mandate registration was not approved in time by the customer.,cust_0025,2026-07-27 08:58:51,failed,subscription,retryable_with_delay,abandoned_checkout,0.411,escalate_human,escalate_human,Model confidence 0.41 below threshold 0.55 — cannot safely act on this diagnosis.,1.0,0.0,True,,escalate_human,skipped,0.0,"routed to human review, no automated action taken",2026-08-22T16:46:25.020210+00:00
pay_6e5ff97815ce48,order_e898bc5ee2c844,5645.75,INR,emandate,BAD_REQUEST_ERROR,mandate_not_approved,The e-mandate registration was not approved in time by the customer.,cust_0025,2026-07-27 08:58:51,failed,subscription,retryable_with_delay,abandoned_checkout,0.411,escalate_human,escalate_human,Model confidence 0.41 below threshold 0.55 — cannot safely act on this diagnosis.,1.0,0.0,True,,escalate_human,skipped,0.0,Escalated to human review,2026-08-22T16:46:52.958979+00:00
pay_7ca10fcce42a45,order_e39451bc582d41,4475.66,INR,emandate,BAD_REQUEST_ERROR,expired_card,The card used for payment has expired.,cust_0015,2026-07-27 15:02:39,failed,subscription,non_retryable,non_retryable,0.46,escalate_human,escalate_human,Model confidence 0.46 below threshold 0.55 — cannot safely act on this diagnosis.,1.0,0.0,True,,escalate_human,skipped,0.0,"routed to human review, no automated action taken",2026-08-21T13:50:17.650654+00:00
pay_7ca10fcce42a45,order_e39451bc582d41,4475.66,INR,emandate,BAD_REQUEST_ERROR,expired_card,The card used for payment has expired.,cust_0015,2026-07-27 15:02:39,failed,subscription,non_retryable,non_retryable,0.46,escalate_human,escalate_human,Model confidence 0.46 below threshold 0.55 — cannot safely act on this diagnosis.,1.0,0.0,True,,escalate_human,skipped,0.0,"routed to human review, no automated action taken",2026-08-21T13:58:25.488520+00:00
pay_7ca10fcce42a45,order_e39451bc582d41,4475.66,INR,emandate,BAD_REQUEST_ERROR,expired_card,The card used for payment has expired.,cust_0015,2026-07-27 15:02:39,failed,subscription,non_retryable,non_retryable,0.46,escalate_human,escalate_human,Model confidence 0.46 below threshold 0.55 — cannot safely act on this diagnosis.,1.0,0.0,True,,escalate_human,skipped,0.0,"routed to human review, no automated action taken",2026-08-21T13:58:36.727161+00:00
pay_7ca10fcce42a45,order_e39451bc582d41,4475.66,INR,emandate,BAD_REQUEST_ERROR,expired_card,The card used for payment has expired.,cust_0015,2026-07-27 15:02:39,failed,subscription,non_retryable,non_retryable,0.46,escalate_human,escalate_human,Model confidence 0.46 below threshold 0.55 — cannot safely act on this diagnosis.,1.0,0.0,True,,escalate_human,skipped,0.0,"routed to human review, no automated action taken",2026-08-21T14:00:47.767613+00:00
pay_7ca10fcce42a45,order_e39451bc582d41,4475.66,INR,emandate,BAD_REQUEST_ERROR,expired_card,The card used for payment has expired.,cust_0015,2026-07-27 15:02:39,failed,subscription,non_retryable,non_retryable,0.46,escalate_human,escalate_human,Model confidence 0.46 below threshold 0.55 — cannot safely act on this diagnosis.,1.0,0.0,True,,escalate_human,skipped,0.0,Escalated to human review,2026-08-21T14:14:50.376349+00:00
pay_7ca10fcce42a45,order_e39451bc582d41,4475.66,INR,emandate,BAD_REQUEST_ERROR,expired_card,The card used for payment has expired.,cust_0015,2026-07-27 15:02:39,failed,subscription,non_retryable,non_retryable,0.46,escalate_human,escalate_human,Model confidence 0.46 below threshold 0.55 — cannot safely act on this diagnosis.,1.0,0.0,True,,escalate_human,skipped,0.0,Escalated to human review,2026-08-21T14:21:48.402556+00:00
pay_7ca10fcce42a45,order_e39451bc582d41,4475.66,INR,emandate,BAD_REQUEST_ERROR,expired_card,The card used for payment has expired.,cust_0015,2026-07-27 15:02:39,failed,subscription,non_retryable,non_retryable,0.46,escalate_human,escalate_human,Model confidence 0.46 below threshold 0.55 — cannot safely act on this diagnosis.,1.0,0.0,True,,escalate_human,skipped,0.0,"routed to human review, no automated action taken",2026-08-22T16:46:25.022808+00:00
pay_7ca10fcce42a45,order_e39451bc582d41,4475.66,INR,emandate,BAD_REQUEST_ERROR,expired_card,The card used for payment has expired.,cust_0015,2026-07-27 15:02:39,failed,subscription,non_retryable,non_retryable,0.46,escalate_human,escalate_human,Model confidence 0.46 below threshold 0.55 — cannot safely act on this diagnosis.,1.0,0.0,True,,escalate_human,skipped,0.0,Escalated to human review,2026-08-22T16:46:52.962643+00:00
pay_2a3858d4c0e14a,order_4400b8864f4d46,1731.72,INR,wallet,SERVER_ERROR,internal_server_error,An internal server error occurred while processing the payment.,cust_0035,2026-07-27 19:20:16,failed,payment,retryable_transient,retryable_with_delay,0.766,retryable_with_delay,retry_later,Likely insufficient funds — retrying after a cooldown window improves success odds.,1.0,2.0,False,2026-08-24 11:53:06,retry_later,skipped,0.0,'retry_later' not yet automated - needs a scheduler/notifier,2026-08-21T13:50:17.654321+00:00
pay_2a3858d4c0e14a,order_4400b8864f4d46,1731.72,INR,wallet,SERVER_ERROR,internal_server_error,An internal server error occurred while processing the payment.,cust_0035,2026-07-27 19:20:16,failed,payment,retryable_transient,retryable_with_delay,0.766,retryable_with_delay,retry_later,Likely insufficient funds — retrying after a cooldown window improves success odds.,1.0,2.0,False,2026-08-24 11:53:06,retry_later,skipped,0.0,'retry_later' not yet automated - needs a scheduler/notifier,2026-08-21T13:58:25.492512+00:00
pay_2a3858d4c0e14a,order_4400b8864f4d46,1731.72,INR,wallet,SERVER_ERROR,internal_server_error,An internal server error occurred while processing the payment.,cust_0035,2026-07-27 19:20:16,failed,payment,retryable_transient,retryable_with_delay,0.766,retryable_with_delay,retry_later,Likely insufficient funds — retrying after a cooldown window improves success odds.,1.0,2.0,False,2026-08-24 11:53:06,retry_later,skipped,0.0,'retry_later' not yet automated - needs a scheduler/notifier,2026-08-21T13:58:36.730687+00:00
pay_2a3858d4c0e14a,order_4400b8864f4d46,1731.72,INR,wallet,SERVER_ERROR,internal_server_error,An internal server error occurred while processing the payment.,cust_0035,2026-07-27 19:20:16,failed,payment,retryable_transient,retryable_with_delay,0.766,retryable_with_delay,retry_later,Likely insufficient funds — retrying after a cooldown window improves success odds.,1.0,2.0,False,2026-08-24 11:53:06,retry_later,skipped,0.0,'retry_later' not yet automated - needs a scheduler/notifier,2026-08-21T14:00:47.770594+00:00
pay_2a3858d4c0e14a,order_4400b8864f4d46,1731.72,INR,wallet,SERVER_ERROR,internal_server_error,An internal server error occurred while processing the payment.,cust_0035,2026-07-27 19:20:16,failed,payment,retryable_transient,retryable_with_delay,0.766,retryable_with_delay,retry_later,Likely insufficient funds — retrying after a cooldown window improves success odds.,1.0,2.0,False,2026-08-24 11:53:06,retry_later,skipped,0.0,retry_later not automated yet; scheduler required,2026-08-21T14:14:50.380641+00:00
pay_2a3858d4c0e14a,order_4400b8864f4d46,1731.72,INR,wallet,SERVER_ERROR,internal_server_error,An internal server error occurred while processing the payment.,cust_0035,2026-07-27 19:20:16,failed,payment,retryable_transient,retryable_with_delay,0.766,retryable_with_delay,retry_later,Likely insufficient funds — retrying after a cooldown window improves success odds.,1.0,2.0,False,2026-08-24 11:53:06,retry_later,skipped,0.0,retry_later not automated yet; scheduler required,2026-08-21T14:21:48.406327+00:00
pay_2a3858d4c0e14a,order_4400b8864f4d46,1731.72,INR,wallet,SERVER_ERROR,internal_server_error,An internal server error occurred while processing the payment.,cust_0035,2026-07-27 19:20:16,failed,payment,retryable_transient,retryable_with_delay,0.766,retryable_with_delay,retry_later,Likely insufficient funds — retrying after a cooldown window improves success odds.,1.0,2.0,False,2026-08-24 11:53:06,retry_later,skipped,0.0,'retry_later' not yet automated - needs a scheduler/notifier,2026-08-22T16:46:25.026623+00:00
pay_2a3858d4c0e14a,order_4400b8864f4d46,1731.72,INR,wallet,SERVER_ERROR,internal_server_error,An internal server error occurred while processing the payment.,cust_0035,2026-07-27 19:20:16,failed,payment,retryable_transient,retryable_with_delay,0.766,retryable_with_delay,retry_later,Likely insufficient funds — retrying after a cooldown window improves success odds.,1.0,2.0,False,2026-08-24 11:53:06,retry_later,skipped,0.0,retry_later not automated yet; scheduler required,2026-08-22T16:46:52.966477+00:00
pay_74a4633a7fea40,order_68f2eb98d0944c,42162.63,INR,netbanking,BAD_REQUEST_ERROR,payment_cancelled,The customer cancelled the payment/checkout before completion.,cust_0078,2026-07-27 19:25:30,failed,payment,abandoned_checkout,retryable_transient,0.906,retryable_transient,retry_now,Transient failure (network/gateway) — safe to retry immediately.,1.0,3.0,False,2026-08-23 12:23:06,retry_now,failed,0.0,Too many requests,2026-08-21T13:50:17.721071+00:00
pay_74a4633a7fea40,order_68f2eb98d0944c,42162.63,INR,netbanking,BAD_REQUEST_ERROR,payment_cancelled,The customer cancelled the payment/checkout before completion.,cust_0078,2026-07-27 19:25:30,failed,payment,abandoned_checkout,retryable_transient,0.906,retryable_transient,retry_now,Transient failure (network/gateway) — safe to retry immediately.,1.0,3.0,False,2026-08-23 12:23:06,retry_now,failed,0.0,Too many requests,2026-08-21T13:58:25.599948+00:00
pay_74a4633a7fea40,order_68f2eb98d0944c,42162.63,INR,netbanking,BAD_REQUEST_ERROR,payment_cancelled,The customer cancelled the payment/checkout before completion.,cust_0078,2026-07-27 19:25:30,failed,payment,abandoned_checkout,retryable_transient,0.906,retryable_transient,retry_now,Transient failure (network/gateway) — safe to retry immediately.,1.0,3.0,False,2026-08-23 12:23:06,retry_now,failed,0.0,Too many requests,2026-08-21T13:58:36.879176+00:00
pay_74a4633a7fea40,order_68f2eb98d0944c,42162.63,INR,netbanking,BAD_REQUEST_ERROR,payment_cancelled,The customer cancelled the payment/checkout before completion.,cust_0078,2026-07-27 19:25:30,failed,payment,abandoned_checkout,retryable_transient,0.906,retryable_transient,retry_now,Transient failure (network/gateway) — safe to retry immediately.,1.0,3.0,False,2026-08-23 12:23:06,retry_now,failed,0.0,Too many requests,2026-08-21T14:00:47.841344+00:00
pay_74a4633a7fea40,order_68f2eb98d0944c,42162.63,INR,netbanking,BAD_REQUEST_ERROR,payment_cancelled,The customer cancelled the payment/checkout before completion.,cust_0078,2026-07-27 19:25:30,failed,payment,abandoned_checkout,retryable_transient,0.906,retryable_transient,retry_now,Transient failure (network/gateway) — safe to retry immediately.,1.0,3.0,False,2026-08-23 12:23:06,retry_now,failed,0.0,Too many requests,2026-08-21T14:14:50.440011+00:00
pay_74a4633a7fea40,order_68f2eb98d0944c,42162.63,INR,netbanking,BAD_REQUEST_ERROR,payment_cancelled,The customer cancelled the payment/checkout before completion.,cust_0078,2026-07-27 19:25:30,failed,payment,abandoned_checkout,retryable_transient,0.906,retryable_transient,retry_now,Transient failure (network/gateway) — safe to retry immediately.,1.0,3.0,False,2026-08-23 12:23:06,retry_now,failed,0.0,Too many requests,2026-08-21T14:21:49.515279+00:00
pay_74a4633a7fea40,order_68f2eb98d0944c,42162.63,INR,netbanking,BAD_REQUEST_ERROR,payment_cancelled,The customer cancelled the payment/checkout before completion.,cust_0078,2026-07-27 19:25:30,failed,payment,abandoned_checkout,retryable_transient,0.906,retryable_transient,retry_now,Transient failure (network/gateway) — safe to retry immediately.,1.0,3.0,False,2026-08-23 12:23:06,retry_now,failed,0.0,Too many requests,2026-08-22T16:46:25.110898+00:00
pay_74a4633a7fea40,order_68f2eb98d0944c,42162.63,INR,netbanking,BAD_REQUEST_ERROR,payment_cancelled,The customer cancelled the payment/checkout before completion.,cust_0078,2026-07-27 19:25:30,failed,payment,abandoned_checkout,retryable_transient,0.906,retryable_transient,retry_now,Transient failure (network/gateway) — safe to retry immediately.,1.0,3.0,False,2026-08-23 12:23:06,retry_now,failed,0.0,Too many requests,2026-08-22T16:46:54.076050+00:00
pay_658b789db20d41,order_326261aa441841,9263.24,INR,upi,GATEWAY_ERROR,network_timeout,The request timed out due to network issues at the gateway.,cust_0050,2026-07-27 20:07:06,failed,payment,retryable_transient,retryable_with_delay,0.525,escalate_human,escalate_human,Model confidence 0.52 below threshold 0.55 — cannot safely act on this diagnosis.,1.0,0.0,True,,escalate_human,skipped,0.0,"routed to human review, no automated action taken",2026-08-21T13:50:17.724107+00:00
pay_658b789db20d41,order_326261aa441841,9263.24,INR,upi,GATEWAY_ERROR,network_timeout,The request timed out due to network issues at the gateway.,cust_0050,2026-07-27 20:07:06,failed,payment,retryable_transient,retryable_with_delay,0.525,escalate_human,escalate_human,Model confidence 0.52 below threshold 0.55 — cannot safely act on this diagnosis.,1.0,0.0,True,,escalate_human,skipped,0.0,"routed to human review, no automated action taken",2026-08-21T13:58:25.604512+00:00
pay_658b789db20d41,order_326261aa441841,9263.24,INR,upi,GATEWAY_ERROR,network_timeout,The request timed out due to network issues at the gateway.,cust_0050,2026-07-27 20:07:06,failed,payment,retryable_transient,retryable_with_delay,0.525,escalate_human,escalate_human,Model confidence 0.52 below threshold 0.55 — cannot safely act on this diagnosis.,1.0,0.0,True,,escalate_human,skipped,0.0,"routed to human review, no automated action taken",2026-08-21T13:58:36.882917+00:00
pay_658b789db20d41,order_326261aa441841,9263.24,INR,upi,GATEWAY_ERROR,network_timeout,The request timed out due to network issues at the gateway.,cust_0050,2026-07-27 20:07:06,failed,payment,retryable_transient,retryable_with_delay,0.525,escalate_human,escalate_human,Model confidence 0.52 below threshold 0.55 — cannot safely act on this diagnosis.,1.0,0.0,True,,escalate_human,skipped,0.0,"routed to human review, no automated action taken",2026-08-21T14:00:47.844594+00:00
pay_658b789db20d41,order_326261aa441841,9263.24,INR,upi,GATEWAY_ERROR,network_timeout,The request timed out due to network issues at the gateway.,cust_0050,2026-07-27 20:07:06,failed,payment,retryable_transient,retryable_with_delay,0.525,escalate_human,escalate_human,Model confidence 0.52 below threshold 0.55 — cannot safely act on this diagnosis.,1.0,0.0,True,,escalate_human,skipped,0.0,Escalated to human review,2026-08-21T14:14:50.444238+00:00
pay_658b789db20d41,order_326261aa441841,9263.24,INR,upi,GATEWAY_ERROR,network_timeout,The request timed out due to network issues at the gateway.,cust_0050,2026-07-27 20:07:06,failed,payment,retryable_transient,retryable_with_delay,0.525,escalate_human,escalate_human,Model confidence 0.52 below threshold 0.55 — cannot safely act on this diagnosis.,1.0,0.0,True,,escalate_human,skipped,0.0,Escalated to human review,2026-08-21T14:21:49.520813+00:00
pay_658b789db20d41,order_326261aa441841,9263.24,INR,upi,GATEWAY_ERROR,network_timeout,The request timed out due to network issues at the gateway.,cust_0050,2026-07-27 20:07:06,failed,payment,retryable_transient,retryable_with_delay,0.525,escalate_human,escalate_human,Model confidence 0.52 below threshold 0.55 — cannot safely act on this diagnosis.,1.0,0.0,True,,escalate_human,skipped,0.0,"routed to human review, no automated action taken",2026-08-22T16:46:25.114824+00:00
pay_658b789db20d41,order_326261aa441841,9263.24,INR,upi,GATEWAY_ERROR,network_timeout,The request timed out due to network issues at the gateway.,cust_0050,2026-07-27 20:07:06,failed,payment,retryable_transient,retryable_with_delay,0.525,escalate_human,escalate_human,Model confidence 0.52 below threshold 0.55 — cannot safely act on this diagnosis.,1.0,0.0,True,,escalate_human,skipped,0.0,Escalated to human review,2026-08-22T16:46:54.082337+00:00
pay_5fa331218bab45,order_9e68b14b3e7a49,6202.99,INR,emandate,BAD_REQUEST_ERROR,expired_card,The card used for payment has expired.,cust_0055,2026-07-27 22:47:09,failed,subscription,non_retryable,retryable_transient,0.598,retryable_transient,retry_now,Transient failure (network/gateway) — safe to retry immediately.,1.0,3.0,False,2026-08-23 12:23:06,retry_now,failed,0.0,Too many requests,2026-08-21T13:50:17.801763+00:00
pay_5fa331218bab45,order_9e68b14b3e7a49,6202.99,INR,emandate,BAD_REQUEST_ERROR,expired_card,The card used for payment has expired.,cust_0055,2026-07-27 22:47:09,failed,subscription,non_retryable,retryable_transient,0.598,retryable_transient,retry_now,Transient failure (network/gateway) — safe to retry immediately.,1.0,3.0,False,2026-08-23 12:23:06,retry_now,failed,0.0,Too many requests,2026-08-21T13:58:25.701482+00:00
pay_5fa331218bab45,order_9e68b14b3e7a49,6202.99,INR,emandate,BAD_REQUEST_ERROR,expired_card,The card used for payment has expired.,cust_0055,2026-07-27 22:47:09,failed,subscription,non_retryable,retryable_transient,0.598,retryable_transient,retry_now,Transient failure (network/gateway) — safe to retry immediately.,1.0,3.0,False,2026-08-23 12:23:06,retry_now,failed,0.0,Too many requests,2026-08-21T13:58:36.959867+00:00
pay_5fa331218bab45,order_9e68b14b3e7a49,6202.99,INR,emandate,BAD_REQUEST_ERROR,expired_card,The card used for payment has expired.,cust_0055,2026-07-27 22:47:09,failed,subscription,non_retryable,retryable_transient,0.598,retryable_transient,retry_now,Transient failure (network/gateway) — safe to retry immediately.,1.0,3.0,False,2026-08-23 12:23:06,retry_now,failed,0.0,Too many requests,2026-08-21T14:00:47.918597+00:00
pay_5fa331218bab45,order_9e68b14b3e7a49,6202.99,INR,emandate,BAD_REQUEST_ERROR,expired_card,The card used for payment has expired.,cust_0055,2026-07-27 22:47:09,failed,subscription,non_retryable,retryable_transient,0.598,retryable_transient,retry_now,Transient failure (network/gateway) — safe to retry immediately.,1.0,3.0,False,2026-08-23 12:23:06,retry_now,failed,0.0,Too many requests,2026-08-21T14:14:50.522605+00:00
pay_5fa331218bab45,order_9e68b14b3e7a49,6202.99,INR,emandate,BAD_REQUEST_ERROR,expired_card,The card used for payment has expired.,cust_0055,2026-07-27 22:47:09,failed,subscription,non_retryable,retryable_transient,0.598,retryable_transient,retry_now,Transient failure (network/gateway) — safe to retry immediately.,1.0,3.0,False,2026-08-23 12:23:06,retry_now,failed,0.0,Too many requests,2026-08-21T14:21:50.615178+00:00
pay_5fa331218bab45,order_9e68b14b3e7a49,6202.99,INR,emandate,BAD_REQUEST_ERROR,expired_card,The card used for payment has expired.,cust_0055,2026-07-27 22:47:09,failed,subscription,non_retryable,retryable_transient,0.598,retryable_transient,retry_now,Transient failure (network/gateway) — safe to retry immediately.,1.0,3.0,False,2026-08-23 12:23:06,retry_now,failed,0.0,Too many requests,2026-08-22T16:46:25.184809+00:00
pay_5fa331218bab45,order_9e68b14b3e7a49,6202.99,INR,emandate,BAD_REQUEST_ERROR,expired_card,The card used for payment has expired.,cust_0055,2026-07-27 22:47:09,failed,subscription,non_retryable,retryable_transient,0.598,retryable_transient,retry_now,Transient failure (network/gateway) — safe to retry immediately.,1.0,3.0,False,2026-08-23 12:23:06,retry_now,failed,0.0,Too many requests,2026-08-22T16:46:55.175995+00:00
pay_8add8044a8b944,order_40db96f59d6646,11025.01,INR,netbanking,BAD_REQUEST_ERROR,payment_cancelled,The customer cancelled the payment/checkout before completion.,cust_0051,2026-07-28 05:14:55,failed,payment,abandoned_checkout,retryable_transient,0.94,retryable_transient,retry_now,Transient failure (network/gateway) — safe to retry immediately.,1.0,3.0,False,2026-08-23 12:23:06,retry_now,failed,0.0,Too many requests,2026-08-21T13:50:17.881376+00:00
pay_8add8044a8b944,order_40db96f59d6646,11025.01,INR,netbanking,BAD_REQUEST_ERROR,payment_cancelled,The customer cancelled the payment/checkout before completion.,cust_0051,2026-07-28 05:14:55,failed,payment,abandoned_checkout,retryable_transient,0.94,retryable_transient,retry_now,Transient failure (network/gateway) — safe to retry immediately.,1.0,3.0,False,2026-08-23 12:23:06,retry_now,failed,0.0,Too many requests,2026-08-21T13:58:25.808600+00:00
pay_8add8044a8b944,order_40db96f59d6646,11025.01,INR,netbanking,BAD_REQUEST_ERROR,payment_cancelled,The customer cancelled the payment/checkout before completion.,cust_0051,2026-07-28 05:14:55,failed,payment,abandoned_checkout,retryable_transient,0.94,retryable_transient,retry_now,Transient failure (network/gateway) — safe to retry immediately.,1.0,3.0,False,2026-08-23 12:23:06,retry_now,failed,0.0,Too many requests,2026-08-21T13:58:37.039145+00:00
pay_8add8044a8b944,order_40db96f59d6646,11025.01,INR,netbanking,BAD_REQUEST_ERROR,payment_cancelled,The customer cancelled the payment/checkout before completion.,cust_0051,2026-07-28 05:14:55,failed,payment,abandoned_checkout,retryable_transient,0.94,retryable_transient,retry_now,Transient failure (network/gateway) — safe to retry immediately.,1.0,3.0,False,2026-08-23 12:23:06,retry_now,failed,0.0,Too many requests,2026-08-21T14:00:47.990882+00:00
pay_8add8044a8b944,order_40db96f59d6646,11025.01,INR,netbanking,BAD_REQUEST_ERROR,payment_cancelled,The customer cancelled the payment/checkout before completion.,cust_0051,2026-07-28 05:14:55,failed,payment,abandoned_checkout,retryable_transient,0.94,retryable_transient,retry_now,Transient failure (network/gateway) — safe to retry immediately.,1.0,3.0,False,2026-08-23 12:23:06,retry_now,failed,0.0,Too many requests,2026-08-21T14:14:50.790173+00:00
pay_8add8044a8b944,order_40db96f59d6646,11025.01,INR,netbanking,BAD_REQUEST_ERROR,payment_cancelled,The customer cancelled the payment/checkout before completion.,cust_0051,2026-07-28 05:14:55,failed,payment,abandoned_checkout,retryable_transient,0.94,retryable_transient,retry_now,Transient failure (network/gateway) — safe to retry immediately.,1.0,3.0,False,2026-08-23 12:23:06,retry_now,failed,0.0,Too many requests,2026-08-21T14:21:51.675582+00:00
pay_8add8044a8b944,order_40db96f59d6646,11025.01,INR,netbanking,BAD_REQUEST_ERROR,payment_cancelled,The customer cancelled the payment/checkout before completion.,cust_0051,2026-07-28 05:14:55,failed,payment,abandoned_checkout,retryable_transient,0.94,retryable_transient,retry_now,Transient failure (network/gateway) — safe to retry immediately.,1.0,3.0,False,2026-08-23 12:23:06,retry_now,failed,0.0,Too many requests,2026-08-22T16:46:25.267585+00:00
pay_8add8044a8b944,order_40db96f59d6646,11025.01,INR,netbanking,BAD_REQUEST_ERROR,payment_cancelled,The customer cancelled the payment/checkout before completion.,cust_0051,2026-07-28 05:14:55,failed,payment,abandoned_checkout,retryable_transient,0.94,retryable_transient,retry_now,Transient failure (network/gateway) — safe to retry immediately.,1.0,3.0,False,2026-08-23 12:23:06,retry_now,failed,0.0,Too many requests,2026-08-22T16:46:56.359178+00:00
pay_88d134a65b714d,order_8321b2d68b4741,45575.54,INR,netbanking,GATEWAY_ERROR,bank_technical_error,A technical error occurred at the bank's end.,cust_0107,2026-07-28 08:09:57,failed,payment,retryable_transient,abandoned_checkout,0.478,escalate_human,escalate_human,Model confidence 0.48 below threshold 0.55 — cannot safely act on this diagnosis.,1.0,0.0,True,,escalate_human,skipped,0.0,"routed to human review, no automated action taken",2026-08-21T13:50:17.885756+00:00
pay_88d134a65b714d,order_8321b2d68b4741,45575.54,INR,netbanking,GATEWAY_ERROR,bank_technical_error,A technical error occurred at the bank's end.,cust_0107,2026-07-28 08:09:57,failed,payment,retryable_transient,abandoned_checkout,0.478,escalate_human,escalate_human,Model confidence 0.48 below threshold 0.55 — cannot safely act on this diagnosis.,1.0,0.0,True,,escalate_human,skipped,0.0,"routed to human review, no automated action taken",2026-08-21T13:58:25.812434+00:00
pay_88d134a65b714d,order_8321b2d68b4741,45575.54,INR,netbanking,GATEWAY_ERROR,bank_technical_error,A technical error occurred at the bank's end.,cust_0107,2026-07-28 08:09:57,failed,payment,retryable_transient,abandoned_checkout,0.478,escalate_human,escalate_human,Model confidence 0.48 below threshold 0.55 — cannot safely act on this diagnosis.,1.0,0.0,True,,escalate_human,skipped,0.0,"routed to human review, no automated action taken",2026-08-21T13:58:37.043082+00:00
pay_88d134a65b714d,order_8321b2d68b4741,45575.54,INR,netbanking,GATEWAY_ERROR,bank_technical_error,A technical error occurred at the bank's end.,cust_0107,2026-07-28 08:09:57,failed,payment,retryable_transient,abandoned_checkout,0.478,escalate_human,escalate_human,Model confidence 0.48 below threshold 0.55 — cannot safely act on this diagnosis.,1.0,0.0,True,,escalate_human,skipped,0.0,"routed to human review, no automated action taken",2026-08-21T14:00:47.993516+00:00
pay_88d134a65b714d,order_8321b2d68b4741,45575.54,INR,netbanking,GATEWAY_ERROR,bank_technical_error,A technical error occurred at the bank's end.,cust_0107,2026-07-28 08:09:57,failed,payment,retryable_transient,abandoned_checkout,0.478,escalate_human,escalate_human,Model confidence 0.48 below threshold 0.55 — cannot safely act on this diagnosis.,1.0,0.0,True,,escalate_human,skipped,0.0,Escalated to human review,2026-08-21T14:14:50.798796+00:00
pay_88d134a65b714d,order_8321b2d68b4741,45575.54,INR,netbanking,GATEWAY_ERROR,bank_technical_error,A technical error occurred at the bank's end.,cust_0107,2026-07-28 08:09:57,failed,payment,retryable_transient,abandoned_checkout,0.478,escalate_human,escalate_human,Model confidence 0.48 below threshold 0.55 — cannot safely act on this diagnosis.,1.0,0.0,True,,escalate_human,skipped,0.0,Escalated to human review,2026-08-21T14:21:51.679550+00:00
pay_88d134a65b714d,order_8321b2d68b4741,45575.54,INR,netbanking,GATEWAY_ERROR,bank_technical_error,A technical error occurred at the bank's end.,cust_0107,2026-07-28 08:09:57,failed,payment,retryable_transient,abandoned_checkout,0.478,escalate_human,escalate_human,Model confidence 0.48 below threshold 0.55 — cannot safely act on this diagnosis.,1.0,0.0,True,,escalate_human,skipped,0.0,"routed to human review, no automated action taken",2026-08-22T16:46:25.271223+00:00
pay_88d134a65b714d,order_8321b2d68b4741,45575.54,INR,netbanking,GATEWAY_ERROR,bank_technical_error,A technical error occurred at the bank's end.,cust_0107,2026-07-28 08:09:57,failed,payment,retryable_transient,abandoned_checkout,0.478,escalate_human,escalate_human,Model confidence 0.48 below threshold 0.55 — cannot safely act on this diagnosis.,1.0,0.0,True,,escalate_human,skipped,0.0,Escalated to human review,2026-08-22T16:46:56.362637+00:00
pay_0e396faf32c845,order_3261593f06864b,4674.69,INR,card,SERVER_ERROR,internal_server_error,An internal server error occurred while processing the payment.,cust_0060,2026-07-28 11:12:25,failed,payment,retryable_transient,retryable_with_delay,0.573,retryable_with_delay,retry_later,Likely insufficient funds — retrying after a cooldown window improves success odds.,1.0,2.0,False,2026-08-24 11:53:06,retry_later,skipped,0.0,'retry_later' not yet automated - needs a scheduler/notifier,2026-08-21T13:50:17.889345+00:00
pay_0e396faf32c845,order_3261593f06864b,4674.69,INR,card,SERVER_ERROR,internal_server_error,An internal server error occurred while processing the payment.,cust_0060,2026-07-28 11:12:25,failed,payment,retryable_transient,retryable_with_delay,0.573,retryable_with_delay,retry_later,Likely insufficient funds — retrying after a cooldown window improves success odds.,1.0,2.0,False,2026-08-24 11:53:06,retry_later,skipped,0.0,'retry_later' not yet automated - needs a scheduler/notifier,2026-08-21T13:58:25.815630+00:00
pay_0e396faf32c845,order_3261593f06864b,4674.69,INR,card,SERVER_ERROR,internal_server_error,An internal server error occurred while processing the payment.,cust_0060,2026-07-28 11:12:25,failed,payment,retryable_transient,retryable_with_delay,0.573,retryable_with_delay,retry_later,Likely insufficient funds — retrying after a cooldown window improves success odds.,1.0,2.0,False,2026-08-24 11:53:06,retry_later,skipped,0.0,'retry_later' not yet automated - needs a scheduler/notifier,2026-08-21T13:58:37.046465+00:00
pay_0e396faf32c845,order_3261593f06864b,4674.69,INR,card,SERVER_ERROR,internal_server_error,An internal server error occurred while processing the payment.,cust_0060,2026-07-28 11:12:25,failed,payment,retryable_transient,retryable_with_delay,0.573,retryable_with_delay,retry_later,Likely insufficient funds — retrying after a cooldown window improves success odds.,1.0,2.0,False,2026-08-24 11:53:06,retry_later,skipped,0.0,'retry_later' not yet automated - needs a scheduler/notifier,2026-08-21T14:00:47.996984+00:00
pay_0e396faf32c845,order_3261593f06864b,4674.69,INR,card,SERVER_ERROR,internal_server_error,An internal server error occurred while processing the payment.,cust_0060,2026-07-28 11:12:25,failed,payment,retryable_transient,retryable_with_delay,0.573,retryable_with_delay,retry_later,Likely insufficient funds — retrying after a cooldown window improves success odds.,1.0,2.0,False,2026-08-24 11:53:06,retry_later,skipped,0.0,retry_later not automated yet; scheduler required,2026-08-21T14:14:50.802426+00:00
pay_0e396faf32c845,order_3261593f06864b,4674.69,INR,card,SERVER_ERROR,internal_server_error,An internal server error occurred while processing the payment.,cust_0060,2026-07-28 11:12:25,failed,payment,retryable_transient,retryable_with_delay,0.573,retryable_with_delay,retry_later,Likely insufficient funds — retrying after a cooldown window improves success odds.,1.0,2.0,False,2026-08-24 11:53:06,retry_later,skipped,0.0,retry_later not automated yet; scheduler required,2026-08-21T14:21:51.683066+00:00
pay_0e396faf32c845,order_3261593f06864b,4674.69,INR,card,SERVER_ERROR,internal_server_error,An internal server error occurred while processing the payment.,cust_0060,2026-07-28 11:12:25,failed,payment,retryable_transient,retryable_with_delay,0.573,retryable_with_delay,retry_later,Likely insufficient funds — retrying after a cooldown window improves success odds.,1.0,2.0,False,2026-08-24 11:53:06,retry_later,skipped,0.0,'retry_later' not yet automated - needs a scheduler/notifier,2026-08-22T16:46:25.274583+00:00
pay_0e396faf32c845,order_3261593f06864b,4674.69,INR,card,SERVER_ERROR,internal_server_error,An internal server error occurred while processing the payment.,cust_0060,2026-07-28 11:12:25,failed,payment,retryable_transient,retryable_with_delay,0.573,retryable_with_delay,retry_later,Likely insufficient funds — retrying after a cooldown window improves success odds.,1.0,2.0,False,2026-08-24 11:53:06,retry_later,skipped,0.0,retry_later not automated yet; scheduler required,2026-08-22T16:46:56.367689+00:00
pay_eb9ca6b5d2b04a,order_94dc3482a1314b,12661.16,INR,card,BAD_REQUEST_ERROR,invalid_cvv,The CVV entered was incorrect.,cust_0057,2026-07-28 11:34:55,failed,payment,non_retryable,abandoned_checkout,0.543,escalate_human,escalate_human,Model confidence 0.54 below threshold 0.55 — cannot safely act on this diagnosis.,1.0,0.0,True,,escalate_human,skipped,0.0,"routed to human review, no automated action taken",2026-08-21T13:50:17.893919+00:00
pay_eb9ca6b5d2b04a,order_94dc3482a1314b,12661.16,INR,card,BAD_REQUEST_ERROR,invalid_cvv,The CVV entered was incorrect.,cust_0057,2026-07-28 11:34:55,failed,payment,non_retryable,abandoned_checkout,0.543,escalate_human,escalate_human,Model confidence 0.54 below threshold 0.55 — cannot safely act on this diagnosis.,1.0,0.0,True,,escalate_human,skipped,0.0,"routed to human review, no automated action taken",2026-08-21T13:58:25.819044+00:00
pay_eb9ca6b5d2b04a,order_94dc3482a1314b,12661.16,INR,card,BAD_REQUEST_ERROR,invalid_cvv,The CVV entered was incorrect.,cust_0057,2026-07-28 11:34:55,failed,payment,non_retryable,abandoned_checkout,0.543,escalate_human,escalate_human,Model confidence 0.54 below threshold 0.55 — cannot safely act on this diagnosis.,1.0,0.0,True,,escalate_human,skipped,0.0,"routed to human review, no automated action taken",2026-08-21T13:58:37.049807+00:00
pay_eb9ca6b5d2b04a,order_94dc3482a1314b,12661.16,INR,card,BAD_REQUEST_ERROR,invalid_cvv,The CVV entered was incorrect.,cust_0057,2026-07-28 11:34:55,failed,payment,non_retryable,abandoned_checkout,0.543,escalate_human,escalate_human,Model confidence 0.54 below threshold 0.55 — cannot safely act on this diagnosis.,1.0,0.0,True,,escalate_human,skipped,0.0,"routed to human review, no automated action taken",2026-08-21T14:00:48.000459+00:00
pay_eb9ca6b5d2b04a,order_94dc3482a1314b,12661.16,INR,card,BAD_REQUEST_ERROR,invalid_cvv,The CVV entered was incorrect.,cust_0057,2026-07-28 11:34:55,failed,payment,non_retryable,abandoned_checkout,0.543,escalate_human,escalate_human,Model confidence 0.54 below threshold 0.55 — cannot safely act on this diagnosis.,1.0,0.0,True,,escalate_human,skipped,0.0,Escalated to human review,2026-08-21T14:14:50.806291+00:00
pay_eb9ca6b5d2b04a,order_94dc3482a1314b,12661.16,INR,card,BAD_REQUEST_ERROR,invalid_cvv,The CVV entered was incorrect.,cust_0057,2026-07-28 11:34:55,failed,payment,non_retryable,abandoned_checkout,0.543,escalate_human,escalate_human,Model confidence 0.54 below threshold 0.55 — cannot safely act on this diagnosis.,1.0,0.0,True,,escalate_human,skipped,0.0,Escalated to human review,2026-08-21T14:21:51.686216+00:00
pay_eb9ca6b5d2b04a,order_94dc3482a1314b,12661.16,INR,card,BAD_REQUEST_ERROR,invalid_cvv,The CVV entered was incorrect.,cust_0057,2026-07-28 11:34:55,failed,payment,non_retryable,abandoned_checkout,0.543,escalate_human,escalate_human,Model confidence 0.54 below threshold 0.55 — cannot safely act on this diagnosis.,1.0,0.0,True,,escalate_human,skipped,0.0,"routed to human review, no automated action taken",2026-08-22T16:46:25.277455+00:00
pay_eb9ca6b5d2b04a,order_94dc3482a1314b,12661.16,INR,card,BAD_REQUEST_ERROR,invalid_cvv,The CVV entered was incorrect.,cust_0057,2026-07-28 11:34:55,failed,payment,non_retryable,abandoned_checkout,0.543,escalate_human,escalate_human,Model confidence 0.54 below threshold 0.55 — cannot safely act on this diagnosis.,1.0,0.0,True,,escalate_human,skipped,0.0,Escalated to human review,2026-08-22T16:46:56.373594+00:00
pay_1c2830e255a641,order_22818401814447,15093.53,INR,card,BAD_REQUEST_ERROR,payment_cancelled,The customer cancelled the payment/checkout before completion.,cust_0003,2026-07-28 17:37:42,failed,payment,abandoned_checkout,non_retryable,0.568,escalate_human,escalate_human,Max retry attempts (0) reached for bucket 'non_retryable' — stopping and escalating.,1.0,0.0,True,,escalate_human,skipped,0.0,"routed to human review, no automated action taken",2026-08-21T13:50:17.897863+00:00
pay_1c2830e255a641,order_22818401814447,15093.53,INR,card,BAD_REQUEST_ERROR,payment_cancelled,The customer cancelled the payment/checkout before completion.,cust_0003,2026-07-28 17:37:42,failed,payment,abandoned_checkout,non_retryable,0.568,escalate_human,escalate_human,Max retry attempts (0) reached for bucket 'non_retryable' — stopping and escalating.,1.0,0.0,True,,escalate_human,skipped,0.0,"routed to human review, no automated action taken",2026-08-21T13:58:25.822090+00:00
pay_1c2830e255a641,order_22818401814447,15093.53,INR,card,BAD_REQUEST_ERROR,payment_cancelled,The customer cancelled the payment/checkout before completion.,cust_0003,2026-07-28 17:37:42,failed,payment,abandoned_checkout,non_retryable,0.568,escalate_human,escalate_human,Max retry attempts (0) reached for bucket 'non_retryable' — stopping and escalating.,1.0,0.0,True,,escalate_human,skipped,0.0,"routed to human review, no automated action taken",2026-08-21T13:58:37.053020+00:00
pay_1c2830e255a641,order_22818401814447,15093.53,INR,card,BAD_REQUEST_ERROR,payment_cancelled,The customer cancelled the payment/checkout before completion.,cust_0003,2026-07-28 17:37:42,failed,payment,abandoned_checkout,non_retryable,0.568,escalate_human,escalate_human,Max retry attempts (0) reached for bucket 'non_retryable' — stopping and escalating.,1.0,0.0,True,,escalate_human,skipped,0.0,"routed to human review, no automated action taken",2026-08-21T14:00:48.004645+00:00
pay_1c2830e255a641,order_22818401814447,15093.53,INR,card,BAD_REQUEST_ERROR,payment_cancelled,The customer cancelled the payment/checkout before completion.,cust_0003,2026-07-28 17:37:42,failed,payment,abandoned_checkout,non_retryable,0.568,escalate_human,escalate_human,Max retry attempts (0) reached for bucket 'non_retryable' — stopping and escalating.,1.0,0.0,True,,escalate_human,skipped,0.0,Escalated to human review,2026-08-21T14:14:50.811071+00:00
pay_1c2830e255a641,order_22818401814447,15093.53,INR,card,BAD_REQUEST_ERROR,payment_cancelled,The customer cancelled the payment/checkout before completion.,cust_0003,2026-07-28 17:37:42,failed,payment,abandoned_checkout,non_retryable,0.568,escalate_human,escalate_human,Max retry attempts (0) reached for bucket 'non_retryable' — stopping and escalating.,1.0,0.0,True,,escalate_human,skipped,0.0,Escalated to human review,2026-08-21T14:21:51.690436+00:00
pay_1c2830e255a641,order_22818401814447,15093.53,INR,card,BAD_REQUEST_ERROR,payment_cancelled,The customer cancelled the payment/checkout before completion.,cust_0003,2026-07-28 17:37:42,failed,payment,abandoned_checkout,non_retryable,0.568,escalate_human,escalate_human,Max retry attempts (0) reached for bucket 'non_retryable' — stopping and escalating.,1.0,0.0,True,,escalate_human,skipped,0.0,"routed to human review, no automated action taken",2026-08-22T16:46:25.281727+00:00
pay_1c2830e255a641,order_22818401814447,15093.53,INR,card,BAD_REQUEST_ERROR,payment_cancelled,The customer cancelled the payment/checkout before completion.,cust_0003,2026-07-28 17:37:42,failed,payment,abandoned_checkout,non_retryable,0.568,escalate_human,escalate_human,Max retry attempts (0) reached for bucket 'non_retryable' — stopping and escalating.,1.0,0.0,True,,escalate_human,skipped,0.0,Escalated to human review,2026-08-22T16:46:56.386222+00:00
pay_555df0f6b29245,order_c146021a52c949,2414.73,INR,card,BAD_REQUEST_ERROR,insufficient_funds,Payment failed due to insufficient funds in the customer's account.,cust_0105,2026-07-28 20:40:31,failed,payment,retryable_with_delay,abandoned_checkout,0.337,escalate_human,escalate_human,Model confidence 0.34 below threshold 0.55 — cannot safely act on this diagnosis.,1.0,0.0,True,,escalate_human,skipped,0.0,"routed to human review, no automated action taken",2026-08-21T13:50:17.901608+00:00
pay_555df0f6b29245,order_c146021a52c949,2414.73,INR,card,BAD_REQUEST_ERROR,insufficient_funds,Payment failed due to insufficient funds in the customer's account.,cust_0105,2026-07-28 20:40:31,failed,payment,retryable_with_delay,abandoned_checkout,0.337,escalate_human,escalate_human,Model confidence 0.34 below threshold 0.55 — cannot safely act on this diagnosis.,1.0,0.0,True,,escalate_human,skipped,0.0,"routed to human review, no automated action taken",2026-08-21T13:58:25.824831+00:00
pay_555df0f6b29245,order_c146021a52c949,2414.73,INR,card,BAD_REQUEST_ERROR,insufficient_funds,Payment failed due to insufficient funds in the customer's account.,cust_0105,2026-07-28 20:40:31,failed,payment,retryable_with_delay,abandoned_checkout,0.337,escalate_human,escalate_human,Model confidence 0.34 below threshold 0.55 — cannot safely act on this diagnosis.,1.0,0.0,True,,escalate_human,skipped,0.0,"routed to human review, no automated action taken",2026-08-21T13:58:37.059079+00:00
pay_555df0f6b29245,order_c146021a52c949,2414.73,INR,card,BAD_REQUEST_ERROR,insufficient_funds,Payment failed due to insufficient funds in the customer's account.,cust_0105,2026-07-28 20:40:31,failed,payment,retryable_with_delay,abandoned_checkout,0.337,escalate_human,escalate_human,Model confidence 0.34 below threshold 0.55 — cannot safely act on this diagnosis.,1.0,0.0,True,,escalate_human,skipped,0.0,"routed to human review, no automated action taken",2026-08-21T14:00:48.008171+00:00
pay_555df0f6b29245,order_c146021a52c949,2414.73,INR,card,BAD_REQUEST_ERROR,insufficient_funds,Payment failed due to insufficient funds in the customer's account.,cust_0105,2026-07-28 20:40:31,failed,payment,retryable_with_delay,abandoned_checkout,0.337,escalate_human,escalate_human,Model confidence 0.34 below threshold 0.55 — cannot safely act on this diagnosis.,1.0,0.0,True,,escalate_human,skipped,0.0,Escalated to human review,2026-08-21T14:14:50.814894+00:00
pay_555df0f6b29245,order_c146021a52c949,2414.73,INR,card,BAD_REQUEST_ERROR,insufficient_funds,Payment failed due to insufficient funds in the customer's account.,cust_0105,2026-07-28 20:40:31,failed,payment,retryable_with_delay,abandoned_checkout,0.337,escalate_human,escalate_human,Model confidence 0.34 below threshold 0.55 — cannot safely act on this diagnosis.,1.0,0.0,True,,escalate_human,skipped,0.0,Escalated to human review,2026-08-21T14:21:51.694138+00:00
pay_555df0f6b29245,order_c146021a52c949,2414.73,INR,card,BAD_REQUEST_ERROR,insufficient_funds,Payment failed due to insufficient funds in the customer's account.,cust_0105,2026-07-28 20:40:31,failed,payment,retryable_with_delay,abandoned_checkout,0.337,escalate_human,escalate_human,Model confidence 0.34 below threshold 0.55 — cannot safely act on this diagnosis.,1.0,0.0,True,,escalate_human,skipped,0.0,"routed to human review, no automated action taken",2026-08-22T16:46:25.285737+00:00
pay_555df0f6b29245,order_c146021a52c949,2414.73,INR,card,BAD_REQUEST_ERROR,insufficient_funds,Payment failed due to insufficient funds in the customer's account.,cust_0105,2026-07-28 20:40:31,failed,payment,retryable_with_delay,abandoned_checkout,0.337,escalate_human,escalate_human,Model confidence 0.34 below threshold 0.55 — cannot safely act on this diagnosis.,1.0,0.0,True,,escalate_human,skipped,0.0,Escalated to human review,2026-08-22T16:46:56.390466+00:00
pay_93ca49082e4a41,order_872361ee408548,2953.15,INR,upi,BAD_REQUEST_ERROR,insufficient_funds,Payment failed due to insufficient funds in the customer's account.,cust_0036,2026-07-28 22:45:46,failed,payment,retryable_with_delay,retryable_with_delay,0.399,escalate_human,escalate_human,Model confidence 0.40 below threshold 0.55 — cannot safely act on this diagnosis.,1.0,0.0,True,,escalate_human,skipped,0.0,"routed to human review, no automated action taken",2026-08-21T13:50:17.906199+00:00
pay_93ca49082e4a41,order_872361ee408548,2953.15,INR,upi,BAD_REQUEST_ERROR,insufficient_funds,Payment failed due to insufficient funds in the customer's account.,cust_0036,2026-07-28 22:45:46,failed,payment,retryable_with_delay,retryable_with_delay,0.399,escalate_human,escalate_human,Model confidence 0.40 below threshold 0.55 — cannot safely act on this diagnosis.,1.0,0.0,True,,escalate_human,skipped,0.0,"routed to human review, no automated action taken",2026-08-21T13:58:25.827852+00:00
pay_93ca49082e4a41,order_872361ee408548,2953.15,INR,upi,BAD_REQUEST_ERROR,insufficient_funds,Payment failed due to insufficient funds in the customer's account.,cust_0036,2026-07-28 22:45:46,failed,payment,retryable_with_delay,retryable_with_delay,0.399,escalate_human,escalate_human,Model confidence 0.40 below threshold 0.55 — cannot safely act on this diagnosis.,1.0,0.0,True,,escalate_human,skipped,0.0,"routed to human review, no automated action taken",2026-08-21T13:58:37.061651+00:00
pay_93ca49082e4a41,order_872361ee408548,2953.15,INR,upi,BAD_REQUEST_ERROR,insufficient_funds,Payment failed due to insufficient funds in the customer's account.,cust_0036,2026-07-28 22:45:46,failed,payment,retryable_with_delay,retryable_with_delay,0.399,escalate_human,escalate_human,Model confidence 0.40 below threshold 0.55 — cannot safely act on this diagnosis.,1.0,0.0,True,,escalate_human,skipped,0.0,"routed to human review, no automated action taken",2026-08-21T14:00:48.011137+00:00
pay_93ca49082e4a41,order_872361ee408548,2953.15,INR,upi,BAD_REQUEST_ERROR,insufficient_funds,Payment failed due to insufficient funds in the customer's account.,cust_0036,2026-07-28 22:45:46,failed,payment,retryable_with_delay,retryable_with_delay,0.399,escalate_human,escalate_human,Model confidence 0.40 below threshold 0.55 — cannot safely act on this diagnosis.,1.0,0.0,True,,escalate_human,skipped,0.0,Escalated to human review,2026-08-21T14:14:50.818871+00:00
pay_93ca49082e4a41,order_872361ee408548,2953.15,INR,upi,BAD_REQUEST_ERROR,insufficient_funds,Payment failed due to insufficient funds in the customer's account.,cust_0036,2026-07-28 22:45:46,failed,payment,retryable_with_delay,retryable_with_delay,0.399,escalate_human,escalate_human,Model confidence 0.40 below threshold 0.55 — cannot safely act on this diagnosis.,1.0,0.0,True,,escalate_human,skipped,0.0,Escalated to human review,2026-08-21T14:21:51.697896+00:00
pay_93ca49082e4a41,order_872361ee408548,2953.15,INR,upi,BAD_REQUEST_ERROR,insufficient_funds,Payment failed due to insufficient funds in the customer's account.,cust_0036,2026-07-28 22:45:46,failed,payment,retryable_with_delay,retryable_with_delay,0.399,escalate_human,escalate_human,Model confidence 0.40 below threshold 0.55 — cannot safely act on this diagnosis.,1.0,0.0,True,,escalate_human,skipped,0.0,"routed to human review, no automated action taken",2026-08-22T16:46:25.289515+00:00
pay_93ca49082e4a41,order_872361ee408548,2953.15,INR,upi,BAD_REQUEST_ERROR,insufficient_funds,Payment failed due to insufficient funds in the customer's account.,cust_0036,2026-07-28 22:45:46,failed,payment,retryable_with_delay,retryable_with_delay,0.399,escalate_human,escalate_human,Model confidence 0.40 below threshold 0.55 — cannot safely act on this diagnosis.,1.0,0.0,True,,escalate_human,skipped,0.0,Escalated to human review,2026-08-22T16:46:56.392672+00:00
pay_4d5ed169c0dd4d,order_5955ae4f3a3345,4120.99,INR,card,BAD_REQUEST_ERROR,expired_card,The card used for payment has expired.,cust_0029,2026-07-29 01:06:14,failed,payment,non_retryable,abandoned_checkout,0.318,escalate_human,escalate_human,Model confidence 0.32 below threshold 0.55 — cannot safely act on this diagnosis.,1.0,0.0,True,,escalate_human,skipped,0.0,"routed to human review, no automated action taken",2026-08-21T13:50:17.908837+00:00
pay_4d5ed169c0dd4d,order_5955ae4f3a3345,4120.99,INR,card,BAD_REQUEST_ERROR,expired_card,The card used for payment has expired.,cust_0029,2026-07-29 01:06:14,failed,payment,non_retryable,abandoned_checkout,0.318,escalate_human,escalate_human,Model confidence 0.32 below threshold 0.55 — cannot safely act on this diagnosis.,1.0,0.0,True,,escalate_human,skipped,0.0,"routed to human review, no automated action taken",2026-08-21T13:58:25.830198+00:00
pay_4d5ed169c0dd4d,order_5955ae4f3a3345,4120.99,INR,card,BAD_REQUEST_ERROR,expired_card,The card used for payment has expired.,cust_0029,2026-07-29 01:06:14,failed,payment,non_retryable,abandoned_checkout,0.318,escalate_human,escalate_human,Model confidence 0.32 below threshold 0.55 — cannot safely act on this diagnosis.,1.0,0.0,True,,escalate_human,skipped,0.0,"routed to human review, no automated action taken",2026-08-21T13:58:37.063634+00:00
pay_4d5ed169c0dd4d,order_5955ae4f3a3345,4120.99,INR,card,BAD_REQUEST_ERROR,expired_card,The card used for payment has expired.,cust_0029,2026-07-29 01:06:14,failed,payment,non_retryable,abandoned_checkout,0.318,escalate_human,escalate_human,Model confidence 0.32 below threshold 0.55 — cannot safely act on this diagnosis.,1.0,0.0,True,,escalate_human,skipped,0.0,"routed to human review, no automated action taken",2026-08-21T14:00:48.015248+00:00
pay_4d5ed169c0dd4d,order_5955ae4f3a3345,4120.99,INR,card,BAD_REQUEST_ERROR,expired_card,The card used for payment has expired.,cust_0029,2026-07-29 01:06:14,failed,payment,non_retryable,abandoned_checkout,0.318,escalate_human,escalate_human,Model confidence 0.32 below threshold 0.55 — cannot safely act on this diagnosis.,1.0,0.0,True,,escalate_human,skipped,0.0,Escalated to human review,2026-08-21T14:14:50.821345+00:00
pay_4d5ed169c0dd4d,order_5955ae4f3a3345,4120.99,INR,card,BAD_REQUEST_ERROR,expired_card,The card used for payment has expired.,cust_0029,2026-07-29 01:06:14,failed,payment,non_retryable,abandoned_checkout,0.318,escalate_human,escalate_human,Model confidence 0.32 below threshold 0.55 — cannot safely act on this diagnosis.,1.0,0.0,True,,escalate_human,skipped,0.0,Escalated to human review,2026-08-21T14:21:51.701361+00:00
pay_4d5ed169c0dd4d,order_5955ae4f3a3345,4120.99,INR,card,BAD_REQUEST_ERROR,expired_card,The card used for payment has expired.,cust_0029,2026-07-29 01:06:14,failed,payment,non_retryable,abandoned_checkout,0.318,escalate_human,escalate_human,Model confidence 0.32 below threshold 0.55 — cannot safely act on this diagnosis.,1.0,0.0,True,,escalate_human,skipped,0.0,"routed to human review, no automated action taken",2026-08-22T16:46:25.292812+00:00
pay_4d5ed169c0dd4d,order_5955ae4f3a3345,4120.99,INR,card,BAD_REQUEST_ERROR,expired_card,The card used for payment has expired.,cust_0029,2026-07-29 01:06:14,failed,payment,non_retryable,abandoned_checkout,0.318,escalate_human,escalate_human,Model confidence 0.32 below threshold 0.55 — cannot safely act on this diagnosis.,1.0,0.0,True,,escalate_human,skipped,0.0,Escalated to human review,2026-08-22T16:46:56.394700+00:00
pay_6ad5efc4403e48,order_b60fdfe23e2448,2012.16,INR,upi,BAD_REQUEST_ERROR,insufficient_funds,Payment failed due to insufficient funds in the customer's account.,cust_0071,2026-07-29 09:09:04,failed,payment,retryable_with_delay,retryable_transient,0.97,retryable_transient,retry_now,Transient failure (network/gateway) — safe to retry immediately.,1.0,3.0,False,2026-08-23 12:23:06,retry_now,failed,0.0,Too many requests,2026-08-21T13:50:17.967824+00:00
pay_6ad5efc4403e48,order_b60fdfe23e2448,2012.16,INR,upi,BAD_REQUEST_ERROR,insufficient_funds,Payment failed due to insufficient funds in the customer's account.,cust_0071,2026-07-29 09:09:04,failed,payment,retryable_with_delay,retryable_transient,0.97,retryable_transient,retry_now,Transient failure (network/gateway) — safe to retry immediately.,1.0,3.0,False,2026-08-23 12:23:06,retry_now,failed,0.0,Too many requests,2026-08-21T13:58:25.959180+00:00
pay_6ad5efc4403e48,order_b60fdfe23e2448,2012.16,INR,upi,BAD_REQUEST_ERROR,insufficient_funds,Payment failed due to insufficient funds in the customer's account.,cust_0071,2026-07-29 09:09:04,failed,payment,retryable_with_delay,retryable_transient,0.97,retryable_transient,retry_now,Transient failure (network/gateway) — safe to retry immediately.,1.0,3.0,False,2026-08-23 12:23:06,retry_now,failed,0.0,Too many requests,2026-08-21T13:58:37.120901+00:00
pay_6ad5efc4403e48,order_b60fdfe23e2448,2012.16,INR,upi,BAD_REQUEST_ERROR,insufficient_funds,Payment failed due to insufficient funds in the customer's account.,cust_0071,2026-07-29 09:09:04,failed,payment,retryable_with_delay,retryable_transient,0.97,retryable_transient,retry_now,Transient failure (network/gateway) — safe to retry immediately.,1.0,3.0,False,2026-08-23 12:23:06,retry_now,failed,0.0,Too many requests,2026-08-21T14:00:48.078484+00:00
pay_6ad5efc4403e48,order_b60fdfe23e2448,2012.16,INR,upi,BAD_REQUEST_ERROR,insufficient_funds,Payment failed due to insufficient funds in the customer's account.,cust_0071,2026-07-29 09:09:04,failed,payment,retryable_with_delay,retryable_transient,0.97,retryable_transient,retry_now,Transient failure (network/gateway) — safe to retry immediately.,1.0,3.0,False,2026-08-23 12:23:06,retry_now,failed,0.0,Too many requests,2026-08-21T14:14:50.879278+00:00
pay_6ad5efc4403e48,order_b60fdfe23e2448,2012.16,INR,upi,BAD_REQUEST_ERROR,insufficient_funds,Payment failed due to insufficient funds in the customer's account.,cust_0071,2026-07-29 09:09:04,failed,payment,retryable_with_delay,retryable_transient,0.97,retryable_transient,retry_now,Transient failure (network/gateway) — safe to retry immediately.,1.0,3.0,False,2026-08-23 12:23:06,retry_now,failed,0.0,Too many requests,2026-08-21T14:21:52.856199+00:00
pay_6ad5efc4403e48,order_b60fdfe23e2448,2012.16,INR,upi,BAD_REQUEST_ERROR,insufficient_funds,Payment failed due to insufficient funds in the customer's account.,cust_0071,2026-07-29 09:09:04,failed,payment,retryable_with_delay,retryable_transient,0.97,retryable_transient,retry_now,Transient failure (network/gateway) — safe to retry immediately.,1.0,3.0,False,2026-08-23 12:23:06,retry_now,failed,0.0,Too many requests,2026-08-22T16:46:25.535827+00:00
pay_6ad5efc4403e48,order_b60fdfe23e2448,2012.16,INR,upi,BAD_REQUEST_ERROR,insufficient_funds,Payment failed due to insufficient funds in the customer's account.,cust_0071,2026-07-29 09:09:04,failed,payment,retryable_with_delay,retryable_transient,0.97,retryable_transient,retry_now,Transient failure (network/gateway) — safe to retry immediately.,1.0,3.0,False,2026-08-23 12:23:06,retry_now,failed,0.0,Too many requests,2026-08-22T16:46:57.482941+00:00
pay_9b21693c87134e,order_5123ff389dd34f,8991.64,INR,emandate,BAD_REQUEST_ERROR,mandate_not_approved,The e-mandate registration was not approved in time by the customer.,cust_0058,2026-07-29 09:51:34,failed,subscription,retryable_with_delay,abandoned_checkout,0.398,escalate_human,escalate_human,Model confidence 0.40 below threshold 0.55 — cannot safely act on this diagnosis.,1.0,0.0,True,,escalate_human,skipped,0.0,"routed to human review, no automated action taken",2026-08-21T13:50:17.971644+00:00
pay_9b21693c87134e,order_5123ff389dd34f,8991.64,INR,emandate,BAD_REQUEST_ERROR,mandate_not_approved,The e-mandate registration was not approved in time by the customer.,cust_0058,2026-07-29 09:51:34,failed,subscription,retryable_with_delay,abandoned_checkout,0.398,escalate_human,escalate_human,Model confidence 0.40 below threshold 0.55 — cannot safely act on this diagnosis.,1.0,0.0,True,,escalate_human,skipped,0.0,"routed to human review, no automated action taken",2026-08-21T13:58:25.963235+00:00
pay_9b21693c87134e,order_5123ff389dd34f,8991.64,INR,emandate,BAD_REQUEST_ERROR,mandate_not_approved,The e-mandate registration was not approved in time by the customer.,cust_0058,2026-07-29 09:51:34,failed,subscription,retryable_with_delay,abandoned_checkout,0.398,escalate_human,escalate_human,Model confidence 0.40 below threshold 0.55 — cannot safely act on this diagnosis.,1.0,0.0,True,,escalate_human,skipped,0.0,"routed to human review, no automated action taken",2026-08-21T13:58:37.125704+00:00
pay_9b21693c87134e,order_5123ff389dd34f,8991.64,INR,emandate,BAD_REQUEST_ERROR,mandate_not_approved,The e-mandate registration was not approved in time by the customer.,cust_0058,2026-07-29 09:51:34,failed,subscription,retryable_with_delay,abandoned_checkout,0.398,escalate_human,escalate_human,Model confidence 0.40 below threshold 0.55 — cannot safely act on this diagnosis.,1.0,0.0,True,,escalate_human,skipped,0.0,"routed to human review, no automated action taken",2026-08-21T14:00:48.081673+00:00
pay_9b21693c87134e,order_5123ff389dd34f,8991.64,INR,emandate,BAD_REQUEST_ERROR,mandate_not_approved,The e-mandate registration was not approved in time by the customer.,cust_0058,2026-07-29 09:51:34,failed,subscription,retryable_with_delay,abandoned_checkout,0.398,escalate_human,escalate_human,Model confidence 0.40 below threshold 0.55 — cannot safely act on this diagnosis.,1.0,0.0,True,,escalate_human,skipped,0.0,Escalated to human review,2026-08-21T14:14:50.883283+00:00
pay_9b21693c87134e,order_5123ff389dd34f,8991.64,INR,emandate,BAD_REQUEST_ERROR,mandate_not_approved,The e-mandate registration was not approved in time by the customer.,cust_0058,2026-07-29 09:51:34,failed,subscription,retryable_with_delay,abandoned_checkout,0.398,escalate_human,escalate_human,Model confidence 0.40 below threshold 0.55 — cannot safely act on this diagnosis.,1.0,0.0,True,,escalate_human,skipped,0.0,Escalated to human review,2026-08-21T14:21:52.862040+00:00
pay_9b21693c87134e,order_5123ff389dd34f,8991.64,INR,emandate,BAD_REQUEST_ERROR,mandate_not_approved,The e-mandate registration was not approved in time by the customer.,cust_0058,2026-07-29 09:51:34,failed,subscription,retryable_with_delay,abandoned_checkout,0.398,escalate_human,escalate_human,Model confidence 0.40 below threshold 0.55 — cannot safely act on this diagnosis.,1.0,0.0,True,,escalate_human,skipped,0.0,"routed to human review, no automated action taken",2026-08-22T16:46:25.541713+00:00
pay_9b21693c87134e,order_5123ff389dd34f,8991.64,INR,emandate,BAD_REQUEST_ERROR,mandate_not_approved,The e-mandate registration was not approved in time by the customer.,cust_0058,2026-07-29 09:51:34,failed,subscription,retryable_with_delay,abandoned_checkout,0.398,escalate_human,escalate_human,Model confidence 0.40 below threshold 0.55 — cannot safely act on this diagnosis.,1.0,0.0,True,,escalate_human,skipped,0.0,Escalated to human review,2026-08-22T16:46:57.488836+00:00
pay_d7b68697117047,order_a864e761d42e47,17264.17,INR,card,BAD_REQUEST_ERROR,card_declined,The card was declined by the issuing bank.,cust_0009,2026-07-29 10:19:59,failed,payment,non_retryable,retryable_with_delay,0.654,retryable_with_delay,retry_later,Likely insufficient funds — retrying after a cooldown window improves success odds.,1.0,2.0,False,2026-08-24 11:53:06,retry_later,skipped,0.0,'retry_later' not yet automated - needs a scheduler/notifier,2026-08-21T13:50:17.973857+00:00
pay_d7b68697117047,order_a864e761d42e47,17264.17,INR,card,BAD_REQUEST_ERROR,card_declined,The card was declined by the issuing bank.,cust_0009,2026-07-29 10:19:59,failed,payment,non_retryable,retryable_with_delay,0.654,retryable_with_delay,retry_later,Likely insufficient funds — retrying after a cooldown window improves success odds.,1.0,2.0,False,2026-08-24 11:53:06,retry_later,skipped,0.0,'retry_later' not yet automated - needs a scheduler/notifier,2026-08-21T13:58:25.966981+00:00
pay_d7b68697117047,order_a864e761d42e47,17264.17,INR,card,BAD_REQUEST_ERROR,card_declined,The card was declined by the issuing bank.,cust_0009,2026-07-29 10:19:59,failed,payment,non_retryable,retryable_with_delay,0.654,retryable_with_delay,retry_later,Likely insufficient funds — retrying after a cooldown window improves success odds.,1.0,2.0,False,2026-08-24 11:53:06,retry_later,skipped,0.0,'retry_later' not yet automated - needs a scheduler/notifier,2026-08-21T13:58:37.129398+00:00
pay_d7b68697117047,order_a864e761d42e47,17264.17,INR,card,BAD_REQUEST_ERROR,card_declined,The card was declined by the issuing bank.,cust_0009,2026-07-29 10:19:59,failed,payment,non_retryable,retryable_with_delay,0.654,retryable_with_delay,retry_later,Likely insufficient funds — retrying after a cooldown window improves success odds.,1.0,2.0,False,2026-08-24 11:53:06,retry_later,skipped,0.0,'retry_later' not yet automated - needs a scheduler/notifier,2026-08-21T14:00:48.084629+00:00
pay_d7b68697117047,order_a864e761d42e47,17264.17,INR,card,BAD_REQUEST_ERROR,card_declined,The card was declined by the issuing bank.,cust_0009,2026-07-29 10:19:59,failed,payment,non_retryable,retryable_with_delay,0.654,retryable_with_delay,retry_later,Likely insufficient funds — retrying after a cooldown window improves success odds.,1.0,2.0,False,2026-08-24 11:53:06,retry_later,skipped,0.0,retry_later not automated yet; scheduler required,2026-08-21T14:14:50.886465+00:00
pay_d7b68697117047,order_a864e761d42e47,17264.17,INR,card,BAD_REQUEST_ERROR,card_declined,The card was declined by the issuing bank.,cust_0009,2026-07-29 10:19:59,failed,payment,non_retryable,retryable_with_delay,0.654,retryable_with_delay,retry_later,Likely insufficient funds — retrying after a cooldown window improves success odds.,1.0,2.0,False,2026-08-24 11:53:06,retry_later,skipped,0.0,retry_later not automated yet; scheduler required,2026-08-21T14:21:52.865808+00:00
pay_d7b68697117047,order_a864e761d42e47,17264.17,INR,card,BAD_REQUEST_ERROR,card_declined,The card was declined by the issuing bank.,cust_0009,2026-07-29 10:19:59,failed,payment,non_retryable,retryable_with_delay,0.654,retryable_with_delay,retry_later,Likely insufficient funds — retrying after a cooldown window improves success odds.,1.0,2.0,False,2026-08-24 11:53:06,retry_later,skipped,0.0,'retry_later' not yet automated - needs a scheduler/notifier,2026-08-22T16:46:25.545057+00:00
pay_d7b68697117047,order_a864e761d42e47,17264.17,INR,card,BAD_REQUEST_ERROR,card_declined,The card was declined by the issuing bank.,cust_0009,2026-07-29 10:19:59,failed,payment,non_retryable,retryable_with_delay,0.654,retryable_with_delay,retry_later,Likely insufficient funds — retrying after a cooldown window improves success odds.,1.0,2.0,False,2026-08-24 11:53:06,retry_later,skipped,0.0,retry_later not automated yet; scheduler required,2026-08-22T16:46:57.492247+00:00
pay_1b8867ff569043,order_f04ad24789464e,1377.13,INR,card,BAD_REQUEST_ERROR,invalid_cvv,The CVV entered was incorrect.,cust_0091,2026-07-29 11:50:16,failed,payment,non_retryable,retryable_transient,0.989,retryable_transient,retry_now,Transient failure (network/gateway) — safe to retry immediately.,1.0,3.0,False,2026-08-23 12:23:06,retry_now,failed,0.0,Too many requests,2026-08-21T13:50:18.041400+00:00
pay_1b8867ff569043,order_f04ad24789464e,1377.13,INR,card,BAD_REQUEST_ERROR,invalid_cvv,The CVV entered was incorrect.,cust_0091,2026-07-29 11:50:16,failed,payment,non_retryable,retryable_transient,0.989,retryable_transient,retry_now,Transient failure (network/gateway) — safe to retry immediately.,1.0,3.0,False,2026-08-23 12:23:06,retry_now,failed,0.0,Too many requests,2026-08-21T13:58:26.040780+00:00
pay_1b8867ff569043,order_f04ad24789464e,1377.13,INR,card,BAD_REQUEST_ERROR,invalid_cvv,The CVV entered was incorrect.,cust_0091,2026-07-29 11:50:16,failed,payment,non_retryable,retryable_transient,0.989,retryable_transient,retry_now,Transient failure (network/gateway) — safe to retry immediately.,1.0,3.0,False,2026-08-23 12:23:06,retry_now,failed,0.0,Too many requests,2026-08-21T13:58:37.190101+00:00
pay_1b8867ff569043,order_f04ad24789464e,1377.13,INR,card,BAD_REQUEST_ERROR,invalid_cvv,The CVV entered was incorrect.,cust_0091,2026-07-29 11:50:16,failed,payment,non_retryable,retryable_transient,0.989,retryable_transient,retry_now,Transient failure (network/gateway) — safe to retry immediately.,1.0,3.0,False,2026-08-23 12:23:06,retry_now,failed,0.0,Too many requests,2026-08-21T14:00:48.158195+00:00
pay_1b8867ff569043,order_f04ad24789464e,1377.13,INR,card,BAD_REQUEST_ERROR,invalid_cvv,The CVV entered was incorrect.,cust_0091,2026-07-29 11:50:16,failed,payment,non_retryable,retryable_transient,0.989,retryable_transient,retry_now,Transient failure (network/gateway) — safe to retry immediately.,1.0,3.0,False,2026-08-23 12:23:06,retry_now,failed,0.0,Too many requests,2026-08-21T14:14:50.962091+00:00
pay_1b8867ff569043,order_f04ad24789464e,1377.13,INR,card,BAD_REQUEST_ERROR,invalid_cvv,The CVV entered was incorrect.,cust_0091,2026-07-29 11:50:16,failed,payment,non_retryable,retryable_transient,0.989,retryable_transient,retry_now,Transient failure (network/gateway) — safe to retry immediately.,1.0,3.0,False,2026-08-23 12:23:06,retry_now,failed,0.0,Too many requests,2026-08-21T14:21:54.014853+00:00
pay_1b8867ff569043,order_f04ad24789464e,1377.13,INR,card,BAD_REQUEST_ERROR,invalid_cvv,The CVV entered was incorrect.,cust_0091,2026-07-29 11:50:16,failed,payment,non_retryable,retryable_transient,0.989,retryable_transient,retry_now,Transient failure (network/gateway) — safe to retry immediately.,1.0,3.0,False,2026-08-23 12:23:06,retry_now,failed,0.0,Too many requests,2026-08-22T16:46:25.677060+00:00
pay_1b8867ff569043,order_f04ad24789464e,1377.13,INR,card,BAD_REQUEST_ERROR,invalid_cvv,The CVV entered was incorrect.,cust_0091,2026-07-29 11:50:16,failed,payment,non_retryable,retryable_transient,0.989,retryable_transient,retry_now,Transient failure (network/gateway) — safe to retry immediately.,1.0,3.0,False,2026-08-23 12:23:06,retry_now,failed,0.0,Too many requests,2026-08-22T16:46:58.642877+00:00
pay_c133b4f00f844c,order_2d3d6d57137a4a,1252.08,INR,wallet,BAD_REQUEST_ERROR,payment_cancelled,The customer cancelled the payment/checkout before completion.,cust_0104,2026-07-29 11:50:30,failed,payment,abandoned_checkout,retryable_with_delay,0.615,retryable_with_delay,retry_later,Likely insufficient funds — retrying after a cooldown window improves success odds.,1.0,2.0,False,2026-08-24 11:53:06,retry_later,skipped,0.0,'retry_later' not yet automated - needs a scheduler/notifier,2026-08-21T13:50:18.047760+00:00
pay_c133b4f00f844c,order_2d3d6d57137a4a,1252.08,INR,wallet,BAD_REQUEST_ERROR,payment_cancelled,The customer cancelled the payment/checkout before completion.,cust_0104,2026-07-29 11:50:30,failed,payment,abandoned_checkout,retryable_with_delay,0.615,retryable_with_delay,retry_later,Likely insufficient funds — retrying after a cooldown window improves success odds.,1.0,2.0,False,2026-08-24 11:53:06,retry_later,skipped,0.0,'retry_later' not yet automated - needs a scheduler/notifier,2026-08-21T13:58:26.045373+00:00
pay_c133b4f00f844c,order_2d3d6d57137a4a,1252.08,INR,wallet,BAD_REQUEST_ERROR,payment_cancelled,The customer cancelled the payment/checkout before completion.,cust_0104,2026-07-29 11:50:30,failed,payment,abandoned_checkout,retryable_with_delay,0.615,retryable_with_delay,retry_later,Likely insufficient funds — retrying after a cooldown window improves success odds.,1.0,2.0,False,2026-08-24 11:53:06,retry_later,skipped,0.0,'retry_later' not yet automated - needs a scheduler/notifier,2026-08-21T13:58:37.194646+00:00
pay_c133b4f00f844c,order_2d3d6d57137a4a,1252.08,INR,wallet,BAD_REQUEST_ERROR,payment_cancelled,The customer cancelled the payment/checkout before completion.,cust_0104,2026-07-29 11:50:30,failed,payment,abandoned_checkout,retryable_with_delay,0.615,retryable_with_delay,retry_later,Likely insufficient funds — retrying after a cooldown window improves success odds.,1.0,2.0,False,2026-08-24 11:53:06,retry_later,skipped,0.0,'retry_later' not yet automated - needs a scheduler/notifier,2026-08-21T14:00:48.161758+00:00
pay_c133b4f00f844c,order_2d3d6d57137a4a,1252.08,INR,wallet,BAD_REQUEST_ERROR,payment_cancelled,The customer cancelled the payment/checkout before completion.,cust_0104,2026-07-29 11:50:30,failed,payment,abandoned_checkout,retryable_with_delay,0.615,retryable_with_delay,retry_later,Likely insufficient funds — retrying after a cooldown window improves success odds.,1.0,2.0,False,2026-08-24 11:53:06,retry_later,skipped,0.0,retry_later not automated yet; scheduler required,2026-08-21T14:14:50.967123+00:00
pay_c133b4f00f844c,order_2d3d6d57137a4a,1252.08,INR,wallet,BAD_REQUEST_ERROR,payment_cancelled,The customer cancelled the payment/checkout before completion.,cust_0104,2026-07-29 11:50:30,failed,payment,abandoned_checkout,retryable_with_delay,0.615,retryable_with_delay,retry_later,Likely insufficient funds — retrying after a cooldown window improves success odds.,1.0,2.0,False,2026-08-24 11:53:06,retry_later,skipped,0.0,retry_later not automated yet; scheduler required,2026-08-21T14:21:54.019651+00:00
pay_c133b4f00f844c,order_2d3d6d57137a4a,1252.08,INR,wallet,BAD_REQUEST_ERROR,payment_cancelled,The customer cancelled the payment/checkout before completion.,cust_0104,2026-07-29 11:50:30,failed,payment,abandoned_checkout,retryable_with_delay,0.615,retryable_with_delay,retry_later,Likely insufficient funds — retrying after a cooldown window improves success odds.,1.0,2.0,False,2026-08-24 11:53:06,retry_later,skipped,0.0,'retry_later' not yet automated - needs a scheduler/notifier,2026-08-22T16:46:25.682433+00:00
pay_c133b4f00f844c,order_2d3d6d57137a4a,1252.08,INR,wallet,BAD_REQUEST_ERROR,payment_cancelled,The customer cancelled the payment/checkout before completion.,cust_0104,2026-07-29 11:50:30,failed,payment,abandoned_checkout,retryable_with_delay,0.615,retryable_with_delay,retry_later,Likely insufficient funds — retrying after a cooldown window improves success odds.,1.0,2.0,False,2026-08-24 11:53:06,retry_later,skipped,0.0,retry_later not automated yet; scheduler required,2026-08-22T16:46:58.646820+00:00
pay_bd5c2f72760d47,order_35e6712225054c,12537.22,INR,upi,GATEWAY_ERROR,bank_technical_error,A technical error occurred at the bank's end.,cust_0032,2026-07-29 12:43:09,failed,payment,retryable_transient,,,,,,,,,,,,,,
pay_9908bbbfd36541,order_e412490289d94b,48468.23,INR,netbanking,BAD_REQUEST_ERROR,otp_timeout,The OTP was not entered within the allowed time.,cust_0045,2026-07-29 15:17:36,failed,payment,retryable_transient,,,,,,,,,,,,,,
pay_44f4961d358545,order_89ed1026ce094d,9582.66,INR,netbanking,BAD_REQUEST_ERROR,otp_timeout,The OTP was not entered within the allowed time.,cust_0032,2026-07-29 23:53:40,failed,payment,retryable_transient,,,,,,,,,,,,,,
pay_12dd1bca37134a,order_4a17ed04e97e42,2378.85,INR,emandate,BAD_REQUEST_ERROR,mandate_not_approved,The e-mandate registration was not approved in time by the customer.,cust_0045,2026-07-30 02:36:11,failed,subscription,retryable_with_delay,,,,,,,,,,,,,,
pay_e5ce55f7a5114e,order_5286f59b55cf49,12039.5,INR,upi,BAD_REQUEST_ERROR,payment_cancelled,The customer cancelled the payment/checkout before completion.,cust_0107,2026-07-30 02:50:36,failed,payment,abandoned_checkout,,,,,,,,,,,,,,
pay_26b8f824f9364b,order_154b8910b9e041,48058.98,INR,netbanking,BAD_REQUEST_ERROR,otp_timeout,The OTP was not entered within the allowed time.,cust_0091,2026-07-30 03:15:36,failed,payment,retryable_transient,,,,,,,,,,,,,,
pay_1d2d1115d8ab49,order_b771f9bbe65f43,1176.17,INR,emandate,BAD_REQUEST_ERROR,mandate_not_approved,The e-mandate registration was not approved in time by the customer.,cust_0002,2026-07-30 06:32:07,failed,subscription,retryable_with_delay,,,,,,,,,,,,,,
pay_c610aaf2063742,order_1f9d94fec73e4b,24214.68,INR,card,BAD_REQUEST_ERROR,invalid_cvv,The CVV entered was incorrect.,cust_0012,2026-07-30 09:06:40,failed,payment,non_retryable,,,,,,,,,,,,,,
pay_eb01a51f02f94e,order_236fe38cb0754f,17914.62,INR,netbanking,BAD_REQUEST_ERROR,payment_cancelled,The customer cancelled the payment/checkout before completion.,cust_0035,2026-07-30 10:14:37,failed,payment,abandoned_checkout,,,,,,,,,,,,,,
pay_c80c0535a3fb4f,order_27212416b4cd4b,10520.61,INR,card,BAD_REQUEST_ERROR,otp_timeout,The OTP was not entered within the allowed time.,cust_0052,2026-07-30 10:31:50,failed,payment,retryable_transient,,,,,,,,,,,,,,
pay_92a206fba40e47,order_542360fa93fc46,45030.9,INR,netbanking,GATEWAY_ERROR,network_timeout,The request timed out due to network issues at the gateway.,cust_0016,2026-07-30 12:52:32,failed,payment,retryable_transient,,,,,,,,,,,,,,
pay_ed6b161052e44d,order_20dac2dc155745,4332.91,INR,wallet,BAD_REQUEST_ERROR,payment_cancelled,The customer cancelled the payment/checkout before completion.,cust_0069,2026-07-30 18:37:47,failed,payment,abandoned_checkout,,,,,,,,,,,,,,
pay_1d75ae9dd55545,order_e2326c29ee7f48,23516.92,INR,netbanking,SERVER_ERROR,internal_server_error,An internal server error occurred while processing the payment.,cust_0087,2026-07-30 23:44:30,failed,payment,retryable_transient,,,,,,,,,,,,,,
pay_919aec69c6a742,order_2598b67b25f740,23213.44,INR,card,BAD_REQUEST_ERROR,card_declined,The card was declined by the issuing bank.,cust_0113,2026-07-31 04:27:10,failed,payment,non_retryable,,,,,,,,,,,,,,
pay_f251d40803eb4c,order_655fffb6569a43,3790.63,INR,upi,GATEWAY_ERROR,network_timeout,The request timed out due to network issues at the gateway.,cust_0057,2026-07-31 04:52:11,failed,payment,retryable_transient,,,,,,,,,,,,,,
pay_298a8da45f3e48,order_c41efae34b7e4b,6590.9,INR,card,BAD_REQUEST_ERROR,invalid_cvv,The CVV entered was incorrect.,cust_0001,2026-07-31 06:51:05,failed,payment,non_retryable,,,,,,,,,,,,,,
pay_abf8c0daf33149,order_7b8c5f1f113947,1292.21,INR,emandate,BAD_REQUEST_ERROR,card_declined,The card was declined by the issuing bank.,cust_0021,2026-07-31 08:21:25,failed,subscription,non_retryable,,,,,,,,,,,,,,
pay_10be573922444a,order_194695dcf77947,2693.29,INR,card,BAD_REQUEST_ERROR,invalid_cvv,The CVV entered was incorrect.,cust_0046,2026-07-31 12:41:03,failed,payment,non_retryable,,,,,,,,,,,,,,
pay_ed142d131a3045,order_491b6cf01eeb46,2372.59,INR,card,BAD_REQUEST_ERROR,payment_cancelled,The customer cancelled the payment/checkout before completion.,cust_0018,2026-07-31 15:31:30,failed,payment,abandoned_checkout,,,,,,,,,,,,,,
pay_7f5cb49c887247,order_718ee020c98846,11230.25,INR,upi,GATEWAY_ERROR,bank_technical_error,A technical error occurred at the bank's end.,cust_0115,2026-07-31 15:44:01,failed,payment,retryable_transient,,,,,,,,,,,,,,
pay_10130a6392fe4b,order_b3a267a5705d4b,8875.28,INR,card,BAD_REQUEST_ERROR,insufficient_funds,Payment failed due to insufficient funds in the customer's account.,cust_0085,2026-07-31 15:47:55,failed,payment,retryable_with_delay,,,,,,,,,,,,,,
pay_d49da403bee64b,order_818225806be44c,2578.86,INR,card,BAD_REQUEST_ERROR,payment_cancelled,The customer cancelled the payment/checkout before completion.,cust_0107,2026-07-31 21:23:37,failed,payment,abandoned_checkout,,,,,,,,,,,,,,
pay_7e605bbe679548,order_617ec2833d3346,10446.38,INR,card,GATEWAY_ERROR,issuer_unavailable,The card issuing bank's servers were unavailable.,cust_0112,2026-07-31 22:08:17,failed,payment,retryable_transient,,,,,,,,,,,,,,
pay_8d5e4e20048142,order_584f5a1aa8284f,809.2,INR,emandate,GATEWAY_ERROR,issuer_unavailable,The card issuing bank's servers were unavailable.,cust_0050,2026-08-01 01:23:33,failed,subscription,retryable_transient,,,,,,,,,,,,,,
pay_8a208c3c3eac4e,order_db605e9c84ce48,611.52,INR,card,BAD_REQUEST_ERROR,invalid_cvv,The CVV entered was incorrect.,cust_0106,2026-08-01 01:29:28,failed,payment,non_retryable,,,,,,,,,,,,,,
pay_ec2fbf15b8a944,order_c2a185e002fc48,15598.34,INR,card,GATEWAY_ERROR,issuer_unavailable,The card issuing bank's servers were unavailable.,cust_0085,2026-08-01 02:27:46,failed,payment,retryable_transient,,,,,,,,,,,,,,
pay_add14cf9dd8947,order_124fb9ce69964d,1864.05,INR,upi,BAD_REQUEST_ERROR,insufficient_funds,Payment failed due to insufficient funds in the customer's account.,cust_0078,2026-08-01 06:01:02,failed,payment,retryable_with_delay,,,,,,,,,,,,,,
pay_7fd922df28644c,order_3d9c1a1fdc5e44,814.04,INR,wallet,GATEWAY_ERROR,network_timeout,The request timed out due to network issues at the gateway.,cust_0084,2026-08-01 07:31:11,failed,payment,retryable_transient,,,,,,,,,,,,,,
pay_7dfcc142859c45,order_ab86ea032ac94a,30550.26,INR,netbanking,GATEWAY_ERROR,network_timeout,The request timed out due to network issues at the gateway.,cust_0035,2026-08-01 08:20:10,failed,payment,retryable_transient,,,,,,,,,,,,,,
pay_bc8717a7e4f640,order_ebc7a510c4144e,6330.92,INR,card,BAD_REQUEST_ERROR,invalid_cvv,The CVV entered was incorrect.,cust_0073,2026-08-01 10:49:12,failed,payment,non_retryable,,,,,,,,,,,,,,
pay_93933c7e16bc4f,order_9aadfe3ef92443,4165.51,INR,card,BAD_REQUEST_ERROR,card_declined,The card was declined by the issuing bank.,cust_0058,2026-08-01 14:56:16,failed,payment,non_retryable,,,,,,,,,,,,,,
pay_190997e541154b,order_186f09a35db449,3679.33,INR,netbanking,GATEWAY_ERROR,bank_technical_error,A technical error occurred at the bank's end.,cust_0043,2026-08-01 16:00:27,failed,payment,retryable_transient,,,,,,,,,,,,,,
pay_32c29f2c98854a,order_2f7302ee631048,3036.25,INR,emandate,GATEWAY_ERROR,issuer_unavailable,The card issuing bank's servers were unavailable.,cust_0003,2026-08-01 18:59:54,failed,subscription,retryable_transient,,,,,,,,,,,,,,
pay_2a2f6cfb718b4b,order_432810b605e14d,17138.41,INR,netbanking,BAD_REQUEST_ERROR,otp_timeout,The OTP was not entered within the allowed time.,cust_0093,2026-08-01 19:49:55,failed,payment,retryable_transient,,,,,,,,,,,,,,
pay_7312c206b3aa40,order_943f8f639b2241,536.27,INR,wallet,GATEWAY_ERROR,network_timeout,The request timed out due to network issues at the gateway.,cust_0094,2026-08-01 21:48:26,failed,payment,retryable_transient,,,,,,,,,,,,,,
pay_60c46f4cf6ec4c,order_2edf98a1e3c941,5578.77,INR,card,BAD_REQUEST_ERROR,invalid_cvv,The CVV entered was incorrect.,cust_0116,2026-08-01 23:38:58,failed,payment,non_retryable,,,,,,,,,,,,,,
pay_03b9b2988bef47,order_1ff66fbd4f184d,14287.7,INR,card,BAD_REQUEST_ERROR,card_declined,The card was declined by the issuing bank.,cust_0009,2026-08-01 23:56:51,failed,payment,non_retryable,,,,,,,,,,,,,,
pay_b89c0fb5e5bf4a,order_b014fb58b05540,14766.78,INR,netbanking,BAD_REQUEST_ERROR,otp_timeout,The OTP was not entered within the allowed time.,cust_0105,2026-08-02 00:20:04,failed,payment,retryable_transient,,,,,,,,,,,,,,
pay_64546fbb8b2343,order_5e7cdac455bf40,35790.97,INR,netbanking,GATEWAY_ERROR,bank_technical_error,A technical error occurred at the bank's end.,cust_0086,2026-08-02 02:02:08,failed,payment,retryable_transient,,,,,,,,,,,,,,
pay_0bc56eea691047,order_6e0d93820e7e42,17258.78,INR,netbanking,BAD_REQUEST_ERROR,otp_timeout,The OTP was not entered within the allowed time.,cust_0084,2026-08-02 03:47:37,failed,payment,retryable_transient,,,,,,,,,,,,,,
pay_08f82aad2eaf40,order_f022d0b5965648,43076.96,INR,netbanking,GATEWAY_ERROR,bank_technical_error,A technical error occurred at the bank's end.,cust_0109,2026-08-02 03:52:38,failed,payment,retryable_transient,,,,,,,,,,,,,,
pay_bb60810bfed04c,order_0b69e6500c034d,12314.95,INR,netbanking,GATEWAY_ERROR,network_timeout,The request timed out due to network issues at the gateway.,cust_0017,2026-08-02 05:46:16,failed,payment,retryable_transient,,,,,,,,,,,,,,
pay_8181f7d8c0b348,order_d89a8f3459e54c,26436.15,INR,netbanking,BAD_REQUEST_ERROR,otp_timeout,The OTP was not entered within the allowed time.,cust_0112,2026-08-02 05:47:37,failed,payment,retryable_transient,,,,,,,,,,,,,,
pay_98becf59c7af47,order_df2fde7e96c043,496.09,INR,wallet,BAD_REQUEST_ERROR,fraud_suspected,Payment flagged and blocked due to suspected fraudulent activity.,cust_0002,2026-08-02 07:10:57,failed,payment,escalate_human,,,,,,,,,,,,,,
pay_dc5ab7f26cb541,order_7a2c0a969dd148,220.12,INR,emandate,BAD_REQUEST_ERROR,insufficient_funds,Payment failed due to insufficient funds in the customer's account.,cust_0034,2026-08-02 12:01:15,failed,subscription,retryable_with_delay,,,,,,,,,,,,,,
pay_5ea727915cf34a,order_64908327c6854f,15281.33,INR,netbanking,BAD_REQUEST_ERROR,otp_timeout,The OTP was not entered within the allowed time.,cust_0110,2026-08-02 12:31:40,failed,payment,retryable_transient,,,,,,,,,,,,,,
pay_ffe2ca474acb46,order_3c07767c7aef49,6043.81,INR,emandate,BAD_REQUEST_ERROR,insufficient_funds,Payment failed due to insufficient funds in the customer's account.,cust_0049,2026-08-02 18:36:31,failed,subscription,retryable_with_delay,,,,,,,,,,,,,,
pay_0dc6d9a965064a,order_1624e88e2e8645,577.04,INR,wallet,BAD_REQUEST_ERROR,payment_cancelled,The customer cancelled the payment/checkout before completion.,cust_0074,2026-08-02 22:34:25,failed,payment,abandoned_checkout,,,,,,,,,,,,,,
pay_4757772ce77144,order_96ebb3e68bf741,9196.89,INR,netbanking,BAD_REQUEST_ERROR,otp_timeout,The OTP was not entered within the allowed time.,cust_0069,2026-08-02 23:55:17,failed,payment,retryable_transient,,,,,,,,,,,,,,
pay_24966abeb1624f,order_bfbd66eee18547,5559.41,INR,netbanking,BAD_REQUEST_ERROR,payment_cancelled,The customer cancelled the payment/checkout before completion.,cust_0013,2026-08-03 00:14:52,failed,payment,abandoned_checkout,,,,,,,,,,,,,,
pay_9af9aebff3234a,order_7d69e8af598b45,9996.08,INR,netbanking,GATEWAY_ERROR,bank_technical_error,A technical error occurred at the bank's end.,cust_0087,2026-08-03 01:09:32,failed,payment,retryable_transient,,,,,,,,,,,,,,
pay_69d9b4e4024a4e,order_a1846cc8d7354f,3506.51,INR,emandate,BAD_REQUEST_ERROR,card_declined,The card was declined by the issuing bank.,cust_0036,2026-08-03 01:10:52,failed,subscription,non_retryable,,,,,,,,,,,,,,
pay_7d749e6f708542,order_d82f8ea214744a,691.79,INR,emandate,BAD_REQUEST_ERROR,mandate_not_approved,The e-mandate registration was not approved in time by the customer.,cust_0042,2026-08-03 01:12:26,failed,subscription,retryable_with_delay,,,,,,,,,,,,,,
pay_2938dc0a80f04b,order_661be480503144,24335.93,INR,card,BAD_REQUEST_ERROR,otp_timeout,The OTP was not entered within the allowed time.,cust_0011,2026-08-03 01:52:14,failed,payment,retryable_transient,,,,,,,,,,,,,,
pay_da6bca976f0647,order_1a68a8d242c84a,29001.94,INR,netbanking,BAD_REQUEST_ERROR,insufficient_funds,Payment failed due to insufficient funds in the customer's account.,cust_0051,2026-08-03 05:37:51,failed,payment,retryable_with_delay,,,,,,,,,,,,,,
pay_9e53734c4ebf4d,order_eb1acb2cff984d,8719.47,INR,card,BAD_REQUEST_ERROR,invalid_cvv,The CVV entered was incorrect.,cust_0040,2026-08-03 11:45:07,failed,payment,non_retryable,,,,,,,,,,,,,,
pay_af868a235ac345,order_5d17a20d47784a,8483.66,INR,emandate,BAD_REQUEST_ERROR,mandate_not_approved,The e-mandate registration was not approved in time by the customer.,cust_0015,2026-08-03 14:39:20,failed,subscription,retryable_with_delay,,,,,,,,,,,,,,
pay_045824f9913b4e,order_52c4c5f0192b4d,22943.81,INR,netbanking,BAD_REQUEST_ERROR,insufficient_funds,Payment failed due to insufficient funds in the customer's account.,cust_0021,2026-08-03 17:50:05,failed,payment,retryable_with_delay,,,,,,,,,,,,,,
pay_d1aae415a01448,order_b59bafe6bd8846,6778.75,INR,upi,GATEWAY_ERROR,bank_technical_error,A technical error occurred at the bank's end.,cust_0066,2026-08-03 21:05:21,failed,payment,retryable_transient,,,,,,,,,,,,,,
pay_7047991831b24e,order_953d40c815ea41,13747.85,INR,card,BAD_REQUEST_ERROR,invalid_cvv,The CVV entered was incorrect.,cust_0008,2026-08-04 01:00:35,failed,payment,non_retryable,,,,,,,,,,,,,,
pay_9e95d9bb269943,order_81ec1a16b5dd45,16772.92,INR,card,BAD_REQUEST_ERROR,invalid_cvv,The CVV entered was incorrect.,cust_0100,2026-08-04 06:49:47,failed,payment,non_retryable,,,,,,,,,,,,,,
pay_cd1bdfaef59f4c,order_2f50c65340ac43,9230.07,INR,emandate,BAD_REQUEST_ERROR,card_declined,The card was declined by the issuing bank.,cust_0001,2026-08-04 09:55:24,failed,subscription,non_retryable,,,,,,,,,,,,,,
pay_144179a7171249,order_5548496866254e,24997.72,INR,card,BAD_REQUEST_ERROR,insufficient_funds,Payment failed due to insufficient funds in the customer's account.,cust_0029,2026-08-04 11:09:42,failed,payment,retryable_with_delay,,,,,,,,,,,,,,
pay_daecc67457cf43,order_d41f884c0c4b4b,5623.03,INR,emandate,GATEWAY_ERROR,issuer_unavailable,The card issuing bank's servers were unavailable.,cust_0055,2026-08-04 18:23:19,failed,subscription,retryable_transient,,,,,,,,,,,,,,
pay_e32ad1d5ec914b,order_2ee013c75df448,39992.7,INR,netbanking,BAD_REQUEST_ERROR,otp_timeout,The OTP was not entered within the allowed time.,cust_0036,2026-08-04 22:22:18,failed,payment,retryable_transient,,,,,,,,,,,,,,
pay_eb55fd91ceef4a,order_9c18663605154d,12107.43,INR,netbanking,BAD_REQUEST_ERROR,insufficient_funds,Payment failed due to insufficient funds in the customer's account.,cust_0041,2026-08-05 03:36:16,failed,payment,retryable_with_delay,,,,,,,,,,,,,,
pay_a463ffd695294b,order_a8423ceaba4e44,18492.88,INR,card,BAD_REQUEST_ERROR,otp_timeout,The OTP was not entered within the allowed time.,cust_0101,2026-08-05 07:52:16,failed,payment,retryable_transient,,,,,,,,,,,,,,
pay_4ec578fc8c9d4a,order_c622db7aaf5a43,33511.2,INR,netbanking,BAD_REQUEST_ERROR,payment_cancelled,The customer cancelled the payment/checkout before completion.,cust_0052,2026-08-05 14:51:52,failed,payment,abandoned_checkout,,,,,,,,,,,,,,
pay_84e6aacf0c0e4e,order_cf30a55025794d,1920.65,INR,netbanking,GATEWAY_ERROR,network_timeout,The request timed out due to network issues at the gateway.,cust_0024,2026-08-05 16:13:34,failed,payment,retryable_transient,,,,,,,,,,,,,,
pay_92166f4d206644,order_b14c9c401c0d4a,22268.63,INR,card,BAD_REQUEST_ERROR,insufficient_funds,Payment failed due to insufficient funds in the customer's account.,cust_0078,2026-08-05 19:21:48,failed,payment,retryable_with_delay,,,,,,,,,,,,,,
pay_ed7d9fd130d14e,order_be68294fbb704e,1649.2,INR,wallet,GATEWAY_ERROR,network_timeout,The request timed out due to network issues at the gateway.,cust_0020,2026-08-06 02:34:00,failed,payment,retryable_transient,,,,,,,,,,,,,,
pay_f4173b6b48b34a,order_9cac0756aa0c43,11533.65,INR,card,SERVER_ERROR,internal_server_error,An internal server error occurred while processing the payment.,cust_0033,2026-08-06 04:27:22,failed,payment,retryable_transient,,,,,,,,,,,,,,
pay_11f4cbf3972d4f,order_f047795bb8d846,8019.26,INR,card,BAD_REQUEST_ERROR,otp_timeout,The OTP was not entered within the allowed time.,cust_0086,2026-08-06 06:46:44,failed,payment,retryable_transient,,,,,,,,,,,,,,
pay_723c5f4309844a,order_005d96a9bc3a4e,2458.32,INR,wallet,GATEWAY_ERROR,network_timeout,The request timed out due to network issues at the gateway.,cust_0006,2026-08-06 11:33:38,failed,payment,retryable_transient,,,,,,,,,,,,,,
pay_9ab9ddb1187641,order_92cac31fb87349,43996.73,INR,netbanking,BAD_REQUEST_ERROR,insufficient_funds,Payment failed due to insufficient funds in the customer's account.,cust_0031,2026-08-06 12:36:55,failed,payment,retryable_with_delay,,,,,,,,,,,,,,
pay_7ed03edb183a45,order_986ab2941e9b42,6978.51,INR,emandate,BAD_REQUEST_ERROR,expired_card,The card used for payment has expired.,cust_0085,2026-08-06 14:08:21,failed,subscription,non_retryable,,,,,,,,,,,,,,
pay_29f9ae64468f43,order_98632bc8054f40,11876.31,INR,card,BAD_REQUEST_ERROR,expired_card,The card used for payment has expired.,cust_0090,2026-08-06 16:36:12,failed,payment,non_retryable,,,,,,,,,,,,,,
pay_9f88b897f4d544,order_52e2ceba423c49,22389.3,INR,netbanking,BAD_REQUEST_ERROR,otp_timeout,The OTP was not entered within the allowed time.,cust_0102,2026-08-06 18:05:02,failed,payment,retryable_transient,,,,,,,,,,,,,,
pay_42735f9796b841,order_4b058c4e3e4c46,8369.7,INR,emandate,BAD_REQUEST_ERROR,expired_card,The card used for payment has expired.,cust_0079,2026-08-06 18:26:14,failed,subscription,non_retryable,,,,,,,,,,,,,,
pay_1968d6c5ccb741,order_5c051bd6f3b741,9111.0,INR,emandate,BAD_REQUEST_ERROR,insufficient_funds,Payment failed due to insufficient funds in the customer's account.,cust_0084,2026-08-06 18:49:05,failed,subscription,retryable_with_delay,,,,,,,,,,,,,,
pay_7d13a7dc8ca343,order_02dee111833d4d,23113.37,INR,netbanking,BAD_REQUEST_ERROR,payment_cancelled,The customer cancelled the payment/checkout before completion.,cust_0026,2026-08-06 18:53:52,failed,payment,abandoned_checkout,,,,,,,,,,,,,,
pay_71c6f37d026a44,order_49820b24172041,488.88,INR,card,BAD_REQUEST_ERROR,card_declined,The card was declined by the issuing bank.,cust_0028,2026-08-06 19:42:58,failed,payment,non_retryable,,,,,,,,,,,,,,
pay_18f67e362a3341,order_12fd48ed69424c,30967.99,INR,netbanking,GATEWAY_ERROR,bank_technical_error,A technical error occurred at the bank's end.,cust_0052,2026-08-06 20:15:47,failed,payment,retryable_transient,,,,,,,,,,,,,,
pay_e1bdebe4a82142,order_00234b533d2041,11258.3,INR,card,BAD_REQUEST_ERROR,payment_cancelled,The customer cancelled the payment/checkout before completion.,cust_0116,2026-08-06 21:59:31,failed,payment,abandoned_checkout,,,,,,,,,,,,,,
pay_ec319eeb383c41,order_131944343ab341,49388.76,INR,netbanking,BAD_REQUEST_ERROR,otp_timeout,The OTP was not entered within the allowed time.,cust_0082,2026-08-06 22:21:19,failed,payment,retryable_transient,,,,,,,,,,,,,,
pay_162883893b8c43,order_8be782d265fd47,24819.49,INR,card,BAD_REQUEST_ERROR,invalid_cvv,The CVV entered was incorrect.,cust_0003,2026-08-07 02:55:35,failed,payment,non_retryable,,,,,,,,,,,,,,
pay_3be9972daed140,order_b692f20623fa46,9679.36,INR,emandate,BAD_REQUEST_ERROR,insufficient_funds,Payment failed due to insufficient funds in the customer's account.,cust_0096,2026-08-07 03:01:50,failed,subscription,retryable_with_delay,,,,,,,,,,,,,,
pay_2f0d1aabaa1249,order_eee020e623d648,39909.1,INR,netbanking,BAD_REQUEST_ERROR,insufficient_funds,Payment failed due to insufficient funds in the customer's account.,cust_0046,2026-08-07 05:05:49,failed,payment,retryable_with_delay,,,,,,,,,,,,,,
pay_d8621c30b70149,order_6ec00476fd2646,7525.29,INR,upi,BAD_REQUEST_ERROR,payment_cancelled,The customer cancelled the payment/checkout before completion.,cust_0066,2026-08-07 06:51:06,failed,payment,abandoned_checkout,,,,,,,,,,,,,,
pay_d6688f0330e24a,order_e0dabd116b1e4c,1704.24,INR,card,BAD_REQUEST_ERROR,otp_timeout,The OTP was not entered within the allowed time.,cust_0010,2026-08-07 12:25:34,failed,payment,retryable_transient,,,,,,,,,,,,,,
pay_7b633ea852ad46,order_a53136f360584f,9287.64,INR,card,GATEWAY_ERROR,issuer_unavailable,The card issuing bank's servers were unavailable.,cust_0050,2026-08-07 17:18:01,failed,payment,retryable_transient,,,,,,,,,,,,,,
pay_e0a4c64538c443,order_f97a49c72cf541,6232.39,INR,emandate,BAD_REQUEST_ERROR,insufficient_funds,Payment failed due to insufficient funds in the customer's account.,cust_0005,2026-08-07 20:58:27,failed,subscription,retryable_with_delay,,,,,,,,,,,,,,
pay_d1495e03146f42,order_7baf928c49a344,24182.13,INR,card,BAD_REQUEST_ERROR,expired_card,The card used for payment has expired.,cust_0045,2026-08-07 21:41:27,failed,payment,non_retryable,,,,,,,,,,,,,,
pay_d3afbfa8c2e149,order_4bc301b9de4647,21044.45,INR,card,BAD_REQUEST_ERROR,card_declined,The card was declined by the issuing bank.,cust_0099,2026-08-07 23:48:14,failed,payment,non_retryable,,,,,,,,,,,,,,
pay_22a8d1c574454f,order_be25b51e554a46,43269.33,INR,netbanking,GATEWAY_ERROR,bank_technical_error,A technical error occurred at the bank's end.,cust_0099,2026-08-08 01:02:37,failed,payment,retryable_transient,,,,,,,,,,,,,,
pay_a94f99e13e3146,order_4409606c01a241,3152.03,INR,wallet,SERVER_ERROR,internal_server_error,An internal server error occurred while processing the payment.,cust_0057,2026-08-08 02:57:57,failed,payment,retryable_transient,,,,,,,,,,,,,,
pay_0ac6374ffd1745,order_99ce7928e3c044,7374.11,INR,upi,GATEWAY_ERROR,network_timeout,The request timed out due to network issues at the gateway.,cust_0056,2026-08-08 04:54:09,failed,payment,retryable_transient,,,,,,,,,,,,,,
pay_1e31b78396e247,order_00fee3eb329d40,26777.19,INR,netbanking,BAD_REQUEST_ERROR,insufficient_funds,Payment failed due to insufficient funds in the customer's account.,cust_0107,2026-08-08 05:22:40,failed,payment,retryable_with_delay,,,,,,,,,,,,,,
pay_af6c18ec81af41,order_89db9b03534749,33861.45,INR,netbanking,GATEWAY_ERROR,bank_technical_error,A technical error occurred at the bank's end.,cust_0057,2026-08-08 05:52:20,failed,payment,retryable_transient,,,,,,,,,,,,,,
pay_d69bc997868843,order_8c37131896c246,11033.28,INR,upi,BAD_REQUEST_ERROR,insufficient_funds,Payment failed due to insufficient funds in the customer's account.,cust_0079,2026-08-08 08:13:35,failed,payment,retryable_with_delay,,,,,,,,,,,,,,
pay_f9ce8bfc680544,order_cf3d5a218f5048,15341.78,INR,card,BAD_REQUEST_ERROR,fraud_suspected,Payment flagged and blocked due to suspected fraudulent activity.,cust_0004,2026-08-08 11:17:45,failed,payment,escalate_human,,,,,,,,,,,,,,
pay_3ad093edfeda47,order_b1eeb51f305742,11532.67,INR,card,BAD_REQUEST_ERROR,card_declined,The card was declined by the issuing bank.,cust_0075,2026-08-08 17:27:18,failed,payment,non_retryable,,,,,,,,,,,,,,
pay_030d219993ab47,order_05a616c99b694a,21962.73,INR,card,BAD_REQUEST_ERROR,payment_cancelled,The customer cancelled the payment/checkout before completion.,cust_0023,2026-08-08 18:33:27,failed,payment,abandoned_checkout,,,,,,,,,,,,,,
pay_e9488cb8f28946,order_aa69455a2b3748,1615.35,INR,wallet,GATEWAY_ERROR,network_timeout,The request timed out due to network issues at the gateway.,cust_0027,2026-08-08 19:04:52,failed,payment,retryable_transient,,,,,,,,,,,,,,
pay_c3544545ac7446,order_fde02f93b0ea40,25517.75,INR,netbanking,GATEWAY_ERROR,network_timeout,The request timed out due to network issues at the gateway.,cust_0116,2026-08-09 06:19:04,failed,payment,retryable_transient,,,,,,,,,,,,,,
pay_b6fcefa27f1241,order_8dd562bf88274c,16024.1,INR,card,BAD_REQUEST_ERROR,fraud_suspected,Payment flagged and blocked due to suspected fraudulent activity.,cust_0087,2026-08-09 06:53:38,failed,payment,escalate_human,,,,,,,,,,,,,,
pay_ab8be654cfac44,order_945e6057a6a144,11148.84,INR,upi,GATEWAY_ERROR,network_timeout,The request timed out due to network issues at the gateway.,cust_0029,2026-08-09 13:34:32,failed,payment,retryable_transient,,,,,,,,,,,,,,
pay_732dbc6c0f8c4a,order_59e2b66dfd3043,8831.47,INR,emandate,BAD_REQUEST_ERROR,card_declined,The card was declined by the issuing bank.,cust_0048,2026-08-09 14:16:59,failed,subscription,non_retryable,,,,,,,,,,,,,,
pay_77d7f3a3ba684e,order_d83df41dd47142,7465.71,INR,upi,GATEWAY_ERROR,bank_technical_error,A technical error occurred at the bank's end.,cust_0019,2026-08-09 14:37:58,failed,payment,retryable_transient,,,,,,,,,,,,,,
pay_da3f5ec8754b4d,order_e6fb0ca36e6745,1231.42,INR,upi,BAD_REQUEST_ERROR,payment_cancelled,The customer cancelled the payment/checkout before completion.,cust_0014,2026-08-09 15:57:18,failed,payment,abandoned_checkout,,,,,,,,,,,,,,
pay_ae39b358f54e4f,order_7445ad24cd7b4e,4987.06,INR,emandate,BAD_REQUEST_ERROR,insufficient_funds,Payment failed due to insufficient funds in the customer's account.,cust_0089,2026-08-09 18:53:51,failed,subscription,retryable_with_delay,,,,,,,,,,,,,,
pay_4e4deb1e0e9c40,order_64bc2e48c7364f,43545.28,INR,netbanking,BAD_REQUEST_ERROR,otp_timeout,The OTP was not entered within the allowed time.,cust_0074,2026-08-09 20:39:59,failed,payment,retryable_transient,,,,,,,,,,,,,,
pay_411ea82639d44b,order_f195ef6c3a7a4b,15646.61,INR,card,BAD_REQUEST_ERROR,card_declined,The card was declined by the issuing bank.,cust_0017,2026-08-09 20:58:12,failed,payment,non_retryable,,,,,,,,,,,,,,
pay_54254054b2fa4e,order_1e9fdb49f9224e,24234.18,INR,card,BAD_REQUEST_ERROR,insufficient_funds,Payment failed due to insufficient funds in the customer's account.,cust_0022,2026-08-09 23:29:35,failed,payment,retryable_with_delay,,,,,,,,,,,,,,
pay_9a38db70afb448,order_20fd6b3326d84d,22447.46,INR,netbanking,GATEWAY_ERROR,bank_technical_error,A technical error occurred at the bank's end.,cust_0110,2026-08-09 23:48:14,failed,payment,retryable_transient,,,,,,,,,,,,,,
pay_5ecd5d6664084d,order_340da7f5556740,5122.67,INR,netbanking,BAD_REQUEST_ERROR,insufficient_funds,Payment failed due to insufficient funds in the customer's account.,cust_0087,2026-08-10 01:15:12,failed,payment,retryable_with_delay,,,,,,,,,,,,,,
pay_d748d7472a8847,order_47982695a2284a,2975.26,INR,card,BAD_REQUEST_ERROR,invalid_cvv,The CVV entered was incorrect.,cust_0061,2026-08-10 02:28:22,failed,payment,non_retryable,,,,,,,,,,,,,,
pay_ff642b4aa10a4a,order_46ab78e65bba43,1159.65,INR,upi,GATEWAY_ERROR,bank_technical_error,A technical error occurred at the bank's end.,cust_0119,2026-08-10 02:56:12,failed,payment,retryable_transient,,,,,,,,,,,,,,
pay_1222ddbad4554b,order_f69919b7deb34c,8836.69,INR,upi,BAD_REQUEST_ERROR,insufficient_funds,Payment failed due to insufficient funds in the customer's account.,cust_0043,2026-08-10 03:25:55,failed,payment,retryable_with_delay,,,,,,,,,,,,,,
pay_e0e2b8e5bbe243,order_01f7eca36a2541,49268.47,INR,netbanking,GATEWAY_ERROR,network_timeout,The request timed out due to network issues at the gateway.,cust_0111,2026-08-10 03:40:27,failed,payment,retryable_transient,,,,,,,,,,,,,,
pay_dc03945e8b4f4c,order_00f21054f9b44f,4439.05,INR,upi,GATEWAY_ERROR,bank_technical_error,A technical error occurred at the bank's end.,cust_0037,2026-08-10 05:12:21,failed,payment,retryable_transient,,,,,,,,,,,,,,
pay_2451cee46f2a4c,order_be299ea8af9641,3716.98,INR,card,BAD_REQUEST_ERROR,payment_cancelled,The customer cancelled the payment/checkout before completion.,cust_0050,2026-08-10 05:27:22,failed,payment,abandoned_checkout,,,,,,,,,,,,,,
pay_2f369e9396e54c,order_36c9e0100a7e49,38899.18,INR,netbanking,BAD_REQUEST_ERROR,payment_cancelled,The customer cancelled the payment/checkout before completion.,cust_0078,2026-08-10 06:47:16,failed,payment,abandoned_checkout,,,,,,,,,,,,,,
pay_cef798b1706744,order_4f4ac30ecf8f4f,45805.17,INR,netbanking,BAD_REQUEST_ERROR,insufficient_funds,Payment failed due to insufficient funds in the customer's account.,cust_0083,2026-08-10 16:59:01,failed,payment,retryable_with_delay,,,,,,,,,,,,,,
pay_c3c31df498e048,order_cf7b0e37ade248,543.01,INR,upi,GATEWAY_ERROR,network_timeout,The request timed out due to network issues at the gateway.,cust_0030,2026-08-10 20:09:48,failed,payment,retryable_transient,,,,,,,,,,,,,,
pay_07554b244d374e,order_e0f2475974c347,14229.61,INR,card,BAD_REQUEST_ERROR,otp_timeout,The OTP was not entered within the allowed time.,cust_0060,2026-08-10 20:56:53,failed,payment,retryable_transient,,,,,,,,,,,,,,
pay_ff3449c904e043,order_b164e2c8533c45,9899.94,INR,netbanking,GATEWAY_ERROR,bank_technical_error,A technical error occurred at the bank's end.,cust_0008,2026-08-10 21:15:19,failed,payment,retryable_transient,,,,,,,,,,,,,,
pay_f759da13f82148,order_402aa4c5addb46,3617.88,INR,wallet,GATEWAY_ERROR,network_timeout,The request timed out due to network issues at the gateway.,cust_0056,2026-08-11 00:22:30,failed,payment,retryable_transient,,,,,,,,,,,,,,
pay_4562c4c8b76542,order_004ab6a91afd49,2108.61,INR,card,BAD_REQUEST_ERROR,otp_timeout,The OTP was not entered within the allowed time.,cust_0065,2026-08-11 02:33:09,failed,payment,retryable_transient,,,,,,,,,,,,,,
pay_fdd6d4f17d9c4a,order_a5f916db36d34f,7805.02,INR,card,GATEWAY_ERROR,issuer_unavailable,The card issuing bank's servers were unavailable.,cust_0056,2026-08-11 06:00:52,failed,payment,retryable_transient,,,,,,,,,,,,,,
pay_e753a73949834f,order_3cfc0e11f1da4d,18024.74,INR,card,BAD_REQUEST_ERROR,expired_card,The card used for payment has expired.,cust_0088,2026-08-11 13:41:13,failed,payment,non_retryable,,,,,,,,,,,,,,
pay_8b4cb2a3ad1341,order_6e5dabe6ec2b47,14709.59,INR,upi,GATEWAY_ERROR,bank_technical_error,A technical error occurred at the bank's end.,cust_0038,2026-08-12 00:43:54,failed,payment,retryable_transient,,,,,,,,,,,,,,
pay_b86b4560f36047,order_4116ee66f40342,13405.47,INR,card,GATEWAY_ERROR,issuer_unavailable,The card issuing bank's servers were unavailable.,cust_0116,2026-08-12 00:58:51,failed,payment,retryable_transient,,,,,,,,,,,,,,
pay_62a74c50753942,order_7aa80d3f8f6445,5805.43,INR,card,BAD_REQUEST_ERROR,expired_card,The card used for payment has expired.,cust_0052,2026-08-12 01:52:57,failed,payment,non_retryable,,,,,,,,,,,,,,
pay_fcba5ecea4b44c,order_914a48f14a7a49,3279.32,INR,card,BAD_REQUEST_ERROR,expired_card,The card used for payment has expired.,cust_0041,2026-08-12 02:31:05,failed,payment,non_retryable,,,,,,,,,,,,,,
pay_2041817f4c7045,order_d34419c23b3846,6441.06,INR,card,BAD_REQUEST_ERROR,expired_card,The card used for payment has expired.,cust_0069,2026-08-12 05:17:09,failed,payment,non_retryable,,,,,,,,,,,,,,
pay_66fd2124d62b46,order_8a948a14e16247,4248.83,INR,emandate,BAD_REQUEST_ERROR,mandate_not_approved,The e-mandate registration was not approved in time by the customer.,cust_0067,2026-08-12 08:20:44,failed,subscription,retryable_with_delay,,,,,,,,,,,,,,
pay_e8a19e7237bf40,order_d07e9d0079834d,4515.59,INR,emandate,BAD_REQUEST_ERROR,expired_card,The card used for payment has expired.,cust_0007,2026-08-12 12:05:45,failed,subscription,non_retryable,,,,,,,,,,,,,,
pay_2c24333799ef45,order_d460bacefb064d,9176.51,INR,emandate,GATEWAY_ERROR,issuer_unavailable,The card issuing bank's servers were unavailable.,cust_0075,2026-08-12 15:26:42,failed,subscription,retryable_transient,,,,,,,,,,,,,,
pay_a7d30fbc64b840,order_26104d4750af4f,48608.46,INR,netbanking,BAD_REQUEST_ERROR,otp_timeout,The OTP was not entered within the allowed time.,cust_0065,2026-08-12 18:45:02,failed,payment,retryable_transient,,,,,,,,,,,,,,
pay_7d8aef47524b44,order_83675a28510741,14645.45,INR,upi,BAD_REQUEST_ERROR,payment_cancelled,The customer cancelled the payment/checkout before completion.,cust_0113,2026-08-12 20:36:51,failed,payment,abandoned_checkout,,,,,,,,,,,,,,
pay_7602485f8ead47,order_40523f281a5a48,37500.3,INR,netbanking,BAD_REQUEST_ERROR,payment_cancelled,The customer cancelled the payment/checkout before completion.,cust_0026,2026-08-12 22:15:35,failed,payment,abandoned_checkout,,,,,,,,,,,,,,
pay_3d263a52544f4e,order_26908f55f6db41,29024.23,INR,netbanking,BAD_REQUEST_ERROR,payment_cancelled,The customer cancelled the payment/checkout before completion.,cust_0061,2026-08-12 22:46:59,failed,payment,abandoned_checkout,,,,,,,,,,,,,,
pay_757c625579eb42,order_0479ae07bd8c41,7977.61,INR,emandate,BAD_REQUEST_ERROR,card_declined,The card was declined by the issuing bank.,cust_0085,2026-08-13 05:11:25,failed,subscription,non_retryable,,,,,,,,,,,,,,
pay_968042783dda40,order_3190e342790645,2370.41,INR,emandate,BAD_REQUEST_ERROR,expired_card,The card used for payment has expired.,cust_0010,2026-08-13 07:00:23,failed,subscription,non_retryable,,,,,,,,,,,,,,
pay_9030dbab082e47,order_cbaac5b3179a45,3658.91,INR,wallet,GATEWAY_ERROR,network_timeout,The request timed out due to network issues at the gateway.,cust_0060,2026-08-13 12:31:03,failed,payment,retryable_transient,,,,,,,,,,,,,,
pay_6d7f0575a0234e,order_e5aca96c536e4f,33671.61,INR,netbanking,BAD_REQUEST_ERROR,otp_timeout,The OTP was not entered within the allowed time.,cust_0043,2026-08-13 15:31:14,failed,payment,retryable_transient,,,,,,,,,,,,,,
pay_9c108ae761154d,order_45636df3d91544,3403.85,INR,wallet,BAD_REQUEST_ERROR,fraud_suspected,Payment flagged and blocked due to suspected fraudulent activity.,cust_0010,2026-08-13 18:50:25,failed,payment,escalate_human,,,,,,,,,,,,,,
pay_22fca590266b4f,order_b80c4f62813b4c,44225.44,INR,netbanking,GATEWAY_ERROR,bank_technical_error,A technical error occurred at the bank's end.,cust_0021,2026-08-13 21:37:53,failed,payment,retryable_transient,,,,,,,,,,,,,,
pay_26572eba468740,order_305b8f51c8c84f,1733.58,INR,wallet,BAD_REQUEST_ERROR,fraud_suspected,Payment flagged and blocked due to suspected fraudulent activity.,cust_0028,2026-08-13 21:44:54,failed,payment,escalate_human,,,,,,,,,,,,,,
pay_d230d17b314a48,order_4a982193053c42,18637.43,INR,card,BAD_REQUEST_ERROR,insufficient_funds,Payment failed due to insufficient funds in the customer's account.,cust_0035,2026-08-13 21:47:07,failed,payment,retryable_with_delay,,,,,,,,,,,,,,
pay_0f3326de1c3a4d,order_9caaaf07724948,9742.6,INR,emandate,GATEWAY_ERROR,issuer_unavailable,The card issuing bank's servers were unavailable.,cust_0119,2026-08-13 22:49:39,failed,subscription,retryable_transient,,,,,,,,,,,,,,
pay_9c21d816160a40,order_58d2ed78bf4b4d,13076.77,INR,upi,GATEWAY_ERROR,bank_technical_error,A technical error occurred at the bank's end.,cust_0010,2026-08-13 23:03:05,failed,payment,retryable_transient,,,,,,,,,,,,,,
pay_9344befc6e9344,order_a8ab7325bbba47,21569.1,INR,card,BAD_REQUEST_ERROR,otp_timeout,The OTP was not entered within the allowed time.,cust_0081,2026-08-14 00:49:20,failed,payment,retryable_transient,,,,,,,,,,,,,,
pay_469ec15444914b,order_3c4d3bb7737241,1960.48,INR,wallet,BAD_REQUEST_ERROR,payment_cancelled,The customer cancelled the payment/checkout before completion.,cust_0064,2026-08-14 01:40:47,failed,payment,abandoned_checkout,,,,,,,,,,,,,,
pay_23cdde53a0b74b,order_aeee1971186149,3062.4,INR,card,BAD_REQUEST_ERROR,otp_timeout,The OTP was not entered within the allowed time.,cust_0070,2026-08-14 05:14:04,failed,payment,retryable_transient,,,,,,,,,,,,,,
pay_f589e98b25b143,order_71e70b7559c74a,29334.22,INR,netbanking,BAD_REQUEST_ERROR,insufficient_funds,Payment failed due to insufficient funds in the customer's account.,cust_0056,2026-08-14 06:21:12,failed,payment,retryable_with_delay,,,,,,,,,,,,,,
pay_7adcde0530034b,order_2e7ee314dbcd4b,36505.27,INR,netbanking,SERVER_ERROR,internal_server_error,An internal server error occurred while processing the payment.,cust_0031,2026-08-14 06:49:26,failed,payment,retryable_transient,,,,,,,,,,,,,,
pay_26af31bea1bd4d,order_dfcaf49e22ad4a,7147.97,INR,card,SERVER_ERROR,internal_server_error,An internal server error occurred while processing the payment.,cust_0017,2026-08-14 10:19:17,failed,payment,retryable_transient,,,,,,,,,,,,,,
pay_5711f78495784d,order_6b2bf114880340,14693.25,INR,card,BAD_REQUEST_ERROR,insufficient_funds,Payment failed due to insufficient funds in the customer's account.,cust_0118,2026-08-14 14:07:09,failed,payment,retryable_with_delay,,,,,,,,,,,,,,
pay_ca2eb23f40f24d,order_e133e42bc03a40,1599.14,INR,emandate,BAD_REQUEST_ERROR,mandate_not_approved,The e-mandate registration was not approved in time by the customer.,cust_0032,2026-08-14 16:12:50,failed,subscription,retryable_with_delay,,,,,,,,,,,,,,
pay_d007ee6e7a124c,order_6f3e2b53bab348,11356.38,INR,netbanking,GATEWAY_ERROR,network_timeout,The request timed out due to network issues at the gateway.,cust_0066,2026-08-14 17:43:37,failed,payment,retryable_transient,,,,,,,,,,,,,,
pay_13bcc3de431c42,order_8a1c80bc9a6b4f,23491.51,INR,card,BAD_REQUEST_ERROR,payment_cancelled,The customer cancelled the payment/checkout before completion.,cust_0034,2026-08-14 22:26:05,failed,payment,abandoned_checkout,,,,,,,,,,,,,,
pay_7678eec8089447,order_1b35225744a049,2298.52,INR,emandate,BAD_REQUEST_ERROR,card_declined,The card was declined by the issuing bank.,cust_0093,2026-08-15 00:44:26,failed,subscription,non_retryable,,,,,,,,,,,,,,
pay_22788de057f945,order_eb0e0268bfe048,14615.05,INR,card,SERVER_ERROR,internal_server_error,An internal server error occurred while processing the payment.,cust_0012,2026-08-15 01:47:21,failed,payment,retryable_transient,,,,,,,,,,,,,,
pay_01b382a99db545,order_2001e72b2b0a46,8538.18,INR,card,BAD_REQUEST_ERROR,card_declined,The card was declined by the issuing bank.,cust_0082,2026-08-15 02:28:45,failed,payment,non_retryable,,,,,,,,,,,,,,
pay_f9e16f8a89a648,order_9514de89fe234b,13967.52,INR,card,BAD_REQUEST_ERROR,card_declined,The card was declined by the issuing bank.,cust_0082,2026-08-15 07:46:08,failed,payment,non_retryable,,,,,,,,,,,,,,
pay_75b4efb2d7ed44,order_61053038e2954b,33337.68,INR,netbanking,BAD_REQUEST_ERROR,payment_cancelled,The customer cancelled the payment/checkout before completion.,cust_0093,2026-08-15 09:41:46,failed,payment,abandoned_checkout,,,,,,,,,,,,,,
pay_59294a22642844,order_813f2e1067bf4d,13770.22,INR,upi,BAD_REQUEST_ERROR,insufficient_funds,Payment failed due to insufficient funds in the customer's account.,cust_0059,2026-08-15 13:30:08,failed,payment,retryable_with_delay,,,,,,,,,,,,,,
pay_e589f2a6aa384a,order_f9bb5d08c59e44,14827.63,INR,netbanking,SERVER_ERROR,internal_server_error,An internal server error occurred while processing the payment.,cust_0001,2026-08-15 15:06:12,failed,payment,retryable_transient,,,,,,,,,,,,,,
pay_475aae65d79641,order_b408a55cb9e445,5409.33,INR,netbanking,BAD_REQUEST_ERROR,otp_timeout,The OTP was not entered within the allowed time.,cust_0110,2026-08-15 21:35:35,failed,payment,retryable_transient,,,,,,,,,,,,,,
pay_c70e5a84e28443,order_d377fc6f6efe43,24808.74,INR,card,BAD_REQUEST_ERROR,otp_timeout,The OTP was not entered within the allowed time.,cust_0060,2026-08-15 22:42:12,failed,payment,retryable_transient,,,,,,,,,,,,,,
pay_5c3b4da8c6dc4f,order_364cb985d31743,8825.11,INR,card,BAD_REQUEST_ERROR,card_declined,The card was declined by the issuing bank.,cust_0037,2026-08-16 01:41:57,failed,payment,non_retryable,,,,,,,,,,,,,,
pay_3cf7b96b15f74b,order_665cdcd50e6843,48253.68,INR,netbanking,GATEWAY_ERROR,bank_technical_error,A technical error occurred at the bank's end.,cust_0075,2026-08-16 04:57:03,failed,payment,retryable_transient,,,,,,,,,,,,,,
pay_945237e954d444,order_e36bafe944ef47,4074.67,INR,upi,BAD_REQUEST_ERROR,payment_cancelled,The customer cancelled the payment/checkout before completion.,cust_0049,2026-08-16 04:57:17,failed,payment,abandoned_checkout,,,,,,,,,,,,,,
pay_1c15b902eb6b4a,order_41b57726b56a4b,2159.48,INR,wallet,BAD_REQUEST_ERROR,payment_cancelled,The customer cancelled the payment/checkout before completion.,cust_0063,2026-08-16 05:06:38,failed,payment,abandoned_checkout,,,,,,,,,,,,,,
pay_dc2f3727cfae48,order_d14713ff38934c,13400.52,INR,upi,GATEWAY_ERROR,network_timeout,The request timed out due to network issues at the gateway.,cust_0100,2026-08-16 06:42:43,failed,payment,retryable_transient,,,,,,,,,,,,,,
pay_f96401f9a81245,order_22261701879f47,1412.22,INR,upi,GATEWAY_ERROR,bank_technical_error,A technical error occurred at the bank's end.,cust_0032,2026-08-16 07:33:20,failed,payment,retryable_transient,,,,,,,,,,,,,,
pay_c1ac855d5da541,order_1d45d57ef0b84c,15357.49,INR,card,BAD_REQUEST_ERROR,expired_card,The card used for payment has expired.,cust_0098,2026-08-16 15:16:47,failed,payment,non_retryable,,,,,,,,,,,,,,
pay_6ee9ffc211744f,order_278cede36abe44,2601.88,INR,card,BAD_REQUEST_ERROR,insufficient_funds,Payment failed due to insufficient funds in the customer's account.,cust_0096,2026-08-16 18:23:22,failed,payment,retryable_with_delay,,,,,,,,,,,,,,
pay_f284697f62b14f,order_74b750818ba047,3762.64,INR,netbanking,GATEWAY_ERROR,network_timeout,The request timed out due to network issues at the gateway.,cust_0072,2026-08-16 20:47:16,failed,payment,retryable_transient,,,,,,,,,,,,,,
pay_6b8a071207f748,order_ae237aca9c5f4d,49872.58,INR,netbanking,BAD_REQUEST_ERROR,insufficient_funds,Payment failed due to insufficient funds in the customer's account.,cust_0056,2026-08-17 01:35:44,failed,payment,retryable_with_delay,,,,,,,,,,,,,,
pay_f0c0e899311842,order_e21315dad88a45,20818.89,INR,card,BAD_REQUEST_ERROR,expired_card,The card used for payment has expired.,cust_0036,2026-08-17 05:55:32,failed,payment,non_retryable,,,,,,,,,,,,,,
pay_ec4830025b4f4d,order_0b821d8300ac4f,1462.73,INR,emandate,BAD_REQUEST_ERROR,expired_card,The card used for payment has expired.,cust_0040,2026-08-17 08:11:25,failed,subscription,non_retryable,,,,,,,,,,,,,,
pay_5790d250bec84c,order_e4631c0fe39940,49128.09,INR,netbanking,BAD_REQUEST_ERROR,insufficient_funds,Payment failed due to insufficient funds in the customer's account.,cust_0065,2026-08-17 08:38:40,failed,payment,retryable_with_delay,,,,,,,,,,,,,,
pay_1d73ea00df004c,order_6ef516402ade46,3858.1,INR,upi,GATEWAY_ERROR,bank_technical_error,A technical error occurred at the bank's end.,cust_0061,2026-08-17 11:28:03,failed,payment,retryable_transient,,,,,,,,,,,,,,
pay_76d4f3e17b3a44,order_76b14668c4b547,6836.02,INR,card,BAD_REQUEST_ERROR,card_declined,The card was declined by the issuing bank.,cust_0021,2026-08-17 12:18:18,failed,payment,non_retryable,,,,,,,,,,,,,,
pay_2cc59a5684c44d,order_dd0739d9b0c340,1194.09,INR,upi,GATEWAY_ERROR,bank_technical_error,A technical error occurred at the bank's end.,cust_0042,2026-08-17 12:46:03,failed,payment,retryable_transient,,,,,,,,,,,,,,
pay_8b2b1a52587b4f,order_77e3138998be41,2631.93,INR,upi,GATEWAY_ERROR,network_timeout,The request timed out due to network issues at the gateway.,cust_0079,2026-08-17 14:53:25,failed,payment,retryable_transient,,,,,,,,,,,,,,
pay_359579b0034d47,order_7f924f4b00734d,4788.65,INR,emandate,BAD_REQUEST_ERROR,mandate_not_approved,The e-mandate registration was not approved in time by the customer.,cust_0019,2026-08-17 19:09:54,failed,subscription,retryable_with_delay,,,,,,,,,,,,,,
pay_054d832a658c43,order_20e1ccd2acce42,8992.32,INR,card,BAD_REQUEST_ERROR,card_declined,The card was declined by the issuing bank.,cust_0040,2026-08-17 20:27:24,failed,payment,non_retryable,,,,,,,,,,,,,,
pay_b55805e8f92e42,order_48e86a729b1644,23132.62,INR,netbanking,GATEWAY_ERROR,network_timeout,The request timed out due to network issues at the gateway.,cust_0002,2026-08-17 22:22:35,failed,payment,retryable_transient,,,,,,,,,,,,,,
pay_27ded9fb335d40,order_04760544c9ba48,41418.24,INR,netbanking,GATEWAY_ERROR,network_timeout,The request timed out due to network issues at the gateway.,cust_0008,2026-08-17 23:41:48,failed,payment,retryable_transient,,,,,,,,,,,,,,
pay_7ab9898100df4e,order_20a11b2f755748,16853.0,INR,card,BAD_REQUEST_ERROR,invalid_cvv,The CVV entered was incorrect.,cust_0078,2026-08-17 23:42:19,failed,payment,non_retryable,,,,,,,,,,,,,,
pay_f2920cd7c29448,order_9ed0bb9a1eed42,21532.85,INR,card,BAD_REQUEST_ERROR,insufficient_funds,Payment failed due to insufficient funds in the customer's account.,cust_0066,2026-08-18 00:20:25,failed,payment,retryable_with_delay,,,,,,,,,,,,,,
pay_3b33d5c14aea44,order_9d63bcdb6a084c,9295.63,INR,card,GATEWAY_ERROR,issuer_unavailable,The card issuing bank's servers were unavailable.,cust_0086,2026-08-18 01:22:11,failed,payment,retryable_transient,,,,,,,,,,,,,,
pay_ac27b9bee4324a,order_32ebeeb0d3b94e,5857.05,INR,emandate,GATEWAY_ERROR,issuer_unavailable,The card issuing bank's servers were unavailable.,cust_0006,2026-08-18 01:51:27,failed,subscription,retryable_transient,,,,,,,,,,,,,,
pay_b36f64c116cd47,order_470f62eb6efc48,21328.01,INR,card,BAD_REQUEST_ERROR,insufficient_funds,Payment failed due to insufficient funds in the customer's account.,cust_0077,2026-08-18 03:03:43,failed,payment,retryable_with_delay,,,,,,,,,,,,,,
pay_53c96b065e5943,order_a161a970d76d49,2035.17,INR,wallet,BAD_REQUEST_ERROR,fraud_suspected,Payment flagged and blocked due to suspected fraudulent activity.,cust_0028,2026-08-18 05:46:47,failed,payment,escalate_human,,,,,,,,,,,,,,
pay_267c0f59b34e43,order_860b1946b12d43,1317.05,INR,emandate,BAD_REQUEST_ERROR,card_declined,The card was declined by the issuing bank.,cust_0052,2026-08-18 06:45:52,failed,subscription,non_retryable,,,,,,,,,,,,,,
pay_20cd797ebfac4a,order_f6aaba752f8b48,5112.4,INR,emandate,BAD_REQUEST_ERROR,card_declined,The card was declined by the issuing bank.,cust_0058,2026-08-18 10:48:25,failed,subscription,non_retryable,,,,,,,,,,,,,,
pay_ebba72dff09e4c,order_a1cd04b4a76740,476.62,INR,card,BAD_REQUEST_ERROR,card_declined,The card was declined by the issuing bank.,cust_0030,2026-08-18 14:18:08,failed,payment,non_retryable,,,,,,,,,,,,,,
pay_aaf91d34569441,order_19ff51e5a7134c,18774.74,INR,card,GATEWAY_ERROR,issuer_unavailable,The card issuing bank's servers were unavailable.,cust_0007,2026-08-18 16:17:34,failed,payment,retryable_transient,,,,,,,,,,,,,,
pay_f518e4d5e59e46,order_47d7ca45d13547,17209.66,INR,card,BAD_REQUEST_ERROR,invalid_cvv,The CVV entered was incorrect.,cust_0030,2026-08-18 17:43:22,failed,payment,non_retryable,,,,,,,,,,,,,,
pay_56173cdd46d34a,order_de612a075a004d,43259.92,INR,netbanking,BAD_REQUEST_ERROR,otp_timeout,The OTP was not entered within the allowed time.,cust_0087,2026-08-18 19:46:52,failed,payment,retryable_transient,,,,,,,,,,,,,,
pay_046d35bddbbc45,order_583c385656ad46,34105.44,INR,netbanking,BAD_REQUEST_ERROR,otp_timeout,The OTP was not entered within the allowed time.,cust_0102,2026-08-18 21:53:06,failed,payment,retryable_transient,,,,,,,,,,,,,,
pay_304f1bdde06d4d,order_9d48bc9c19c741,15747.22,INR,card,BAD_REQUEST_ERROR,invalid_cvv,The CVV entered was incorrect.,cust_0027,2026-08-18 22:45:47,failed,payment,non_retryable,,,,,,,,,,,,,,
pay_af1d624c5f9b45,order_48bc718d1a7a42,3938.79,INR,card,BAD_REQUEST_ERROR,expired_card,The card used for payment has expired.,cust_0032,2026-08-19 05:03:08,failed,payment,non_retryable,,,,,,,,,,,,,,
pay_3c711935dda74e,order_c1bc16e8c06a48,15211.64,INR,card,BAD_REQUEST_ERROR,invalid_cvv,The CVV entered was incorrect.,cust_0094,2026-08-19 08:16:18,failed,payment,non_retryable,,,,,,,,,,,,,,
pay_552ccaad393949,order_8a30ac848c4b44,1173.0,INR,upi,GATEWAY_ERROR,bank_technical_error,A technical error occurred at the bank's end.,cust_0056,2026-08-19 09:36:34,failed,payment,retryable_transient,,,,,,,,,,,,,,
pay_b3ec4d29ecb546,order_c25501a0c1974e,18550.25,INR,netbanking,BAD_REQUEST_ERROR,insufficient_funds,Payment failed due to insufficient funds in the customer's account.,cust_0116,2026-08-19 12:24:51,failed,payment,retryable_with_delay,,,,,,,,,,,,,,
pay_eb6bd0ef8ad841,order_0778eff99d4e4c,31598.28,INR,netbanking,GATEWAY_ERROR,bank_technical_error,A technical error occurred at the bank's end.,cust_0040,2026-08-19 12:57:52,failed,payment,retryable_transient,,,,,,,,,,,,,,
pay_364501aacaef49,order_7b3da6a5c5314e,1419.11,INR,card,BAD_REQUEST_ERROR,otp_timeout,The OTP was not entered within the allowed time.,cust_0039,2026-08-19 15:32:24,failed,payment,retryable_transient,,,,,,,,,,,,,,
pay_983591373fc64d,order_32d37bc8af354d,4368.17,INR,wallet,BAD_REQUEST_ERROR,payment_cancelled,The customer cancelled the payment/checkout before completion.,cust_0080,2026-08-19 17:04:11,failed,payment,abandoned_checkout,,,,,,,,,,,,,,
pay_8d55000cea8848,order_7d16e04f76ab4b,6924.29,INR,upi,GATEWAY_ERROR,bank_technical_error,A technical error occurred at the bank's end.,cust_0008,2026-08-19 22:36:07,failed,payment,retryable_transient,,,,,,,,,,,,,,
pay_15759de521fb4b,order_e77efc325b4e45,248.32,INR,wallet,GATEWAY_ERROR,network_timeout,The request timed out due to network issues at the gateway.,cust_0032,2026-08-19 22:44:33,failed,payment,retryable_transient,,,,,,,,,,,,,,
pay_7e8faae1c2dc4c,order_c18f9628111c4a,3014.29,INR,card,GATEWAY_ERROR,issuer_unavailable,The card issuing bank's servers were unavailable.,cust_0017,2026-08-20 04:51:33,failed,payment,retryable_transient,,,,,,,,,,,,,,
pay_7610fb57b2a74a,order_86c439923e0b45,3215.13,INR,wallet,GATEWAY_ERROR,network_timeout,The request timed out due to network issues at the gateway.,cust_0007,2026-08-20 10:00:43,failed,payment,retryable_transient,,,,,,,,,,,,,,
pay_6c70966be20c4f,order_d911f57cf76340,22684.64,INR,netbanking,BAD_REQUEST_ERROR,otp_timeout,The OTP was not entered within the allowed time.,cust_0012,2026-08-20 14:48:19,failed,payment,retryable_transient,,,,,,,,,,,,,,
pay_034ca3f9560942,order_005279a2409e42,8873.5,INR,upi,BAD_REQUEST_ERROR,insufficient_funds,Payment failed due to insufficient funds in the customer's account.,cust_0023,2026-08-20 16:30:32,failed,payment,retryable_with_delay,,,,,,,,,,,,,,
pay_58b193e18fba4f,order_59345653e78b40,7974.84,INR,card,BAD_REQUEST_ERROR,card_declined,The card was declined by the issuing bank.,cust_0071,2026-08-20 18:57:48,failed,payment,non_retryable,,,,,,,,,,,,,,
pay_d4cb00971fff47,order_cb20ce375bcc45,1204.36,INR,emandate,BAD_REQUEST_ERROR,mandate_not_approved,The e-mandate registration was not approved in time by the customer.,cust_0074,2026-08-20 20:36:18,failed,subscription,retryable_with_delay,,,,,,,,,,,,,,
pay_d36fe41b952947,order_fd1c328b42e34d,4702.79,INR,emandate,BAD_REQUEST_ERROR,card_declined,The card was declined by the issuing bank.,cust_0116,2026-08-20 23:56:47,failed,subscription,non_retryable,,,,,,,,,,,,,,
pay_0133f87b22f145,order_14769c238e3241,8131.42,INR,emandate,BAD_REQUEST_ERROR,card_declined,The card was declined by the issuing bank.,cust_0098,2026-08-21 03:19:25,failed,subscription,non_retryable,,,,,,,,,,,,,,
pay_885daddda0a945,order_ec9cf4f609864c,8675.12,INR,emandate,BAD_REQUEST_ERROR,expired_card,The card used for payment has expired.,cust_0085,2026-08-21 09:33:15,failed,subscription,non_retryable,,,,,,,,,,,,,,
