payment_id,action_taken,execution_status,recovered_amount,notes,execution_timestamp
pay_198cc292508e4c,escalate_human,skipped,0,"routed to human review, no automated action taken",2026-08-21T13:50:11.925469+00:00
pay_3f54f4ed4b644d,escalate_human,skipped,0,"routed to human review, no automated action taken",2026-08-21T13:50:11.930219+00:00
pay_448b26a786f24f,escalate_human,skipped,0,"routed to human review, no automated action taken",2026-08-21T13:50:11.933750+00:00
pay_2bb17e43ca4541,escalate_human,skipped,0,"routed to human review, no automated action taken",2026-08-21T13:50:11.936201+00:00
pay_4744ac83dae044,escalate_human,skipped,0,"routed to human review, no automated action taken",2026-08-21T13:50:11.938246+00:00
pay_86f8a929396a4a,retry_now,sent,0,payment_link_id=plink_TSRTqmRfYYD4ZZ,2026-08-21T13:50:13.882280+00:00
pay_fad24497accc4f,escalate_human,skipped,0,"routed to human review, no automated action taken",2026-08-21T13:50:13.886397+00:00
pay_f5863af444e14d,retry_now,sent,0,payment_link_id=plink_TSRTsPujpZwZqz,2026-08-21T13:50:14.522044+00:00
pay_8daa230f1bc04f,retry_now,sent,0,payment_link_id=plink_TSRTsywJjiLWPo,2026-08-21T13:50:15.042181+00:00
pay_b0414e54d29d48,escalate_human,skipped,0,"routed to human review, no automated action taken",2026-08-21T13:50:15.046449+00:00
pay_df58c3ef7d5d45,escalate_human,skipped,0,"routed to human review, no automated action taken",2026-08-21T13:50:15.050336+00:00
pay_ee4d851071674e,retry_now,sent,0,payment_link_id=plink_TSRTtfrNnKgnnS,2026-08-21T13:50:15.873134+00:00
pay_894811081a0645,send_reminder,skipped,0,'send_reminder' not yet automated - needs a scheduler/notifier,2026-08-21T13:50:15.879064+00:00
pay_b8583eec85e043,retry_later,skipped,0,'retry_later' not yet automated - needs a scheduler/notifier,2026-08-21T13:50:15.882759+00:00
pay_8762b97dbbb34c,retry_now,sent,0,payment_link_id=plink_TSRTuTAN1AvKdH,2026-08-21T13:50:16.444536+00:00
pay_541fb5b6b7e341,escalate_human,skipped,0,"routed to human review, no automated action taken",2026-08-21T13:50:16.448986+00:00
pay_03b9eede25884d,escalate_human,skipped,0,"routed to human review, no automated action taken",2026-08-21T13:50:16.452608+00:00
pay_a5da5901405d4b,retry_now,failed,0,Too many requests,2026-08-21T13:50:16.522654+00:00
pay_7583fb49df2e43,escalate_human,skipped,0,"routed to human review, no automated action taken",2026-08-21T13:50:16.526798+00:00
pay_c435a704261a49,retry_now,failed,0,Too many requests,2026-08-21T13:50:16.601343+00:00
pay_ec6ba30d08db4d,escalate_human,skipped,0,"routed to human review, no automated action taken",2026-08-21T13:50:16.605191+00:00
pay_19943116b8314c,escalate_human,skipped,0,"routed to human review, no automated action taken",2026-08-21T13:50:16.610845+00:00
pay_99ef3457f10941,retry_later,skipped,0,'retry_later' not yet automated - needs a scheduler/notifier,2026-08-21T13:50:16.614955+00:00
pay_bc0789d5882c4c,escalate_human,skipped,0,"routed to human review, no automated action taken",2026-08-21T13:50:16.618222+00:00
pay_2dd9b14cbcae4c,retry_later,skipped,0,'retry_later' not yet automated - needs a scheduler/notifier,2026-08-21T13:50:16.621406+00:00
pay_6789e50f332e45,escalate_human,skipped,0,"routed to human review, no automated action taken",2026-08-21T13:50:16.625926+00:00
pay_f1d67ea4b2d040,escalate_human,skipped,0,"routed to human review, no automated action taken",2026-08-21T13:50:16.629734+00:00
pay_3b952fa41a6642,retry_now,failed,0,Too many requests,2026-08-21T13:50:16.721566+00:00
pay_87a81cc2ed8643,escalate_human,skipped,0,"routed to human review, no automated action taken",2026-08-21T13:50:16.725941+00:00
pay_476a0f02115048,retry_later,skipped,0,'retry_later' not yet automated - needs a scheduler/notifier,2026-08-21T13:50:16.728519+00:00
pay_815990007dd041,escalate_human,skipped,0,"routed to human review, no automated action taken",2026-08-21T13:50:16.731301+00:00
pay_719997839cce48,escalate_human,skipped,0,"routed to human review, no automated action taken",2026-08-21T13:50:16.734823+00:00
pay_756f07a8e80444,escalate_human,skipped,0,"routed to human review, no automated action taken",2026-08-21T13:50:16.738192+00:00
pay_4de63ce0dac049,escalate_human,skipped,0,"routed to human review, no automated action taken",2026-08-21T13:50:16.741763+00:00
pay_35746940215c49,escalate_human,skipped,0,"routed to human review, no automated action taken",2026-08-21T13:50:16.744689+00:00
pay_ba4a856830f143,retry_now,failed,0,Too many requests,2026-08-21T13:50:16.801846+00:00
pay_4463614bbe6c45,retry_later,skipped,0,'retry_later' not yet automated - needs a scheduler/notifier,2026-08-21T13:50:16.803928+00:00
pay_2531470561594c,retry_now,failed,0,Too many requests,2026-08-21T13:50:16.881670+00:00
pay_2411b287e2a64d,escalate_human,skipped,0,"routed to human review, no automated action taken",2026-08-21T13:50:16.886060+00:00
pay_c12ca86133284d,escalate_human,skipped,0,"routed to human review, no automated action taken",2026-08-21T13:50:16.890257+00:00
pay_0d0f68eeb6e244,retry_later,skipped,0,'retry_later' not yet automated - needs a scheduler/notifier,2026-08-21T13:50:16.893821+00:00
pay_cfbd430b58d94b,escalate_human,skipped,0,"routed to human review, no automated action taken",2026-08-21T13:50:16.896317+00:00
pay_44c254cbabf747,escalate_human,skipped,0,"routed to human review, no automated action taken",2026-08-21T13:50:16.899402+00:00
pay_f1d7b74656c145,retry_now,failed,0,Too many requests,2026-08-21T13:50:17.055084+00:00
pay_9adb916bb74a47,retry_now,failed,0,Too many requests,2026-08-21T13:50:17.161325+00:00
pay_32ef14b43cb44a,escalate_human,skipped,0,"routed to human review, no automated action taken",2026-08-21T13:50:17.165939+00:00
pay_affec597019046,retry_now,failed,0,Too many requests,2026-08-21T13:50:17.241430+00:00
pay_216119fde87d4a,escalate_human,skipped,0,"routed to human review, no automated action taken",2026-08-21T13:50:17.247095+00:00
pay_52bf197c365e4a,retry_now,failed,0,Too many requests,2026-08-21T13:50:17.321165+00:00
pay_94f071b753ef42,escalate_human,skipped,0,"routed to human review, no automated action taken",2026-08-21T13:50:17.326335+00:00
pay_e7e9905e95fc45,retry_now,failed,0,Too many requests,2026-08-21T13:50:17.401375+00:00
pay_034312d49fa14c,retry_now,failed,0,Too many requests,2026-08-21T13:50:17.482378+00:00
pay_e93fee3805e449,escalate_human,skipped,0,"routed to human review, no automated action taken",2026-08-21T13:50:17.486412+00:00
pay_59d6bd6a213542,escalate_human,skipped,0,"routed to human review, no automated action taken",2026-08-21T13:50:17.490964+00:00
pay_a3240a1f508c47,retry_now,failed,0,Too many requests,2026-08-21T13:50:17.561333+00:00
pay_b24bb629a14a4b,retry_now,failed,0,Too many requests,2026-08-21T13:50:17.641460+00:00
pay_6e5ff97815ce48,escalate_human,skipped,0,"routed to human review, no automated action taken",2026-08-21T13:50:17.646250+00:00
pay_7ca10fcce42a45,escalate_human,skipped,0,"routed to human review, no automated action taken",2026-08-21T13:50:17.650654+00:00
pay_2a3858d4c0e14a,retry_later,skipped,0,'retry_later' not yet automated - needs a scheduler/notifier,2026-08-21T13:50:17.654321+00:00
pay_74a4633a7fea40,retry_now,failed,0,Too many requests,2026-08-21T13:50:17.721071+00:00
pay_658b789db20d41,escalate_human,skipped,0,"routed to human review, no automated action taken",2026-08-21T13:50:17.724107+00:00
pay_5fa331218bab45,retry_now,failed,0,Too many requests,2026-08-21T13:50:17.801763+00:00
pay_8add8044a8b944,retry_now,failed,0,Too many requests,2026-08-21T13:50:17.881376+00:00
pay_88d134a65b714d,escalate_human,skipped,0,"routed to human review, no automated action taken",2026-08-21T13:50:17.885756+00:00
pay_0e396faf32c845,retry_later,skipped,0,'retry_later' not yet automated - needs a scheduler/notifier,2026-08-21T13:50:17.889345+00:00
pay_eb9ca6b5d2b04a,escalate_human,skipped,0,"routed to human review, no automated action taken",2026-08-21T13:50:17.893919+00:00
pay_1c2830e255a641,escalate_human,skipped,0,"routed to human review, no automated action taken",2026-08-21T13:50:17.897863+00:00
pay_555df0f6b29245,escalate_human,skipped,0,"routed to human review, no automated action taken",2026-08-21T13:50:17.901608+00:00
pay_93ca49082e4a41,escalate_human,skipped,0,"routed to human review, no automated action taken",2026-08-21T13:50:17.906199+00:00
pay_4d5ed169c0dd4d,escalate_human,skipped,0,"routed to human review, no automated action taken",2026-08-21T13:50:17.908837+00:00
pay_6ad5efc4403e48,retry_now,failed,0,Too many requests,2026-08-21T13:50:17.967824+00:00
pay_9b21693c87134e,escalate_human,skipped,0,"routed to human review, no automated action taken",2026-08-21T13:50:17.971644+00:00
pay_d7b68697117047,retry_later,skipped,0,'retry_later' not yet automated - needs a scheduler/notifier,2026-08-21T13:50:17.973857+00:00
pay_1b8867ff569043,retry_now,failed,0,Too many requests,2026-08-21T13:50:18.041400+00:00
pay_c133b4f00f844c,retry_later,skipped,0,'retry_later' not yet automated - needs a scheduler/notifier,2026-08-21T13:50:18.047760+00:00
pay_198cc292508e4c,escalate_human,skipped,0,"routed to human review, no automated action taken",2026-08-21T13:58:21.565871+00:00
pay_3f54f4ed4b644d,escalate_human,skipped,0,"routed to human review, no automated action taken",2026-08-21T13:58:21.570881+00:00
pay_448b26a786f24f,escalate_human,skipped,0,"routed to human review, no automated action taken",2026-08-21T13:58:21.575436+00:00
pay_2bb17e43ca4541,escalate_human,skipped,0,"routed to human review, no automated action taken",2026-08-21T13:58:21.579572+00:00
pay_4744ac83dae044,escalate_human,skipped,0,"routed to human review, no automated action taken",2026-08-21T13:58:21.582674+00:00
pay_86f8a929396a4a,retry_now,failed,0,payment link with given reference_id: pay_86f8a929396a4a already exists. Please create a payment link with a different reference_id,2026-08-21T13:58:22.599598+00:00
pay_fad24497accc4f,escalate_human,skipped,0,"routed to human review, no automated action taken",2026-08-21T13:58:22.603345+00:00
pay_f5863af444e14d,retry_now,failed,0,payment link with given reference_id: pay_f5863af444e14d already exists. Please create a payment link with a different reference_id,2026-08-21T13:58:23.041061+00:00
pay_8daa230f1bc04f,retry_now,failed,0,payment link with given reference_id: pay_8daa230f1bc04f already exists. Please create a payment link with a different reference_id,2026-08-21T13:58:23.480022+00:00
pay_b0414e54d29d48,escalate_human,skipped,0,"routed to human review, no automated action taken",2026-08-21T13:58:23.483337+00:00
pay_df58c3ef7d5d45,escalate_human,skipped,0,"routed to human review, no automated action taken",2026-08-21T13:58:23.486905+00:00
pay_ee4d851071674e,retry_now,failed,0,payment link with given reference_id: pay_ee4d851071674e already exists. Please create a payment link with a different reference_id,2026-08-21T13:58:23.911429+00:00
pay_894811081a0645,send_reminder,skipped,0,'send_reminder' not yet automated - needs a scheduler/notifier,2026-08-21T13:58:23.915891+00:00
pay_b8583eec85e043,retry_later,skipped,0,'retry_later' not yet automated - needs a scheduler/notifier,2026-08-21T13:58:23.919726+00:00
pay_8762b97dbbb34c,retry_now,failed,0,payment link with given reference_id: pay_8762b97dbbb34c already exists. Please create a payment link with a different reference_id,2026-08-21T13:58:24.399514+00:00
pay_541fb5b6b7e341,escalate_human,skipped,0,"routed to human review, no automated action taken",2026-08-21T13:58:24.403855+00:00
pay_03b9eede25884d,escalate_human,skipped,0,"routed to human review, no automated action taken",2026-08-21T13:58:24.407621+00:00
pay_a5da5901405d4b,retry_now,failed,0,Too many requests,2026-08-21T13:58:24.479550+00:00
pay_7583fb49df2e43,escalate_human,skipped,0,"routed to human review, no automated action taken",2026-08-21T13:58:24.487088+00:00
pay_c435a704261a49,retry_now,failed,0,Too many requests,2026-08-21T13:58:24.559314+00:00
pay_ec6ba30d08db4d,escalate_human,skipped,0,"routed to human review, no automated action taken",2026-08-21T13:58:24.563144+00:00
pay_19943116b8314c,escalate_human,skipped,0,"routed to human review, no automated action taken",2026-08-21T13:58:24.566402+00:00
pay_99ef3457f10941,retry_later,skipped,0,'retry_later' not yet automated - needs a scheduler/notifier,2026-08-21T13:58:24.569361+00:00
pay_bc0789d5882c4c,escalate_human,skipped,0,"routed to human review, no automated action taken",2026-08-21T13:58:24.572245+00:00
pay_2dd9b14cbcae4c,retry_later,skipped,0,'retry_later' not yet automated - needs a scheduler/notifier,2026-08-21T13:58:24.575539+00:00
pay_6789e50f332e45,escalate_human,skipped,0,"routed to human review, no automated action taken",2026-08-21T13:58:24.581025+00:00
pay_f1d67ea4b2d040,escalate_human,skipped,0,"routed to human review, no automated action taken",2026-08-21T13:58:24.584331+00:00
pay_3b952fa41a6642,retry_now,failed,0,Too many requests,2026-08-21T13:58:24.679236+00:00
pay_87a81cc2ed8643,escalate_human,skipped,0,"routed to human review, no automated action taken",2026-08-21T13:58:24.683748+00:00
pay_476a0f02115048,retry_later,skipped,0,'retry_later' not yet automated - needs a scheduler/notifier,2026-08-21T13:58:24.687889+00:00
pay_815990007dd041,escalate_human,skipped,0,"routed to human review, no automated action taken",2026-08-21T13:58:24.692664+00:00
pay_719997839cce48,escalate_human,skipped,0,"routed to human review, no automated action taken",2026-08-21T13:58:24.696568+00:00
pay_756f07a8e80444,escalate_human,skipped,0,"routed to human review, no automated action taken",2026-08-21T13:58:24.700510+00:00
pay_4de63ce0dac049,escalate_human,skipped,0,"routed to human review, no automated action taken",2026-08-21T13:58:24.704503+00:00
pay_35746940215c49,escalate_human,skipped,0,"routed to human review, no automated action taken",2026-08-21T13:58:24.708230+00:00
pay_ba4a856830f143,retry_now,failed,0,Too many requests,2026-08-21T13:58:24.774802+00:00
pay_4463614bbe6c45,retry_later,skipped,0,'retry_later' not yet automated - needs a scheduler/notifier,2026-08-21T13:58:24.778561+00:00
pay_2531470561594c,retry_now,failed,0,Too many requests,2026-08-21T13:58:24.840786+00:00
pay_2411b287e2a64d,escalate_human,skipped,0,"routed to human review, no automated action taken",2026-08-21T13:58:24.847120+00:00
pay_c12ca86133284d,escalate_human,skipped,0,"routed to human review, no automated action taken",2026-08-21T13:58:24.851115+00:00
pay_0d0f68eeb6e244,retry_later,skipped,0,'retry_later' not yet automated - needs a scheduler/notifier,2026-08-21T13:58:24.854928+00:00
pay_cfbd430b58d94b,escalate_human,skipped,0,"routed to human review, no automated action taken",2026-08-21T13:58:24.859138+00:00
pay_44c254cbabf747,escalate_human,skipped,0,"routed to human review, no automated action taken",2026-08-21T13:58:24.866556+00:00
pay_f1d7b74656c145,retry_now,failed,0,Too many requests,2026-08-21T13:58:24.922022+00:00
pay_9adb916bb74a47,retry_now,failed,0,Too many requests,2026-08-21T13:58:24.999233+00:00
pay_32ef14b43cb44a,escalate_human,skipped,0,"routed to human review, no automated action taken",2026-08-21T13:58:25.002964+00:00
pay_affec597019046,retry_now,failed,0,Too many requests,2026-08-21T13:58:25.086607+00:00
pay_216119fde87d4a,escalate_human,skipped,0,"routed to human review, no automated action taken",2026-08-21T13:58:25.090258+00:00
pay_52bf197c365e4a,retry_now,failed,0,Too many requests,2026-08-21T13:58:25.163028+00:00
pay_94f071b753ef42,escalate_human,skipped,0,"routed to human review, no automated action taken",2026-08-21T13:58:25.165964+00:00
pay_e7e9905e95fc45,retry_now,failed,0,Too many requests,2026-08-21T13:58:25.244811+00:00
pay_034312d49fa14c,retry_now,failed,0,Too many requests,2026-08-21T13:58:25.319229+00:00
pay_e93fee3805e449,escalate_human,skipped,0,"routed to human review, no automated action taken",2026-08-21T13:58:25.322967+00:00
pay_59d6bd6a213542,escalate_human,skipped,0,"routed to human review, no automated action taken",2026-08-21T13:58:25.326570+00:00
pay_a3240a1f508c47,retry_now,failed,0,Too many requests,2026-08-21T13:58:25.401167+00:00
pay_b24bb629a14a4b,retry_now,failed,0,Too many requests,2026-08-21T13:58:25.479832+00:00
pay_6e5ff97815ce48,escalate_human,skipped,0,"routed to human review, no automated action taken",2026-08-21T13:58:25.484748+00:00
pay_7ca10fcce42a45,escalate_human,skipped,0,"routed to human review, no automated action taken",2026-08-21T13:58:25.488520+00:00
pay_2a3858d4c0e14a,retry_later,skipped,0,'retry_later' not yet automated - needs a scheduler/notifier,2026-08-21T13:58:25.492512+00:00
pay_74a4633a7fea40,retry_now,failed,0,Too many requests,2026-08-21T13:58:25.599948+00:00
pay_658b789db20d41,escalate_human,skipped,0,"routed to human review, no automated action taken",2026-08-21T13:58:25.604512+00:00
pay_5fa331218bab45,retry_now,failed,0,Too many requests,2026-08-21T13:58:25.701482+00:00
pay_8add8044a8b944,retry_now,failed,0,Too many requests,2026-08-21T13:58:25.808600+00:00
pay_88d134a65b714d,escalate_human,skipped,0,"routed to human review, no automated action taken",2026-08-21T13:58:25.812434+00:00
pay_0e396faf32c845,retry_later,skipped,0,'retry_later' not yet automated - needs a scheduler/notifier,2026-08-21T13:58:25.815630+00:00
pay_eb9ca6b5d2b04a,escalate_human,skipped,0,"routed to human review, no automated action taken",2026-08-21T13:58:25.819044+00:00
pay_1c2830e255a641,escalate_human,skipped,0,"routed to human review, no automated action taken",2026-08-21T13:58:25.822090+00:00
pay_555df0f6b29245,escalate_human,skipped,0,"routed to human review, no automated action taken",2026-08-21T13:58:25.824831+00:00
pay_93ca49082e4a41,escalate_human,skipped,0,"routed to human review, no automated action taken",2026-08-21T13:58:25.827852+00:00
pay_4d5ed169c0dd4d,escalate_human,skipped,0,"routed to human review, no automated action taken",2026-08-21T13:58:25.830198+00:00
pay_6ad5efc4403e48,retry_now,failed,0,Too many requests,2026-08-21T13:58:25.959180+00:00
pay_9b21693c87134e,escalate_human,skipped,0,"routed to human review, no automated action taken",2026-08-21T13:58:25.963235+00:00
pay_d7b68697117047,retry_later,skipped,0,'retry_later' not yet automated - needs a scheduler/notifier,2026-08-21T13:58:25.966981+00:00
pay_1b8867ff569043,retry_now,failed,0,Too many requests,2026-08-21T13:58:26.040780+00:00
pay_c133b4f00f844c,retry_later,skipped,0,'retry_later' not yet automated - needs a scheduler/notifier,2026-08-21T13:58:26.045373+00:00
pay_198cc292508e4c,escalate_human,skipped,0,"routed to human review, no automated action taken",2026-08-21T13:58:34.458601+00:00
pay_3f54f4ed4b644d,escalate_human,skipped,0,"routed to human review, no automated action taken",2026-08-21T13:58:34.461647+00:00
pay_448b26a786f24f,escalate_human,skipped,0,"routed to human review, no automated action taken",2026-08-21T13:58:34.463829+00:00
pay_2bb17e43ca4541,escalate_human,skipped,0,"routed to human review, no automated action taken",2026-08-21T13:58:34.465698+00:00
pay_4744ac83dae044,escalate_human,skipped,0,"routed to human review, no automated action taken",2026-08-21T13:58:34.467442+00:00
pay_86f8a929396a4a,retry_now,failed,0,Too many requests,2026-08-21T13:58:35.128903+00:00
pay_fad24497accc4f,escalate_human,skipped,0,"routed to human review, no automated action taken",2026-08-21T13:58:35.132552+00:00
pay_f5863af444e14d,retry_now,failed,0,Too many requests,2026-08-21T13:58:35.199744+00:00
pay_8daa230f1bc04f,retry_now,failed,0,Too many requests,2026-08-21T13:58:35.279600+00:00
pay_b0414e54d29d48,escalate_human,skipped,0,"routed to human review, no automated action taken",2026-08-21T13:58:35.282355+00:00
pay_df58c3ef7d5d45,escalate_human,skipped,0,"routed to human review, no automated action taken",2026-08-21T13:58:35.284364+00:00
pay_ee4d851071674e,retry_now,failed,0,Too many requests,2026-08-21T13:58:35.359512+00:00
pay_894811081a0645,send_reminder,skipped,0,'send_reminder' not yet automated - needs a scheduler/notifier,2026-08-21T13:58:35.362854+00:00
pay_b8583eec85e043,retry_later,skipped,0,'retry_later' not yet automated - needs a scheduler/notifier,2026-08-21T13:58:35.364626+00:00
pay_8762b97dbbb34c,retry_now,failed,0,Too many requests,2026-08-21T13:58:35.440068+00:00
pay_541fb5b6b7e341,escalate_human,skipped,0,"routed to human review, no automated action taken",2026-08-21T13:58:35.444055+00:00
pay_03b9eede25884d,escalate_human,skipped,0,"routed to human review, no automated action taken",2026-08-21T13:58:35.447479+00:00
pay_a5da5901405d4b,retry_now,failed,0,Too many requests,2026-08-21T13:58:35.519577+00:00
pay_7583fb49df2e43,escalate_human,skipped,0,"routed to human review, no automated action taken",2026-08-21T13:58:35.524538+00:00
pay_c435a704261a49,retry_now,failed,0,Too many requests,2026-08-21T13:58:35.599897+00:00
pay_ec6ba30d08db4d,escalate_human,skipped,0,"routed to human review, no automated action taken",2026-08-21T13:58:35.602577+00:00
pay_19943116b8314c,escalate_human,skipped,0,"routed to human review, no automated action taken",2026-08-21T13:58:35.605500+00:00
pay_99ef3457f10941,retry_later,skipped,0,'retry_later' not yet automated - needs a scheduler/notifier,2026-08-21T13:58:35.607398+00:00
pay_bc0789d5882c4c,escalate_human,skipped,0,"routed to human review, no automated action taken",2026-08-21T13:58:35.609177+00:00
pay_2dd9b14cbcae4c,retry_later,skipped,0,'retry_later' not yet automated - needs a scheduler/notifier,2026-08-21T13:58:35.612229+00:00
pay_6789e50f332e45,escalate_human,skipped,0,"routed to human review, no automated action taken",2026-08-21T13:58:35.614644+00:00
pay_f1d67ea4b2d040,escalate_human,skipped,0,"routed to human review, no automated action taken",2026-08-21T13:58:35.616570+00:00
pay_3b952fa41a6642,retry_now,failed,0,Too many requests,2026-08-21T13:58:35.679775+00:00
pay_87a81cc2ed8643,escalate_human,skipped,0,"routed to human review, no automated action taken",2026-08-21T13:58:35.682522+00:00
pay_476a0f02115048,retry_later,skipped,0,'retry_later' not yet automated - needs a scheduler/notifier,2026-08-21T13:58:35.685385+00:00
pay_815990007dd041,escalate_human,skipped,0,"routed to human review, no automated action taken",2026-08-21T13:58:35.687357+00:00
pay_719997839cce48,escalate_human,skipped,0,"routed to human review, no automated action taken",2026-08-21T13:58:35.689863+00:00
pay_756f07a8e80444,escalate_human,skipped,0,"routed to human review, no automated action taken",2026-08-21T13:58:35.693872+00:00
pay_4de63ce0dac049,escalate_human,skipped,0,"routed to human review, no automated action taken",2026-08-21T13:58:35.696833+00:00
pay_35746940215c49,escalate_human,skipped,0,"routed to human review, no automated action taken",2026-08-21T13:58:35.699565+00:00
pay_ba4a856830f143,retry_now,failed,0,Too many requests,2026-08-21T13:58:35.799474+00:00
pay_4463614bbe6c45,retry_later,skipped,0,'retry_later' not yet automated - needs a scheduler/notifier,2026-08-21T13:58:35.804592+00:00
pay_2531470561594c,retry_now,failed,0,Too many requests,2026-08-21T13:58:35.937807+00:00
pay_2411b287e2a64d,escalate_human,skipped,0,"routed to human review, no automated action taken",2026-08-21T13:58:35.942782+00:00
pay_c12ca86133284d,escalate_human,skipped,0,"routed to human review, no automated action taken",2026-08-21T13:58:35.946675+00:00
pay_0d0f68eeb6e244,retry_later,skipped,0,'retry_later' not yet automated - needs a scheduler/notifier,2026-08-21T13:58:35.951885+00:00
pay_cfbd430b58d94b,escalate_human,skipped,0,"routed to human review, no automated action taken",2026-08-21T13:58:35.954434+00:00
pay_44c254cbabf747,escalate_human,skipped,0,"routed to human review, no automated action taken",2026-08-21T13:58:35.957487+00:00
pay_f1d7b74656c145,retry_now,failed,0,Too many requests,2026-08-21T13:58:36.017614+00:00
pay_9adb916bb74a47,retry_now,failed,0,Too many requests,2026-08-21T13:58:36.097718+00:00
pay_32ef14b43cb44a,escalate_human,skipped,0,"routed to human review, no automated action taken",2026-08-21T13:58:36.101641+00:00
pay_affec597019046,retry_now,failed,0,Too many requests,2026-08-21T13:58:36.319120+00:00
pay_216119fde87d4a,escalate_human,skipped,0,"routed to human review, no automated action taken",2026-08-21T13:58:36.325351+00:00
pay_52bf197c365e4a,retry_now,failed,0,Too many requests,2026-08-21T13:58:36.400651+00:00
pay_94f071b753ef42,escalate_human,skipped,0,"routed to human review, no automated action taken",2026-08-21T13:58:36.404775+00:00
pay_e7e9905e95fc45,retry_now,failed,0,Too many requests,2026-08-21T13:58:36.479978+00:00
pay_034312d49fa14c,retry_now,failed,0,Too many requests,2026-08-21T13:58:36.568188+00:00
pay_e93fee3805e449,escalate_human,skipped,0,"routed to human review, no automated action taken",2026-08-21T13:58:36.574033+00:00
pay_59d6bd6a213542,escalate_human,skipped,0,"routed to human review, no automated action taken",2026-08-21T13:58:36.577869+00:00
pay_a3240a1f508c47,retry_now,failed,0,Too many requests,2026-08-21T13:58:36.653786+00:00
pay_b24bb629a14a4b,retry_now,failed,0,Too many requests,2026-08-21T13:58:36.719282+00:00
pay_6e5ff97815ce48,escalate_human,skipped,0,"routed to human review, no automated action taken",2026-08-21T13:58:36.723476+00:00
pay_7ca10fcce42a45,escalate_human,skipped,0,"routed to human review, no automated action taken",2026-08-21T13:58:36.727161+00:00
pay_2a3858d4c0e14a,retry_later,skipped,0,'retry_later' not yet automated - needs a scheduler/notifier,2026-08-21T13:58:36.730687+00:00
pay_74a4633a7fea40,retry_now,failed,0,Too many requests,2026-08-21T13:58:36.879176+00:00
pay_658b789db20d41,escalate_human,skipped,0,"routed to human review, no automated action taken",2026-08-21T13:58:36.882917+00:00
pay_5fa331218bab45,retry_now,failed,0,Too many requests,2026-08-21T13:58:36.959867+00:00
pay_8add8044a8b944,retry_now,failed,0,Too many requests,2026-08-21T13:58:37.039145+00:00
pay_88d134a65b714d,escalate_human,skipped,0,"routed to human review, no automated action taken",2026-08-21T13:58:37.043082+00:00
pay_0e396faf32c845,retry_later,skipped,0,'retry_later' not yet automated - needs a scheduler/notifier,2026-08-21T13:58:37.046465+00:00
pay_eb9ca6b5d2b04a,escalate_human,skipped,0,"routed to human review, no automated action taken",2026-08-21T13:58:37.049807+00:00
pay_1c2830e255a641,escalate_human,skipped,0,"routed to human review, no automated action taken",2026-08-21T13:58:37.053020+00:00
pay_555df0f6b29245,escalate_human,skipped,0,"routed to human review, no automated action taken",2026-08-21T13:58:37.059079+00:00
pay_93ca49082e4a41,escalate_human,skipped,0,"routed to human review, no automated action taken",2026-08-21T13:58:37.061651+00:00
pay_4d5ed169c0dd4d,escalate_human,skipped,0,"routed to human review, no automated action taken",2026-08-21T13:58:37.063634+00:00
pay_6ad5efc4403e48,retry_now,failed,0,Too many requests,2026-08-21T13:58:37.120901+00:00
pay_9b21693c87134e,escalate_human,skipped,0,"routed to human review, no automated action taken",2026-08-21T13:58:37.125704+00:00
pay_d7b68697117047,retry_later,skipped,0,'retry_later' not yet automated - needs a scheduler/notifier,2026-08-21T13:58:37.129398+00:00
pay_1b8867ff569043,retry_now,failed,0,Too many requests,2026-08-21T13:58:37.190101+00:00
pay_c133b4f00f844c,retry_later,skipped,0,'retry_later' not yet automated - needs a scheduler/notifier,2026-08-21T13:58:37.194646+00:00
pay_198cc292508e4c,escalate_human,skipped,0,"routed to human review, no automated action taken",2026-08-21T14:00:43.736922+00:00
pay_3f54f4ed4b644d,escalate_human,skipped,0,"routed to human review, no automated action taken",2026-08-21T14:00:43.740479+00:00
pay_448b26a786f24f,escalate_human,skipped,0,"routed to human review, no automated action taken",2026-08-21T14:00:43.743873+00:00
pay_2bb17e43ca4541,escalate_human,skipped,0,"routed to human review, no automated action taken",2026-08-21T14:00:43.745838+00:00
pay_4744ac83dae044,escalate_human,skipped,0,"routed to human review, no automated action taken",2026-08-21T14:00:43.747145+00:00
pay_86f8a929396a4a,retry_now,failed,0,payment link with given reference_id: pay_86f8a929396a4a already exists. Please create a payment link with a different reference_id,2026-08-21T14:00:44.731068+00:00
pay_fad24497accc4f,escalate_human,skipped,0,"routed to human review, no automated action taken",2026-08-21T14:00:44.737471+00:00
pay_f5863af444e14d,retry_now,failed,0,payment link with given reference_id: pay_f5863af444e14d already exists. Please create a payment link with a different reference_id,2026-08-21T14:00:45.164572+00:00
pay_8daa230f1bc04f,retry_now,failed,0,payment link with given reference_id: pay_8daa230f1bc04f already exists. Please create a payment link with a different reference_id,2026-08-21T14:00:45.599578+00:00
pay_b0414e54d29d48,escalate_human,skipped,0,"routed to human review, no automated action taken",2026-08-21T14:00:45.603911+00:00
pay_df58c3ef7d5d45,escalate_human,skipped,0,"routed to human review, no automated action taken",2026-08-21T14:00:45.607163+00:00
pay_ee4d851071674e,retry_now,failed,0,payment link with given reference_id: pay_ee4d851071674e already exists. Please create a payment link with a different reference_id,2026-08-21T14:00:46.043554+00:00
pay_894811081a0645,send_reminder,skipped,0,'send_reminder' not yet automated - needs a scheduler/notifier,2026-08-21T14:00:46.047928+00:00
pay_b8583eec85e043,retry_later,skipped,0,'retry_later' not yet automated - needs a scheduler/notifier,2026-08-21T14:00:46.051595+00:00
pay_8762b97dbbb34c,retry_now,failed,0,payment link with given reference_id: pay_8762b97dbbb34c already exists. Please create a payment link with a different reference_id,2026-08-21T14:00:46.599938+00:00
pay_541fb5b6b7e341,escalate_human,skipped,0,"routed to human review, no automated action taken",2026-08-21T14:00:46.603550+00:00
pay_03b9eede25884d,escalate_human,skipped,0,"routed to human review, no automated action taken",2026-08-21T14:00:46.607390+00:00
pay_a5da5901405d4b,retry_now,failed,0,Too many requests,2026-08-21T14:00:46.750158+00:00
pay_7583fb49df2e43,escalate_human,skipped,0,"routed to human review, no automated action taken",2026-08-21T14:00:46.753968+00:00
pay_c435a704261a49,retry_now,failed,0,Too many requests,2026-08-21T14:00:46.841564+00:00
pay_ec6ba30d08db4d,escalate_human,skipped,0,"routed to human review, no automated action taken",2026-08-21T14:00:46.845625+00:00
pay_19943116b8314c,escalate_human,skipped,0,"routed to human review, no automated action taken",2026-08-21T14:00:46.849946+00:00
pay_99ef3457f10941,retry_later,skipped,0,'retry_later' not yet automated - needs a scheduler/notifier,2026-08-21T14:00:46.853778+00:00
pay_bc0789d5882c4c,escalate_human,skipped,0,"routed to human review, no automated action taken",2026-08-21T14:00:46.858489+00:00
pay_2dd9b14cbcae4c,retry_later,skipped,0,'retry_later' not yet automated - needs a scheduler/notifier,2026-08-21T14:00:46.863808+00:00
pay_6789e50f332e45,escalate_human,skipped,0,"routed to human review, no automated action taken",2026-08-21T14:00:46.866601+00:00
pay_f1d67ea4b2d040,escalate_human,skipped,0,"routed to human review, no automated action taken",2026-08-21T14:00:46.870139+00:00
pay_3b952fa41a6642,retry_now,failed,0,Too many requests,2026-08-21T14:00:46.937827+00:00
pay_87a81cc2ed8643,escalate_human,skipped,0,"routed to human review, no automated action taken",2026-08-21T14:00:46.941575+00:00
pay_476a0f02115048,retry_later,skipped,0,'retry_later' not yet automated - needs a scheduler/notifier,2026-08-21T14:00:46.946187+00:00
pay_815990007dd041,escalate_human,skipped,0,"routed to human review, no automated action taken",2026-08-21T14:00:46.950165+00:00
pay_719997839cce48,escalate_human,skipped,0,"routed to human review, no automated action taken",2026-08-21T14:00:46.954635+00:00
pay_756f07a8e80444,escalate_human,skipped,0,"routed to human review, no automated action taken",2026-08-21T14:00:46.960570+00:00
pay_4de63ce0dac049,escalate_human,skipped,0,"routed to human review, no automated action taken",2026-08-21T14:00:46.964481+00:00
pay_35746940215c49,escalate_human,skipped,0,"routed to human review, no automated action taken",2026-08-21T14:00:46.968590+00:00
pay_ba4a856830f143,retry_now,failed,0,Too many requests,2026-08-21T14:00:47.040784+00:00
pay_4463614bbe6c45,retry_later,skipped,0,'retry_later' not yet automated - needs a scheduler/notifier,2026-08-21T14:00:47.045339+00:00
pay_2531470561594c,retry_now,failed,0,Too many requests,2026-08-21T14:00:47.118737+00:00
pay_2411b287e2a64d,escalate_human,skipped,0,"routed to human review, no automated action taken",2026-08-21T14:00:47.122326+00:00
pay_c12ca86133284d,escalate_human,skipped,0,"routed to human review, no automated action taken",2026-08-21T14:00:47.129953+00:00
pay_0d0f68eeb6e244,retry_later,skipped,0,'retry_later' not yet automated - needs a scheduler/notifier,2026-08-21T14:00:47.133611+00:00
pay_cfbd430b58d94b,escalate_human,skipped,0,"routed to human review, no automated action taken",2026-08-21T14:00:47.136878+00:00
pay_44c254cbabf747,escalate_human,skipped,0,"routed to human review, no automated action taken",2026-08-21T14:00:47.139440+00:00
pay_f1d7b74656c145,retry_now,failed,0,Too many requests,2026-08-21T14:00:47.199839+00:00
pay_9adb916bb74a47,retry_now,failed,0,Too many requests,2026-08-21T14:00:47.278776+00:00
pay_32ef14b43cb44a,escalate_human,skipped,0,"routed to human review, no automated action taken",2026-08-21T14:00:47.283835+00:00
pay_affec597019046,retry_now,failed,0,Too many requests,2026-08-21T14:00:47.347384+00:00
pay_216119fde87d4a,escalate_human,skipped,0,"routed to human review, no automated action taken",2026-08-21T14:00:47.352824+00:00
pay_52bf197c365e4a,retry_now,failed,0,Too many requests,2026-08-21T14:00:47.438811+00:00
pay_94f071b753ef42,escalate_human,skipped,0,"routed to human review, no automated action taken",2026-08-21T14:00:47.442621+00:00
pay_e7e9905e95fc45,retry_now,failed,0,Too many requests,2026-08-21T14:00:47.518853+00:00
pay_034312d49fa14c,retry_now,failed,0,Too many requests,2026-08-21T14:00:47.598931+00:00
pay_e93fee3805e449,escalate_human,skipped,0,"routed to human review, no automated action taken",2026-08-21T14:00:47.602915+00:00
pay_59d6bd6a213542,escalate_human,skipped,0,"routed to human review, no automated action taken",2026-08-21T14:00:47.606064+00:00
pay_a3240a1f508c47,retry_now,failed,0,Too many requests,2026-08-21T14:00:47.680395+00:00
pay_b24bb629a14a4b,retry_now,failed,0,Too many requests,2026-08-21T14:00:47.760885+00:00
pay_6e5ff97815ce48,escalate_human,skipped,0,"routed to human review, no automated action taken",2026-08-21T14:00:47.764587+00:00
pay_7ca10fcce42a45,escalate_human,skipped,0,"routed to human review, no automated action taken",2026-08-21T14:00:47.767613+00:00
pay_2a3858d4c0e14a,retry_later,skipped,0,'retry_later' not yet automated - needs a scheduler/notifier,2026-08-21T14:00:47.770594+00:00
pay_74a4633a7fea40,retry_now,failed,0,Too many requests,2026-08-21T14:00:47.841344+00:00
pay_658b789db20d41,escalate_human,skipped,0,"routed to human review, no automated action taken",2026-08-21T14:00:47.844594+00:00
pay_5fa331218bab45,retry_now,failed,0,Too many requests,2026-08-21T14:00:47.918597+00:00
pay_8add8044a8b944,retry_now,failed,0,Too many requests,2026-08-21T14:00:47.990882+00:00
pay_88d134a65b714d,escalate_human,skipped,0,"routed to human review, no automated action taken",2026-08-21T14:00:47.993516+00:00
pay_0e396faf32c845,retry_later,skipped,0,'retry_later' not yet automated - needs a scheduler/notifier,2026-08-21T14:00:47.996984+00:00
pay_eb9ca6b5d2b04a,escalate_human,skipped,0,"routed to human review, no automated action taken",2026-08-21T14:00:48.000459+00:00
pay_1c2830e255a641,escalate_human,skipped,0,"routed to human review, no automated action taken",2026-08-21T14:00:48.004645+00:00
pay_555df0f6b29245,escalate_human,skipped,0,"routed to human review, no automated action taken",2026-08-21T14:00:48.008171+00:00
pay_93ca49082e4a41,escalate_human,skipped,0,"routed to human review, no automated action taken",2026-08-21T14:00:48.011137+00:00
pay_4d5ed169c0dd4d,escalate_human,skipped,0,"routed to human review, no automated action taken",2026-08-21T14:00:48.015248+00:00
pay_6ad5efc4403e48,retry_now,failed,0,Too many requests,2026-08-21T14:00:48.078484+00:00
pay_9b21693c87134e,escalate_human,skipped,0,"routed to human review, no automated action taken",2026-08-21T14:00:48.081673+00:00
pay_d7b68697117047,retry_later,skipped,0,'retry_later' not yet automated - needs a scheduler/notifier,2026-08-21T14:00:48.084629+00:00
pay_1b8867ff569043,retry_now,failed,0,Too many requests,2026-08-21T14:00:48.158195+00:00
pay_c133b4f00f844c,retry_later,skipped,0,'retry_later' not yet automated - needs a scheduler/notifier,2026-08-21T14:00:48.161758+00:00
pay_198cc292508e4c,escalate_human,skipped,0,Escalated to human review,2026-08-21T14:14:45.467984+00:00
pay_3f54f4ed4b644d,escalate_human,skipped,0,Escalated to human review,2026-08-21T14:14:45.475644+00:00
pay_448b26a786f24f,escalate_human,skipped,0,Escalated to human review,2026-08-21T14:14:45.478955+00:00
pay_2bb17e43ca4541,escalate_human,skipped,0,Escalated to human review,2026-08-21T14:14:45.481254+00:00
pay_4744ac83dae044,escalate_human,skipped,0,Escalated to human review,2026-08-21T14:14:45.483784+00:00
pay_86f8a929396a4a,retry_now,failed,0,payment link with given reference_id: pay_86f8a929396a4a already exists. Please create a payment link with a different reference_id,2026-08-21T14:14:46.437427+00:00
pay_fad24497accc4f,escalate_human,skipped,0,Escalated to human review,2026-08-21T14:14:46.442154+00:00
pay_f5863af444e14d,retry_now,failed,0,payment link with given reference_id: pay_f5863af444e14d already exists. Please create a payment link with a different reference_id,2026-08-21T14:14:47.238911+00:00
pay_8daa230f1bc04f,retry_now,failed,0,payment link with given reference_id: pay_8daa230f1bc04f already exists. Please create a payment link with a different reference_id,2026-08-21T14:14:47.826257+00:00
pay_b0414e54d29d48,escalate_human,skipped,0,Escalated to human review,2026-08-21T14:14:47.831796+00:00
pay_df58c3ef7d5d45,escalate_human,skipped,0,Escalated to human review,2026-08-21T14:14:47.835789+00:00
pay_ee4d851071674e,retry_now,failed,0,payment link with given reference_id: pay_ee4d851071674e already exists. Please create a payment link with a different reference_id,2026-08-21T14:14:48.376333+00:00
pay_894811081a0645,send_reminder,skipped,0,send_reminder not automated yet; notification service required,2026-08-21T14:14:48.380166+00:00
pay_b8583eec85e043,retry_later,skipped,0,retry_later not automated yet; scheduler required,2026-08-21T14:14:48.382812+00:00
pay_8762b97dbbb34c,retry_now,failed,0,payment link with given reference_id: pay_8762b97dbbb34c already exists. Please create a payment link with a different reference_id,2026-08-21T14:14:48.962680+00:00
pay_541fb5b6b7e341,escalate_human,skipped,0,Escalated to human review,2026-08-21T14:14:49.025101+00:00
pay_03b9eede25884d,escalate_human,skipped,0,Escalated to human review,2026-08-21T14:14:49.029399+00:00
pay_a5da5901405d4b,retry_now,failed,0,Too many requests,2026-08-21T14:14:49.114720+00:00
pay_7583fb49df2e43,escalate_human,skipped,0,Escalated to human review,2026-08-21T14:14:49.116823+00:00
pay_c435a704261a49,retry_now,failed,0,Too many requests,2026-08-21T14:14:49.194619+00:00
pay_ec6ba30d08db4d,escalate_human,skipped,0,Escalated to human review,2026-08-21T14:14:49.196991+00:00
pay_19943116b8314c,escalate_human,skipped,0,Escalated to human review,2026-08-21T14:14:49.199442+00:00
pay_99ef3457f10941,retry_later,skipped,0,retry_later not automated yet; scheduler required,2026-08-21T14:14:49.201437+00:00
pay_bc0789d5882c4c,escalate_human,skipped,0,Escalated to human review,2026-08-21T14:14:49.203003+00:00
pay_2dd9b14cbcae4c,retry_later,skipped,0,retry_later not automated yet; scheduler required,2026-08-21T14:14:49.205104+00:00
pay_6789e50f332e45,escalate_human,skipped,0,Escalated to human review,2026-08-21T14:14:49.206924+00:00
pay_f1d67ea4b2d040,escalate_human,skipped,0,Escalated to human review,2026-08-21T14:14:49.208978+00:00
pay_3b952fa41a6642,retry_now,failed,0,Too many requests,2026-08-21T14:14:49.315189+00:00
pay_87a81cc2ed8643,escalate_human,skipped,0,Escalated to human review,2026-08-21T14:14:49.318916+00:00
pay_476a0f02115048,retry_later,skipped,0,retry_later not automated yet; scheduler required,2026-08-21T14:14:49.323718+00:00
pay_815990007dd041,escalate_human,skipped,0,Escalated to human review,2026-08-21T14:14:49.327459+00:00
pay_719997839cce48,escalate_human,skipped,0,Escalated to human review,2026-08-21T14:14:49.330713+00:00
pay_756f07a8e80444,escalate_human,skipped,0,Escalated to human review,2026-08-21T14:14:49.333701+00:00
pay_4de63ce0dac049,escalate_human,skipped,0,Escalated to human review,2026-08-21T14:14:49.336912+00:00
pay_35746940215c49,escalate_human,skipped,0,Escalated to human review,2026-08-21T14:14:49.340298+00:00
pay_ba4a856830f143,retry_now,failed,0,Too many requests,2026-08-21T14:14:49.405988+00:00
pay_4463614bbe6c45,retry_later,skipped,0,retry_later not automated yet; scheduler required,2026-08-21T14:14:49.408659+00:00
pay_2531470561594c,retry_now,failed,0,Too many requests,2026-08-21T14:14:49.484843+00:00
pay_2411b287e2a64d,escalate_human,skipped,0,Escalated to human review,2026-08-21T14:14:49.488615+00:00
pay_c12ca86133284d,escalate_human,skipped,0,Escalated to human review,2026-08-21T14:14:49.491895+00:00
pay_0d0f68eeb6e244,retry_later,skipped,0,retry_later not automated yet; scheduler required,2026-08-21T14:14:49.495389+00:00
pay_cfbd430b58d94b,escalate_human,skipped,0,Escalated to human review,2026-08-21T14:14:49.500401+00:00
pay_44c254cbabf747,escalate_human,skipped,0,Escalated to human review,2026-08-21T14:14:49.503289+00:00
pay_f1d7b74656c145,retry_now,failed,0,Too many requests,2026-08-21T14:14:49.595995+00:00
pay_9adb916bb74a47,retry_now,failed,0,Too many requests,2026-08-21T14:14:49.682438+00:00
pay_32ef14b43cb44a,escalate_human,skipped,0,Escalated to human review,2026-08-21T14:14:49.685248+00:00
pay_affec597019046,retry_now,failed,0,Too many requests,2026-08-21T14:14:49.764843+00:00
pay_216119fde87d4a,escalate_human,skipped,0,Escalated to human review,2026-08-21T14:14:49.769352+00:00
pay_52bf197c365e4a,retry_now,failed,0,Too many requests,2026-08-21T14:14:49.875670+00:00
pay_94f071b753ef42,escalate_human,skipped,0,Escalated to human review,2026-08-21T14:14:49.881632+00:00
pay_e7e9905e95fc45,retry_now,failed,0,Too many requests,2026-08-21T14:14:49.956560+00:00
pay_034312d49fa14c,retry_now,failed,0,Too many requests,2026-08-21T14:14:50.034097+00:00
pay_e93fee3805e449,escalate_human,skipped,0,Escalated to human review,2026-08-21T14:14:50.036091+00:00
pay_59d6bd6a213542,escalate_human,skipped,0,Escalated to human review,2026-08-21T14:14:50.038395+00:00
pay_a3240a1f508c47,retry_now,failed,0,Too many requests,2026-08-21T14:14:50.101023+00:00
pay_b24bb629a14a4b,retry_now,failed,0,Too many requests,2026-08-21T14:14:50.367528+00:00
pay_6e5ff97815ce48,escalate_human,skipped,0,Escalated to human review,2026-08-21T14:14:50.372257+00:00
pay_7ca10fcce42a45,escalate_human,skipped,0,Escalated to human review,2026-08-21T14:14:50.376349+00:00
pay_2a3858d4c0e14a,retry_later,skipped,0,retry_later not automated yet; scheduler required,2026-08-21T14:14:50.380641+00:00
pay_74a4633a7fea40,retry_now,failed,0,Too many requests,2026-08-21T14:14:50.440011+00:00
pay_658b789db20d41,escalate_human,skipped,0,Escalated to human review,2026-08-21T14:14:50.444238+00:00
pay_5fa331218bab45,retry_now,failed,0,Too many requests,2026-08-21T14:14:50.522605+00:00
pay_8add8044a8b944,retry_now,failed,0,Too many requests,2026-08-21T14:14:50.790173+00:00
pay_88d134a65b714d,escalate_human,skipped,0,Escalated to human review,2026-08-21T14:14:50.798796+00:00
pay_0e396faf32c845,retry_later,skipped,0,retry_later not automated yet; scheduler required,2026-08-21T14:14:50.802426+00:00
pay_eb9ca6b5d2b04a,escalate_human,skipped,0,Escalated to human review,2026-08-21T14:14:50.806291+00:00
pay_1c2830e255a641,escalate_human,skipped,0,Escalated to human review,2026-08-21T14:14:50.811071+00:00
pay_555df0f6b29245,escalate_human,skipped,0,Escalated to human review,2026-08-21T14:14:50.814894+00:00
pay_93ca49082e4a41,escalate_human,skipped,0,Escalated to human review,2026-08-21T14:14:50.818871+00:00
pay_4d5ed169c0dd4d,escalate_human,skipped,0,Escalated to human review,2026-08-21T14:14:50.821345+00:00
pay_6ad5efc4403e48,retry_now,failed,0,Too many requests,2026-08-21T14:14:50.879278+00:00
pay_9b21693c87134e,escalate_human,skipped,0,Escalated to human review,2026-08-21T14:14:50.883283+00:00
pay_d7b68697117047,retry_later,skipped,0,retry_later not automated yet; scheduler required,2026-08-21T14:14:50.886465+00:00
pay_1b8867ff569043,retry_now,failed,0,Too many requests,2026-08-21T14:14:50.962091+00:00
pay_c133b4f00f844c,retry_later,skipped,0,retry_later not automated yet; scheduler required,2026-08-21T14:14:50.967123+00:00
pay_198cc292508e4c,escalate_human,skipped,0,Escalated to human review,2026-08-21T14:21:23.715996+00:00
pay_3f54f4ed4b644d,escalate_human,skipped,0,Escalated to human review,2026-08-21T14:21:23.719637+00:00
pay_448b26a786f24f,escalate_human,skipped,0,Escalated to human review,2026-08-21T14:21:23.721473+00:00
pay_2bb17e43ca4541,escalate_human,skipped,0,Escalated to human review,2026-08-21T14:21:23.723034+00:00
pay_4744ac83dae044,escalate_human,skipped,0,Escalated to human review,2026-08-21T14:21:23.724450+00:00
pay_86f8a929396a4a,retry_now,sent,0,payment_link_id=plink_TSS0oOseOCPB9h; payment_link_url=https://rzp.io/rzp/IInSOE0Z; reference_id=recovery_pay_86f8a929396a4a; amount=12769.22,2026-08-21T14:21:26.787397+00:00
pay_fad24497accc4f,escalate_human,skipped,0,Escalated to human review,2026-08-21T14:21:26.792008+00:00
pay_f5863af444e14d,retry_now,sent,0,payment_link_id=plink_TSS0qizgu4HeSw; payment_link_url=https://rzp.io/rzp/Y7tmoDj; reference_id=recovery_pay_f5863af444e14d; amount=9773.96,2026-08-21T14:21:28.353600+00:00
pay_8daa230f1bc04f,retry_now,sent,0,payment_link_id=plink_TSS0sPGRNRS7a2; payment_link_url=https://rzp.io/rzp/FavUVTD; reference_id=recovery_pay_8daa230f1bc04f; amount=573.92,2026-08-21T14:21:29.876992+00:00
pay_b0414e54d29d48,escalate_human,skipped,0,Escalated to human review,2026-08-21T14:21:29.880892+00:00
pay_df58c3ef7d5d45,escalate_human,skipped,0,Escalated to human review,2026-08-21T14:21:29.884335+00:00
pay_ee4d851071674e,retry_now,sent,0,payment_link_id=plink_TSS0uDvHiBmlQi; payment_link_url=https://rzp.io/rzp/6AkCNE90; reference_id=recovery_pay_ee4d851071674e; amount=15218.98,2026-08-21T14:21:31.596199+00:00
pay_894811081a0645,send_reminder,skipped,0,send_reminder not automated yet; notification service required,2026-08-21T14:21:31.601620+00:00
pay_b8583eec85e043,retry_later,skipped,0,retry_later not automated yet; scheduler required,2026-08-21T14:21:31.604791+00:00
pay_8762b97dbbb34c,retry_now,sent,0,payment_link_id=plink_TSS0vuuzr621Zh; payment_link_url=https://rzp.io/rzp/rD85QE8a; reference_id=recovery_pay_8762b97dbbb34c; amount=28040.35,2026-08-21T14:21:33.264427+00:00
pay_541fb5b6b7e341,escalate_human,skipped,0,Escalated to human review,2026-08-21T14:21:33.268412+00:00
pay_03b9eede25884d,escalate_human,skipped,0,Escalated to human review,2026-08-21T14:21:33.271693+00:00
pay_a5da5901405d4b,retry_now,failed,0,Too many requests,2026-08-21T14:21:34.516973+00:00
pay_7583fb49df2e43,escalate_human,skipped,0,Escalated to human review,2026-08-21T14:21:34.522535+00:00
pay_c435a704261a49,retry_now,failed,0,Too many requests,2026-08-21T14:21:35.708582+00:00
pay_ec6ba30d08db4d,escalate_human,skipped,0,Escalated to human review,2026-08-21T14:21:35.711511+00:00
pay_19943116b8314c,escalate_human,skipped,0,Escalated to human review,2026-08-21T14:21:35.714155+00:00
pay_99ef3457f10941,retry_later,skipped,0,retry_later not automated yet; scheduler required,2026-08-21T14:21:35.716897+00:00
pay_bc0789d5882c4c,escalate_human,skipped,0,Escalated to human review,2026-08-21T14:21:35.721075+00:00
pay_2dd9b14cbcae4c,retry_later,skipped,0,retry_later not automated yet; scheduler required,2026-08-21T14:21:35.723487+00:00
pay_6789e50f332e45,escalate_human,skipped,0,Escalated to human review,2026-08-21T14:21:35.725686+00:00
pay_f1d67ea4b2d040,escalate_human,skipped,0,Escalated to human review,2026-08-21T14:21:35.727541+00:00
pay_3b952fa41a6642,retry_now,failed,0,Too many requests,2026-08-21T14:21:36.862446+00:00
pay_87a81cc2ed8643,escalate_human,skipped,0,Escalated to human review,2026-08-21T14:21:36.866548+00:00
pay_476a0f02115048,retry_later,skipped,0,retry_later not automated yet; scheduler required,2026-08-21T14:21:36.869748+00:00
pay_815990007dd041,escalate_human,skipped,0,Escalated to human review,2026-08-21T14:21:36.880235+00:00
pay_719997839cce48,escalate_human,skipped,0,Escalated to human review,2026-08-21T14:21:36.884336+00:00
pay_756f07a8e80444,escalate_human,skipped,0,Escalated to human review,2026-08-21T14:21:36.888142+00:00
pay_4de63ce0dac049,escalate_human,skipped,0,Escalated to human review,2026-08-21T14:21:36.892620+00:00
pay_35746940215c49,escalate_human,skipped,0,Escalated to human review,2026-08-21T14:21:36.896551+00:00
pay_ba4a856830f143,retry_now,failed,0,Too many requests,2026-08-21T14:21:37.999065+00:00
pay_4463614bbe6c45,retry_later,skipped,0,retry_later not automated yet; scheduler required,2026-08-21T14:21:38.004360+00:00
pay_2531470561594c,retry_now,failed,0,Too many requests,2026-08-21T14:21:39.097281+00:00
pay_2411b287e2a64d,escalate_human,skipped,0,Escalated to human review,2026-08-21T14:21:39.101046+00:00
pay_c12ca86133284d,escalate_human,skipped,0,Escalated to human review,2026-08-21T14:21:39.105857+00:00
pay_0d0f68eeb6e244,retry_later,skipped,0,retry_later not automated yet; scheduler required,2026-08-21T14:21:39.108387+00:00
pay_cfbd430b58d94b,escalate_human,skipped,0,Escalated to human review,2026-08-21T14:21:39.112103+00:00
pay_44c254cbabf747,escalate_human,skipped,0,Escalated to human review,2026-08-21T14:21:39.115696+00:00
pay_f1d7b74656c145,retry_now,failed,0,Too many requests,2026-08-21T14:21:40.234622+00:00
pay_9adb916bb74a47,retry_now,failed,0,Too many requests,2026-08-21T14:21:41.316976+00:00
pay_32ef14b43cb44a,escalate_human,skipped,0,Escalated to human review,2026-08-21T14:21:41.322110+00:00
pay_affec597019046,retry_now,failed,0,Too many requests,2026-08-21T14:21:42.394150+00:00
pay_216119fde87d4a,escalate_human,skipped,0,Escalated to human review,2026-08-21T14:21:42.399254+00:00
pay_52bf197c365e4a,retry_now,failed,0,Too many requests,2026-08-21T14:21:43.525985+00:00
pay_94f071b753ef42,escalate_human,skipped,0,Escalated to human review,2026-08-21T14:21:43.533446+00:00
pay_e7e9905e95fc45,retry_now,failed,0,Too many requests,2026-08-21T14:21:44.875048+00:00
pay_034312d49fa14c,retry_now,failed,0,Too many requests,2026-08-21T14:21:46.096030+00:00
pay_e93fee3805e449,escalate_human,skipped,0,Escalated to human review,2026-08-21T14:21:46.101325+00:00
pay_59d6bd6a213542,escalate_human,skipped,0,Escalated to human review,2026-08-21T14:21:46.105005+00:00
pay_a3240a1f508c47,retry_now,failed,0,Too many requests,2026-08-21T14:21:47.307227+00:00
pay_b24bb629a14a4b,retry_now,failed,0,Too many requests,2026-08-21T14:21:48.394005+00:00
pay_6e5ff97815ce48,escalate_human,skipped,0,Escalated to human review,2026-08-21T14:21:48.398789+00:00
pay_7ca10fcce42a45,escalate_human,skipped,0,Escalated to human review,2026-08-21T14:21:48.402556+00:00
pay_2a3858d4c0e14a,retry_later,skipped,0,retry_later not automated yet; scheduler required,2026-08-21T14:21:48.406327+00:00
pay_74a4633a7fea40,retry_now,failed,0,Too many requests,2026-08-21T14:21:49.515279+00:00
pay_658b789db20d41,escalate_human,skipped,0,Escalated to human review,2026-08-21T14:21:49.520813+00:00
pay_5fa331218bab45,retry_now,failed,0,Too many requests,2026-08-21T14:21:50.615178+00:00
pay_8add8044a8b944,retry_now,failed,0,Too many requests,2026-08-21T14:21:51.675582+00:00
pay_88d134a65b714d,escalate_human,skipped,0,Escalated to human review,2026-08-21T14:21:51.679550+00:00
pay_0e396faf32c845,retry_later,skipped,0,retry_later not automated yet; scheduler required,2026-08-21T14:21:51.683066+00:00
pay_eb9ca6b5d2b04a,escalate_human,skipped,0,Escalated to human review,2026-08-21T14:21:51.686216+00:00
pay_1c2830e255a641,escalate_human,skipped,0,Escalated to human review,2026-08-21T14:21:51.690436+00:00
pay_555df0f6b29245,escalate_human,skipped,0,Escalated to human review,2026-08-21T14:21:51.694138+00:00
pay_93ca49082e4a41,escalate_human,skipped,0,Escalated to human review,2026-08-21T14:21:51.697896+00:00
pay_4d5ed169c0dd4d,escalate_human,skipped,0,Escalated to human review,2026-08-21T14:21:51.701361+00:00
pay_6ad5efc4403e48,retry_now,failed,0,Too many requests,2026-08-21T14:21:52.856199+00:00
pay_9b21693c87134e,escalate_human,skipped,0,Escalated to human review,2026-08-21T14:21:52.862040+00:00
pay_d7b68697117047,retry_later,skipped,0,retry_later not automated yet; scheduler required,2026-08-21T14:21:52.865808+00:00
pay_1b8867ff569043,retry_now,failed,0,Too many requests,2026-08-21T14:21:54.014853+00:00
pay_c133b4f00f844c,retry_later,skipped,0,retry_later not automated yet; scheduler required,2026-08-21T14:21:54.019651+00:00
pay_198cc292508e4c,escalate_human,skipped,0,Escalated to human review,2026-08-22T16:46:08.616976+00:00
pay_3f54f4ed4b644d,escalate_human,skipped,0,Escalated to human review,2026-08-22T16:46:08.625707+00:00
pay_448b26a786f24f,escalate_human,skipped,0,Escalated to human review,2026-08-22T16:46:08.627876+00:00
pay_2bb17e43ca4541,escalate_human,skipped,0,Escalated to human review,2026-08-22T16:46:08.631042+00:00
pay_4744ac83dae044,escalate_human,skipped,0,Escalated to human review,2026-08-22T16:46:08.632901+00:00
pay_198cc292508e4c,escalate_human,skipped,0,"routed to human review, no automated action taken",2026-08-22T16:46:21.065990+00:00
pay_3f54f4ed4b644d,escalate_human,skipped,0,"routed to human review, no automated action taken",2026-08-22T16:46:21.070696+00:00
pay_448b26a786f24f,escalate_human,skipped,0,"routed to human review, no automated action taken",2026-08-22T16:46:21.074155+00:00
pay_2bb17e43ca4541,escalate_human,skipped,0,"routed to human review, no automated action taken",2026-08-22T16:46:21.076110+00:00
pay_4744ac83dae044,escalate_human,skipped,0,"routed to human review, no automated action taken",2026-08-22T16:46:21.077857+00:00
pay_86f8a929396a4a,retry_now,failed,0,payment link with given reference_id: pay_86f8a929396a4a already exists. Please create a payment link with a different reference_id,2026-08-22T16:46:21.947903+00:00
pay_fad24497accc4f,escalate_human,skipped,0,"routed to human review, no automated action taken",2026-08-22T16:46:21.951542+00:00
pay_f5863af444e14d,retry_now,failed,0,payment link with given reference_id: pay_f5863af444e14d already exists. Please create a payment link with a different reference_id,2026-08-22T16:46:22.707676+00:00
pay_8daa230f1bc04f,retry_now,failed,0,payment link with given reference_id: pay_8daa230f1bc04f already exists. Please create a payment link with a different reference_id,2026-08-22T16:46:23.187551+00:00
pay_b0414e54d29d48,escalate_human,skipped,0,"routed to human review, no automated action taken",2026-08-22T16:46:23.191970+00:00
pay_df58c3ef7d5d45,escalate_human,skipped,0,"routed to human review, no automated action taken",2026-08-22T16:46:23.195742+00:00
pay_ee4d851071674e,retry_now,failed,0,payment link with given reference_id: pay_ee4d851071674e already exists. Please create a payment link with a different reference_id,2026-08-22T16:46:23.627512+00:00
pay_894811081a0645,send_reminder,skipped,0,'send_reminder' not yet automated - needs a scheduler/notifier,2026-08-22T16:46:23.632348+00:00
pay_b8583eec85e043,retry_later,skipped,0,'retry_later' not yet automated - needs a scheduler/notifier,2026-08-22T16:46:23.635966+00:00
pay_8762b97dbbb34c,retry_now,failed,0,Too many requests,2026-08-22T16:46:23.747288+00:00
pay_541fb5b6b7e341,escalate_human,skipped,0,"routed to human review, no automated action taken",2026-08-22T16:46:23.751462+00:00
pay_03b9eede25884d,escalate_human,skipped,0,"routed to human review, no automated action taken",2026-08-22T16:46:23.755073+00:00
pay_a5da5901405d4b,retry_now,failed,0,Too many requests,2026-08-22T16:46:23.827213+00:00
pay_7583fb49df2e43,escalate_human,skipped,0,"routed to human review, no automated action taken",2026-08-22T16:46:23.831137+00:00
pay_c435a704261a49,retry_now,failed,0,Too many requests,2026-08-22T16:46:23.907118+00:00
pay_ec6ba30d08db4d,escalate_human,skipped,0,"routed to human review, no automated action taken",2026-08-22T16:46:23.912603+00:00
pay_19943116b8314c,escalate_human,skipped,0,"routed to human review, no automated action taken",2026-08-22T16:46:23.916177+00:00
pay_99ef3457f10941,retry_later,skipped,0,'retry_later' not yet automated - needs a scheduler/notifier,2026-08-22T16:46:23.923974+00:00
pay_bc0789d5882c4c,escalate_human,skipped,0,"routed to human review, no automated action taken",2026-08-22T16:46:23.927238+00:00
pay_2dd9b14cbcae4c,retry_later,skipped,0,'retry_later' not yet automated - needs a scheduler/notifier,2026-08-22T16:46:23.933622+00:00
pay_6789e50f332e45,escalate_human,skipped,0,"routed to human review, no automated action taken",2026-08-22T16:46:23.937386+00:00
pay_f1d67ea4b2d040,escalate_human,skipped,0,"routed to human review, no automated action taken",2026-08-22T16:46:23.941314+00:00
pay_3b952fa41a6642,retry_now,failed,0,Too many requests,2026-08-22T16:46:24.107139+00:00
pay_87a81cc2ed8643,escalate_human,skipped,0,"routed to human review, no automated action taken",2026-08-22T16:46:24.112101+00:00
pay_476a0f02115048,retry_later,skipped,0,'retry_later' not yet automated - needs a scheduler/notifier,2026-08-22T16:46:24.115837+00:00
pay_815990007dd041,escalate_human,skipped,0,"routed to human review, no automated action taken",2026-08-22T16:46:24.120566+00:00
pay_719997839cce48,escalate_human,skipped,0,"routed to human review, no automated action taken",2026-08-22T16:46:24.125449+00:00
pay_756f07a8e80444,escalate_human,skipped,0,"routed to human review, no automated action taken",2026-08-22T16:46:24.129154+00:00
pay_4de63ce0dac049,escalate_human,skipped,0,"routed to human review, no automated action taken",2026-08-22T16:46:24.132156+00:00
pay_35746940215c49,escalate_human,skipped,0,"routed to human review, no automated action taken",2026-08-22T16:46:24.135883+00:00
pay_ba4a856830f143,retry_now,failed,0,Too many requests,2026-08-22T16:46:24.214798+00:00
pay_4463614bbe6c45,retry_later,skipped,0,'retry_later' not yet automated - needs a scheduler/notifier,2026-08-22T16:46:24.218733+00:00
pay_2531470561594c,retry_now,failed,0,Too many requests,2026-08-22T16:46:24.307069+00:00
pay_2411b287e2a64d,escalate_human,skipped,0,"routed to human review, no automated action taken",2026-08-22T16:46:24.310861+00:00
pay_c12ca86133284d,escalate_human,skipped,0,"routed to human review, no automated action taken",2026-08-22T16:46:24.314394+00:00
pay_0d0f68eeb6e244,retry_later,skipped,0,'retry_later' not yet automated - needs a scheduler/notifier,2026-08-22T16:46:24.318828+00:00
pay_cfbd430b58d94b,escalate_human,skipped,0,"routed to human review, no automated action taken",2026-08-22T16:46:24.323369+00:00
pay_44c254cbabf747,escalate_human,skipped,0,"routed to human review, no automated action taken",2026-08-22T16:46:24.327043+00:00
pay_f1d7b74656c145,retry_now,failed,0,Too many requests,2026-08-22T16:46:24.427815+00:00
pay_9adb916bb74a47,retry_now,failed,0,Too many requests,2026-08-22T16:46:24.546991+00:00
pay_32ef14b43cb44a,escalate_human,skipped,0,"routed to human review, no automated action taken",2026-08-22T16:46:24.552483+00:00
pay_affec597019046,retry_now,failed,0,Too many requests,2026-08-22T16:46:24.629222+00:00
pay_216119fde87d4a,escalate_human,skipped,0,"routed to human review, no automated action taken",2026-08-22T16:46:24.632984+00:00
pay_52bf197c365e4a,retry_now,failed,0,Too many requests,2026-08-22T16:46:24.710717+00:00
pay_94f071b753ef42,escalate_human,skipped,0,"routed to human review, no automated action taken",2026-08-22T16:46:24.714554+00:00
pay_e7e9905e95fc45,retry_now,failed,0,Too many requests,2026-08-22T16:46:24.794879+00:00
pay_034312d49fa14c,retry_now,failed,0,Too many requests,2026-08-22T16:46:24.865678+00:00
pay_e93fee3805e449,escalate_human,skipped,0,"routed to human review, no automated action taken",2026-08-22T16:46:24.870685+00:00
pay_59d6bd6a213542,escalate_human,skipped,0,"routed to human review, no automated action taken",2026-08-22T16:46:24.874395+00:00
pay_a3240a1f508c47,retry_now,failed,0,Too many requests,2026-08-22T16:46:24.947114+00:00
pay_b24bb629a14a4b,retry_now,failed,0,Too many requests,2026-08-22T16:46:25.015861+00:00
pay_6e5ff97815ce48,escalate_human,skipped,0,"routed to human review, no automated action taken",2026-08-22T16:46:25.020210+00:00
pay_7ca10fcce42a45,escalate_human,skipped,0,"routed to human review, no automated action taken",2026-08-22T16:46:25.022808+00:00
pay_2a3858d4c0e14a,retry_later,skipped,0,'retry_later' not yet automated - needs a scheduler/notifier,2026-08-22T16:46:25.026623+00:00
pay_74a4633a7fea40,retry_now,failed,0,Too many requests,2026-08-22T16:46:25.110898+00:00
pay_658b789db20d41,escalate_human,skipped,0,"routed to human review, no automated action taken",2026-08-22T16:46:25.114824+00:00
pay_5fa331218bab45,retry_now,failed,0,Too many requests,2026-08-22T16:46:25.184809+00:00
pay_8add8044a8b944,retry_now,failed,0,Too many requests,2026-08-22T16:46:25.267585+00:00
pay_88d134a65b714d,escalate_human,skipped,0,"routed to human review, no automated action taken",2026-08-22T16:46:25.271223+00:00
pay_0e396faf32c845,retry_later,skipped,0,'retry_later' not yet automated - needs a scheduler/notifier,2026-08-22T16:46:25.274583+00:00
pay_eb9ca6b5d2b04a,escalate_human,skipped,0,"routed to human review, no automated action taken",2026-08-22T16:46:25.277455+00:00
pay_1c2830e255a641,escalate_human,skipped,0,"routed to human review, no automated action taken",2026-08-22T16:46:25.281727+00:00
pay_555df0f6b29245,escalate_human,skipped,0,"routed to human review, no automated action taken",2026-08-22T16:46:25.285737+00:00
pay_93ca49082e4a41,escalate_human,skipped,0,"routed to human review, no automated action taken",2026-08-22T16:46:25.289515+00:00
pay_4d5ed169c0dd4d,escalate_human,skipped,0,"routed to human review, no automated action taken",2026-08-22T16:46:25.292812+00:00
pay_6ad5efc4403e48,retry_now,failed,0,Too many requests,2026-08-22T16:46:25.535827+00:00
pay_9b21693c87134e,escalate_human,skipped,0,"routed to human review, no automated action taken",2026-08-22T16:46:25.541713+00:00
pay_d7b68697117047,retry_later,skipped,0,'retry_later' not yet automated - needs a scheduler/notifier,2026-08-22T16:46:25.545057+00:00
pay_1b8867ff569043,retry_now,failed,0,Too many requests,2026-08-22T16:46:25.677060+00:00
pay_c133b4f00f844c,retry_later,skipped,0,'retry_later' not yet automated - needs a scheduler/notifier,2026-08-22T16:46:25.682433+00:00
pay_198cc292508e4c,escalate_human,skipped,0,Escalated to human review,2026-08-22T16:46:32.419665+00:00
pay_3f54f4ed4b644d,escalate_human,skipped,0,Escalated to human review,2026-08-22T16:46:32.422356+00:00
pay_448b26a786f24f,escalate_human,skipped,0,Escalated to human review,2026-08-22T16:46:32.424627+00:00
pay_2bb17e43ca4541,escalate_human,skipped,0,Escalated to human review,2026-08-22T16:46:32.426352+00:00
pay_4744ac83dae044,escalate_human,skipped,0,Escalated to human review,2026-08-22T16:46:32.427960+00:00
pay_86f8a929396a4a,retry_now,failed,0,Too many requests,2026-08-22T16:46:33.910513+00:00
pay_fad24497accc4f,escalate_human,skipped,0,Escalated to human review,2026-08-22T16:46:33.912913+00:00
pay_f5863af444e14d,retry_now,failed,0,Too many requests,2026-08-22T16:46:34.986541+00:00
pay_8daa230f1bc04f,retry_now,failed,0,Too many requests,2026-08-22T16:46:36.070664+00:00
pay_b0414e54d29d48,escalate_human,skipped,0,Escalated to human review,2026-08-22T16:46:36.074647+00:00
pay_df58c3ef7d5d45,escalate_human,skipped,0,Escalated to human review,2026-08-22T16:46:36.079389+00:00
pay_ee4d851071674e,retry_now,failed,0,Too many requests,2026-08-22T16:46:37.191593+00:00
pay_894811081a0645,send_reminder,skipped,0,send_reminder not automated yet; notification service required,2026-08-22T16:46:37.195086+00:00
pay_b8583eec85e043,retry_later,skipped,0,retry_later not automated yet; scheduler required,2026-08-22T16:46:37.201114+00:00
pay_8762b97dbbb34c,retry_now,failed,0,Too many requests,2026-08-22T16:46:38.286806+00:00
pay_541fb5b6b7e341,escalate_human,skipped,0,Escalated to human review,2026-08-22T16:46:38.291101+00:00
pay_03b9eede25884d,escalate_human,skipped,0,Escalated to human review,2026-08-22T16:46:38.295457+00:00
pay_a5da5901405d4b,retry_now,failed,0,Too many requests,2026-08-22T16:46:39.389420+00:00
pay_7583fb49df2e43,escalate_human,skipped,0,Escalated to human review,2026-08-22T16:46:39.393791+00:00
pay_c435a704261a49,retry_now,failed,0,Too many requests,2026-08-22T16:46:40.493568+00:00
pay_ec6ba30d08db4d,escalate_human,skipped,0,Escalated to human review,2026-08-22T16:46:40.497888+00:00
pay_19943116b8314c,escalate_human,skipped,0,Escalated to human review,2026-08-22T16:46:40.500341+00:00
pay_99ef3457f10941,retry_later,skipped,0,retry_later not automated yet; scheduler required,2026-08-22T16:46:40.502160+00:00
pay_bc0789d5882c4c,escalate_human,skipped,0,Escalated to human review,2026-08-22T16:46:40.504727+00:00
pay_2dd9b14cbcae4c,retry_later,skipped,0,retry_later not automated yet; scheduler required,2026-08-22T16:46:40.508101+00:00
pay_6789e50f332e45,escalate_human,skipped,0,Escalated to human review,2026-08-22T16:46:40.510097+00:00
pay_f1d67ea4b2d040,escalate_human,skipped,0,Escalated to human review,2026-08-22T16:46:40.511879+00:00
pay_3b952fa41a6642,retry_now,failed,0,Too many requests,2026-08-22T16:46:41.668131+00:00
pay_87a81cc2ed8643,escalate_human,skipped,0,Escalated to human review,2026-08-22T16:46:41.672287+00:00
pay_476a0f02115048,retry_later,skipped,0,retry_later not automated yet; scheduler required,2026-08-22T16:46:41.675845+00:00
pay_815990007dd041,escalate_human,skipped,0,Escalated to human review,2026-08-22T16:46:41.678931+00:00
pay_719997839cce48,escalate_human,skipped,0,Escalated to human review,2026-08-22T16:46:41.682814+00:00
pay_756f07a8e80444,escalate_human,skipped,0,Escalated to human review,2026-08-22T16:46:41.685969+00:00
pay_4de63ce0dac049,escalate_human,skipped,0,Escalated to human review,2026-08-22T16:46:41.688312+00:00
pay_35746940215c49,escalate_human,skipped,0,Escalated to human review,2026-08-22T16:46:41.691106+00:00
pay_ba4a856830f143,retry_now,failed,0,Too many requests,2026-08-22T16:46:42.829269+00:00
pay_4463614bbe6c45,retry_later,skipped,0,retry_later not automated yet; scheduler required,2026-08-22T16:46:42.832635+00:00
pay_2531470561594c,retry_now,failed,0,Too many requests,2026-08-22T16:46:43.889099+00:00
pay_2411b287e2a64d,escalate_human,skipped,0,Escalated to human review,2026-08-22T16:46:43.893189+00:00
pay_c12ca86133284d,escalate_human,skipped,0,Escalated to human review,2026-08-22T16:46:43.895752+00:00
pay_0d0f68eeb6e244,retry_later,skipped,0,retry_later not automated yet; scheduler required,2026-08-22T16:46:43.897744+00:00
pay_cfbd430b58d94b,escalate_human,skipped,0,Escalated to human review,2026-08-22T16:46:43.899907+00:00
pay_44c254cbabf747,escalate_human,skipped,0,Escalated to human review,2026-08-22T16:46:43.903848+00:00
pay_f1d7b74656c145,retry_now,failed,0,Too many requests,2026-08-22T16:46:45.034369+00:00
pay_9adb916bb74a47,retry_now,failed,0,Too many requests,2026-08-22T16:46:46.134542+00:00
pay_32ef14b43cb44a,escalate_human,skipped,0,Escalated to human review,2026-08-22T16:46:46.140593+00:00
pay_affec597019046,retry_now,failed,0,Too many requests,2026-08-22T16:46:47.268047+00:00
pay_216119fde87d4a,escalate_human,skipped,0,Escalated to human review,2026-08-22T16:46:47.273542+00:00
pay_52bf197c365e4a,retry_now,failed,0,Too many requests,2026-08-22T16:46:48.395653+00:00
pay_94f071b753ef42,escalate_human,skipped,0,Escalated to human review,2026-08-22T16:46:48.400326+00:00
pay_e7e9905e95fc45,retry_now,failed,0,Too many requests,2026-08-22T16:46:49.654922+00:00
pay_034312d49fa14c,retry_now,failed,0,Too many requests,2026-08-22T16:46:50.747109+00:00
pay_e93fee3805e449,escalate_human,skipped,0,Escalated to human review,2026-08-22T16:46:50.751920+00:00
pay_59d6bd6a213542,escalate_human,skipped,0,Escalated to human review,2026-08-22T16:46:50.755810+00:00
pay_a3240a1f508c47,retry_now,failed,0,Too many requests,2026-08-22T16:46:51.828428+00:00
pay_b24bb629a14a4b,retry_now,failed,0,Too many requests,2026-08-22T16:46:52.954129+00:00
pay_6e5ff97815ce48,escalate_human,skipped,0,Escalated to human review,2026-08-22T16:46:52.958979+00:00
pay_7ca10fcce42a45,escalate_human,skipped,0,Escalated to human review,2026-08-22T16:46:52.962643+00:00
pay_2a3858d4c0e14a,retry_later,skipped,0,retry_later not automated yet; scheduler required,2026-08-22T16:46:52.966477+00:00
pay_74a4633a7fea40,retry_now,failed,0,Too many requests,2026-08-22T16:46:54.076050+00:00
pay_658b789db20d41,escalate_human,skipped,0,Escalated to human review,2026-08-22T16:46:54.082337+00:00
pay_5fa331218bab45,retry_now,failed,0,Too many requests,2026-08-22T16:46:55.175995+00:00
pay_8add8044a8b944,retry_now,failed,0,Too many requests,2026-08-22T16:46:56.359178+00:00
pay_88d134a65b714d,escalate_human,skipped,0,Escalated to human review,2026-08-22T16:46:56.362637+00:00
pay_0e396faf32c845,retry_later,skipped,0,retry_later not automated yet; scheduler required,2026-08-22T16:46:56.367689+00:00
pay_eb9ca6b5d2b04a,escalate_human,skipped,0,Escalated to human review,2026-08-22T16:46:56.373594+00:00
pay_1c2830e255a641,escalate_human,skipped,0,Escalated to human review,2026-08-22T16:46:56.386222+00:00
pay_555df0f6b29245,escalate_human,skipped,0,Escalated to human review,2026-08-22T16:46:56.390466+00:00
pay_93ca49082e4a41,escalate_human,skipped,0,Escalated to human review,2026-08-22T16:46:56.392672+00:00
pay_4d5ed169c0dd4d,escalate_human,skipped,0,Escalated to human review,2026-08-22T16:46:56.394700+00:00
pay_6ad5efc4403e48,retry_now,failed,0,Too many requests,2026-08-22T16:46:57.482941+00:00
pay_9b21693c87134e,escalate_human,skipped,0,Escalated to human review,2026-08-22T16:46:57.488836+00:00
pay_d7b68697117047,retry_later,skipped,0,retry_later not automated yet; scheduler required,2026-08-22T16:46:57.492247+00:00
pay_1b8867ff569043,retry_now,failed,0,Too many requests,2026-08-22T16:46:58.642877+00:00
pay_c133b4f00f844c,retry_later,skipped,0,retry_later not automated yet; scheduler required,2026-08-22T16:46:58.646820+00:00
pay_198cc292508e4c,escalate_human,skipped,0,"routed to human review, no automated action taken",2026-08-23T06:23:24.266965+00:00
pay_3f54f4ed4b644d,escalate_human,skipped,0,"routed to human review, no automated action taken",2026-08-23T06:23:24.271203+00:00
pay_448b26a786f24f,escalate_human,skipped,0,"routed to human review, no automated action taken",2026-08-23T06:23:24.276028+00:00
pay_2bb17e43ca4541,escalate_human,skipped,0,"routed to human review, no automated action taken",2026-08-23T06:23:24.279862+00:00
pay_4744ac83dae044,escalate_human,skipped,0,"routed to human review, no automated action taken",2026-08-23T06:23:24.283094+00:00
pay_86f8a929396a4a,retry_now,failed,0,"HTTPSConnectionPool(host='api.razorpay.com', port=443): Max retries exceeded with url: /v1/payment_links (Caused by NameResolutionError(""HTTPSConnection(host='api.razorpay.com', port=443): Failed to resolve 'api.razorpay.com' ([Errno 11001] getaddrinfo failed)""))",2026-08-23T06:23:24.299528+00:00
pay_fad24497accc4f,escalate_human,skipped,0,"routed to human review, no automated action taken",2026-08-23T06:23:24.302288+00:00
pay_f5863af444e14d,retry_now,failed,0,"HTTPSConnectionPool(host='api.razorpay.com', port=443): Max retries exceeded with url: /v1/payment_links (Caused by NameResolutionError(""HTTPSConnection(host='api.razorpay.com', port=443): Failed to resolve 'api.razorpay.com' ([Errno 11001] getaddrinfo failed)""))",2026-08-23T06:23:24.306148+00:00
pay_8daa230f1bc04f,retry_now,failed,0,"HTTPSConnectionPool(host='api.razorpay.com', port=443): Max retries exceeded with url: /v1/payment_links (Caused by NameResolutionError(""HTTPSConnection(host='api.razorpay.com', port=443): Failed to resolve 'api.razorpay.com' ([Errno 11001] getaddrinfo failed)""))",2026-08-23T06:23:24.309814+00:00
pay_b0414e54d29d48,escalate_human,skipped,0,"routed to human review, no automated action taken",2026-08-23T06:23:24.312460+00:00
pay_df58c3ef7d5d45,escalate_human,skipped,0,"routed to human review, no automated action taken",2026-08-23T06:23:24.314470+00:00
pay_ee4d851071674e,retry_now,failed,0,"HTTPSConnectionPool(host='api.razorpay.com', port=443): Max retries exceeded with url: /v1/payment_links (Caused by NameResolutionError(""HTTPSConnection(host='api.razorpay.com', port=443): Failed to resolve 'api.razorpay.com' ([Errno 11001] getaddrinfo failed)""))",2026-08-23T06:23:24.318731+00:00
pay_894811081a0645,send_reminder,skipped,0,'send_reminder' not yet automated - needs a scheduler/notifier,2026-08-23T06:23:24.320854+00:00
pay_b8583eec85e043,retry_later,skipped,0,'retry_later' not yet automated - needs a scheduler/notifier,2026-08-23T06:23:24.323094+00:00
pay_8762b97dbbb34c,retry_now,failed,0,"HTTPSConnectionPool(host='api.razorpay.com', port=443): Max retries exceeded with url: /v1/payment_links (Caused by NameResolutionError(""HTTPSConnection(host='api.razorpay.com', port=443): Failed to resolve 'api.razorpay.com' ([Errno 11001] getaddrinfo failed)""))",2026-08-23T06:23:24.329595+00:00
pay_541fb5b6b7e341,escalate_human,skipped,0,"routed to human review, no automated action taken",2026-08-23T06:23:24.332165+00:00
pay_03b9eede25884d,escalate_human,skipped,0,"routed to human review, no automated action taken",2026-08-23T06:23:24.334412+00:00
pay_a5da5901405d4b,retry_now,failed,0,"HTTPSConnectionPool(host='api.razorpay.com', port=443): Max retries exceeded with url: /v1/payment_links (Caused by NameResolutionError(""HTTPSConnection(host='api.razorpay.com', port=443): Failed to resolve 'api.razorpay.com' ([Errno 11001] getaddrinfo failed)""))",2026-08-23T06:23:24.338494+00:00
pay_7583fb49df2e43,escalate_human,skipped,0,"routed to human review, no automated action taken",2026-08-23T06:23:24.342983+00:00
pay_c435a704261a49,retry_now,failed,0,"HTTPSConnectionPool(host='api.razorpay.com', port=443): Max retries exceeded with url: /v1/payment_links (Caused by NameResolutionError(""HTTPSConnection(host='api.razorpay.com', port=443): Failed to resolve 'api.razorpay.com' ([Errno 11001] getaddrinfo failed)""))",2026-08-23T06:23:24.346953+00:00
pay_ec6ba30d08db4d,escalate_human,skipped,0,"routed to human review, no automated action taken",2026-08-23T06:23:24.350438+00:00
pay_19943116b8314c,escalate_human,skipped,0,"routed to human review, no automated action taken",2026-08-23T06:23:24.352467+00:00
pay_99ef3457f10941,retry_later,skipped,0,'retry_later' not yet automated - needs a scheduler/notifier,2026-08-23T06:23:24.354286+00:00
pay_bc0789d5882c4c,escalate_human,skipped,0,"routed to human review, no automated action taken",2026-08-23T06:23:24.357155+00:00
pay_2dd9b14cbcae4c,retry_later,skipped,0,'retry_later' not yet automated - needs a scheduler/notifier,2026-08-23T06:23:24.360160+00:00
pay_6789e50f332e45,escalate_human,skipped,0,"routed to human review, no automated action taken",2026-08-23T06:23:24.362439+00:00
pay_f1d67ea4b2d040,escalate_human,skipped,0,"routed to human review, no automated action taken",2026-08-23T06:23:24.365009+00:00
pay_3b952fa41a6642,retry_now,failed,0,"HTTPSConnectionPool(host='api.razorpay.com', port=443): Max retries exceeded with url: /v1/payment_links (Caused by NameResolutionError(""HTTPSConnection(host='api.razorpay.com', port=443): Failed to resolve 'api.razorpay.com' ([Errno 11001] getaddrinfo failed)""))",2026-08-23T06:23:24.369155+00:00
pay_87a81cc2ed8643,escalate_human,skipped,0,"routed to human review, no automated action taken",2026-08-23T06:23:24.371462+00:00
pay_476a0f02115048,retry_later,skipped,0,'retry_later' not yet automated - needs a scheduler/notifier,2026-08-23T06:23:24.374192+00:00
pay_815990007dd041,escalate_human,skipped,0,"routed to human review, no automated action taken",2026-08-23T06:23:24.376315+00:00
pay_719997839cce48,escalate_human,skipped,0,"routed to human review, no automated action taken",2026-08-23T06:23:24.378164+00:00
pay_756f07a8e80444,escalate_human,skipped,0,"routed to human review, no automated action taken",2026-08-23T06:23:24.380153+00:00
pay_4de63ce0dac049,escalate_human,skipped,0,"routed to human review, no automated action taken",2026-08-23T06:23:24.382603+00:00
pay_35746940215c49,escalate_human,skipped,0,"routed to human review, no automated action taken",2026-08-23T06:23:24.384607+00:00
pay_ba4a856830f143,retry_now,failed,0,"HTTPSConnectionPool(host='api.razorpay.com', port=443): Max retries exceeded with url: /v1/payment_links (Caused by NameResolutionError(""HTTPSConnection(host='api.razorpay.com', port=443): Failed to resolve 'api.razorpay.com' ([Errno 11001] getaddrinfo failed)""))",2026-08-23T06:23:24.388402+00:00
pay_4463614bbe6c45,retry_later,skipped,0,'retry_later' not yet automated - needs a scheduler/notifier,2026-08-23T06:23:24.392262+00:00
pay_2531470561594c,retry_now,failed,0,"HTTPSConnectionPool(host='api.razorpay.com', port=443): Max retries exceeded with url: /v1/payment_links (Caused by NameResolutionError(""HTTPSConnection(host='api.razorpay.com', port=443): Failed to resolve 'api.razorpay.com' ([Errno 11001] getaddrinfo failed)""))",2026-08-23T06:23:24.397041+00:00
pay_2411b287e2a64d,escalate_human,skipped,0,"routed to human review, no automated action taken",2026-08-23T06:23:24.399385+00:00
pay_c12ca86133284d,escalate_human,skipped,0,"routed to human review, no automated action taken",2026-08-23T06:23:24.401311+00:00
pay_0d0f68eeb6e244,retry_later,skipped,0,'retry_later' not yet automated - needs a scheduler/notifier,2026-08-23T06:23:24.403384+00:00
pay_cfbd430b58d94b,escalate_human,skipped,0,"routed to human review, no automated action taken",2026-08-23T06:23:24.405674+00:00
pay_44c254cbabf747,escalate_human,skipped,0,"routed to human review, no automated action taken",2026-08-23T06:23:24.407925+00:00
pay_f1d7b74656c145,retry_now,failed,0,"HTTPSConnectionPool(host='api.razorpay.com', port=443): Max retries exceeded with url: /v1/payment_links (Caused by NameResolutionError(""HTTPSConnection(host='api.razorpay.com', port=443): Failed to resolve 'api.razorpay.com' ([Errno 11001] getaddrinfo failed)""))",2026-08-23T06:23:24.412013+00:00
pay_9adb916bb74a47,retry_now,failed,0,"HTTPSConnectionPool(host='api.razorpay.com', port=443): Max retries exceeded with url: /v1/payment_links (Caused by NameResolutionError(""HTTPSConnection(host='api.razorpay.com', port=443): Failed to resolve 'api.razorpay.com' ([Errno 11001] getaddrinfo failed)""))",2026-08-23T06:23:24.416500+00:00
pay_32ef14b43cb44a,escalate_human,skipped,0,"routed to human review, no automated action taken",2026-08-23T06:23:24.418774+00:00
pay_affec597019046,retry_now,failed,0,"HTTPSConnectionPool(host='api.razorpay.com', port=443): Max retries exceeded with url: /v1/payment_links (Caused by NameResolutionError(""HTTPSConnection(host='api.razorpay.com', port=443): Failed to resolve 'api.razorpay.com' ([Errno 11001] getaddrinfo failed)""))",2026-08-23T06:23:24.423927+00:00
pay_216119fde87d4a,escalate_human,skipped,0,"routed to human review, no automated action taken",2026-08-23T06:23:24.426186+00:00
pay_52bf197c365e4a,retry_now,failed,0,"HTTPSConnectionPool(host='api.razorpay.com', port=443): Max retries exceeded with url: /v1/payment_links (Caused by NameResolutionError(""HTTPSConnection(host='api.razorpay.com', port=443): Failed to resolve 'api.razorpay.com' ([Errno 11001] getaddrinfo failed)""))",2026-08-23T06:23:24.431054+00:00
pay_94f071b753ef42,escalate_human,skipped,0,"routed to human review, no automated action taken",2026-08-23T06:23:24.433444+00:00
pay_e7e9905e95fc45,retry_now,failed,0,"HTTPSConnectionPool(host='api.razorpay.com', port=443): Max retries exceeded with url: /v1/payment_links (Caused by NameResolutionError(""HTTPSConnection(host='api.razorpay.com', port=443): Failed to resolve 'api.razorpay.com' ([Errno 11001] getaddrinfo failed)""))",2026-08-23T06:23:24.437293+00:00
pay_034312d49fa14c,retry_now,failed,0,"HTTPSConnectionPool(host='api.razorpay.com', port=443): Max retries exceeded with url: /v1/payment_links (Caused by NameResolutionError(""HTTPSConnection(host='api.razorpay.com', port=443): Failed to resolve 'api.razorpay.com' ([Errno 11001] getaddrinfo failed)""))",2026-08-23T06:23:24.441522+00:00
pay_e93fee3805e449,escalate_human,skipped,0,"routed to human review, no automated action taken",2026-08-23T06:23:24.443752+00:00
pay_59d6bd6a213542,escalate_human,skipped,0,"routed to human review, no automated action taken",2026-08-23T06:23:24.445592+00:00
pay_a3240a1f508c47,retry_now,failed,0,"HTTPSConnectionPool(host='api.razorpay.com', port=443): Max retries exceeded with url: /v1/payment_links (Caused by NameResolutionError(""HTTPSConnection(host='api.razorpay.com', port=443): Failed to resolve 'api.razorpay.com' ([Errno 11001] getaddrinfo failed)""))",2026-08-23T06:23:24.450739+00:00
pay_b24bb629a14a4b,retry_now,failed,0,"HTTPSConnectionPool(host='api.razorpay.com', port=443): Max retries exceeded with url: /v1/payment_links (Caused by NameResolutionError(""HTTPSConnection(host='api.razorpay.com', port=443): Failed to resolve 'api.razorpay.com' ([Errno 11001] getaddrinfo failed)""))",2026-08-23T06:23:24.457479+00:00
pay_6e5ff97815ce48,escalate_human,skipped,0,"routed to human review, no automated action taken",2026-08-23T06:23:24.459971+00:00
pay_7ca10fcce42a45,escalate_human,skipped,0,"routed to human review, no automated action taken",2026-08-23T06:23:24.462545+00:00
pay_2a3858d4c0e14a,retry_later,skipped,0,'retry_later' not yet automated - needs a scheduler/notifier,2026-08-23T06:23:24.464981+00:00
pay_74a4633a7fea40,retry_now,failed,0,"HTTPSConnectionPool(host='api.razorpay.com', port=443): Max retries exceeded with url: /v1/payment_links (Caused by NameResolutionError(""HTTPSConnection(host='api.razorpay.com', port=443): Failed to resolve 'api.razorpay.com' ([Errno 11001] getaddrinfo failed)""))",2026-08-23T06:23:24.469994+00:00
pay_658b789db20d41,escalate_human,skipped,0,"routed to human review, no automated action taken",2026-08-23T06:23:24.472348+00:00
pay_5fa331218bab45,retry_now,failed,0,"HTTPSConnectionPool(host='api.razorpay.com', port=443): Max retries exceeded with url: /v1/payment_links (Caused by NameResolutionError(""HTTPSConnection(host='api.razorpay.com', port=443): Failed to resolve 'api.razorpay.com' ([Errno 11001] getaddrinfo failed)""))",2026-08-23T06:23:24.476359+00:00
pay_8add8044a8b944,retry_now,failed,0,"HTTPSConnectionPool(host='api.razorpay.com', port=443): Max retries exceeded with url: /v1/payment_links (Caused by NameResolutionError(""HTTPSConnection(host='api.razorpay.com', port=443): Failed to resolve 'api.razorpay.com' ([Errno 11001] getaddrinfo failed)""))",2026-08-23T06:23:24.480928+00:00
pay_88d134a65b714d,escalate_human,skipped,0,"routed to human review, no automated action taken",2026-08-23T06:23:24.485227+00:00
pay_0e396faf32c845,retry_later,skipped,0,'retry_later' not yet automated - needs a scheduler/notifier,2026-08-23T06:23:24.487830+00:00
pay_eb9ca6b5d2b04a,escalate_human,skipped,0,"routed to human review, no automated action taken",2026-08-23T06:23:24.489885+00:00
pay_1c2830e255a641,escalate_human,skipped,0,"routed to human review, no automated action taken",2026-08-23T06:23:24.492203+00:00
pay_555df0f6b29245,escalate_human,skipped,0,"routed to human review, no automated action taken",2026-08-23T06:23:24.494430+00:00
pay_93ca49082e4a41,escalate_human,skipped,0,"routed to human review, no automated action taken",2026-08-23T06:23:24.496787+00:00
pay_4d5ed169c0dd4d,escalate_human,skipped,0,"routed to human review, no automated action taken",2026-08-23T06:23:24.499462+00:00
pay_6ad5efc4403e48,retry_now,failed,0,"HTTPSConnectionPool(host='api.razorpay.com', port=443): Max retries exceeded with url: /v1/payment_links (Caused by NameResolutionError(""HTTPSConnection(host='api.razorpay.com', port=443): Failed to resolve 'api.razorpay.com' ([Errno 11001] getaddrinfo failed)""))",2026-08-23T06:23:24.503684+00:00
pay_9b21693c87134e,escalate_human,skipped,0,"routed to human review, no automated action taken",2026-08-23T06:23:24.505918+00:00
pay_d7b68697117047,retry_later,skipped,0,'retry_later' not yet automated - needs a scheduler/notifier,2026-08-23T06:23:24.507949+00:00
pay_1b8867ff569043,retry_now,failed,0,"HTTPSConnectionPool(host='api.razorpay.com', port=443): Max retries exceeded with url: /v1/payment_links (Caused by NameResolutionError(""HTTPSConnection(host='api.razorpay.com', port=443): Failed to resolve 'api.razorpay.com' ([Errno 11001] getaddrinfo failed)""))",2026-08-23T06:23:24.511906+00:00
pay_c133b4f00f844c,retry_later,skipped,0,'retry_later' not yet automated - needs a scheduler/notifier,2026-08-23T06:23:24.514941+00:00
pay_198cc292508e4c,escalate_human,skipped,0,"routed to human review, no automated action taken",2026-08-23T06:23:45.216977+00:00
pay_3f54f4ed4b644d,escalate_human,skipped,0,"routed to human review, no automated action taken",2026-08-23T06:23:45.220821+00:00
pay_448b26a786f24f,escalate_human,skipped,0,"routed to human review, no automated action taken",2026-08-23T06:23:45.223160+00:00
pay_2bb17e43ca4541,escalate_human,skipped,0,"routed to human review, no automated action taken",2026-08-23T06:23:45.227164+00:00
pay_4744ac83dae044,escalate_human,skipped,0,"routed to human review, no automated action taken",2026-08-23T06:23:45.231007+00:00
pay_86f8a929396a4a,retry_now,failed,0,"HTTPSConnectionPool(host='api.razorpay.com', port=443): Max retries exceeded with url: /v1/payment_links (Caused by NameResolutionError(""HTTPSConnection(host='api.razorpay.com', port=443): Failed to resolve 'api.razorpay.com' ([Errno 11001] getaddrinfo failed)""))",2026-08-23T06:23:45.243112+00:00
pay_fad24497accc4f,escalate_human,skipped,0,"routed to human review, no automated action taken",2026-08-23T06:23:45.245959+00:00
pay_f5863af444e14d,retry_now,failed,0,"HTTPSConnectionPool(host='api.razorpay.com', port=443): Max retries exceeded with url: /v1/payment_links (Caused by NameResolutionError(""HTTPSConnection(host='api.razorpay.com', port=443): Failed to resolve 'api.razorpay.com' ([Errno 11001] getaddrinfo failed)""))",2026-08-23T06:23:45.250623+00:00
pay_8daa230f1bc04f,retry_now,failed,0,"HTTPSConnectionPool(host='api.razorpay.com', port=443): Max retries exceeded with url: /v1/payment_links (Caused by NameResolutionError(""HTTPSConnection(host='api.razorpay.com', port=443): Failed to resolve 'api.razorpay.com' ([Errno 11001] getaddrinfo failed)""))",2026-08-23T06:23:45.255031+00:00
pay_b0414e54d29d48,escalate_human,skipped,0,"routed to human review, no automated action taken",2026-08-23T06:23:45.257022+00:00
pay_df58c3ef7d5d45,escalate_human,skipped,0,"routed to human review, no automated action taken",2026-08-23T06:23:45.259839+00:00
pay_ee4d851071674e,retry_now,failed,0,"HTTPSConnectionPool(host='api.razorpay.com', port=443): Max retries exceeded with url: /v1/payment_links (Caused by NameResolutionError(""HTTPSConnection(host='api.razorpay.com', port=443): Failed to resolve 'api.razorpay.com' ([Errno 11001] getaddrinfo failed)""))",2026-08-23T06:23:45.265778+00:00
pay_894811081a0645,send_reminder,skipped,0,'send_reminder' not yet automated - needs a scheduler/notifier,2026-08-23T06:23:45.268845+00:00
pay_b8583eec85e043,retry_later,skipped,0,'retry_later' not yet automated - needs a scheduler/notifier,2026-08-23T06:23:45.271393+00:00
pay_8762b97dbbb34c,retry_now,failed,0,"HTTPSConnectionPool(host='api.razorpay.com', port=443): Max retries exceeded with url: /v1/payment_links (Caused by NameResolutionError(""HTTPSConnection(host='api.razorpay.com', port=443): Failed to resolve 'api.razorpay.com' ([Errno 11001] getaddrinfo failed)""))",2026-08-23T06:23:45.276671+00:00
pay_541fb5b6b7e341,escalate_human,skipped,0,"routed to human review, no automated action taken",2026-08-23T06:23:45.280264+00:00
pay_03b9eede25884d,escalate_human,skipped,0,"routed to human review, no automated action taken",2026-08-23T06:23:45.282753+00:00
pay_a5da5901405d4b,retry_now,failed,0,"HTTPSConnectionPool(host='api.razorpay.com', port=443): Max retries exceeded with url: /v1/payment_links (Caused by NameResolutionError(""HTTPSConnection(host='api.razorpay.com', port=443): Failed to resolve 'api.razorpay.com' ([Errno 11001] getaddrinfo failed)""))",2026-08-23T06:23:45.287287+00:00
pay_7583fb49df2e43,escalate_human,skipped,0,"routed to human review, no automated action taken",2026-08-23T06:23:45.289909+00:00
pay_c435a704261a49,retry_now,failed,0,"HTTPSConnectionPool(host='api.razorpay.com', port=443): Max retries exceeded with url: /v1/payment_links (Caused by NameResolutionError(""HTTPSConnection(host='api.razorpay.com', port=443): Failed to resolve 'api.razorpay.com' ([Errno 11001] getaddrinfo failed)""))",2026-08-23T06:23:45.295785+00:00
pay_ec6ba30d08db4d,escalate_human,skipped,0,"routed to human review, no automated action taken",2026-08-23T06:23:45.298447+00:00
pay_19943116b8314c,escalate_human,skipped,0,"routed to human review, no automated action taken",2026-08-23T06:23:45.300390+00:00
pay_99ef3457f10941,retry_later,skipped,0,'retry_later' not yet automated - needs a scheduler/notifier,2026-08-23T06:23:45.303082+00:00
pay_bc0789d5882c4c,escalate_human,skipped,0,"routed to human review, no automated action taken",2026-08-23T06:23:45.306759+00:00
pay_2dd9b14cbcae4c,retry_later,skipped,0,'retry_later' not yet automated - needs a scheduler/notifier,2026-08-23T06:23:45.310652+00:00
pay_6789e50f332e45,escalate_human,skipped,0,"routed to human review, no automated action taken",2026-08-23T06:23:45.313985+00:00
pay_f1d67ea4b2d040,escalate_human,skipped,0,"routed to human review, no automated action taken",2026-08-23T06:23:45.317194+00:00
pay_3b952fa41a6642,retry_now,failed,0,"HTTPSConnectionPool(host='api.razorpay.com', port=443): Max retries exceeded with url: /v1/payment_links (Caused by NameResolutionError(""HTTPSConnection(host='api.razorpay.com', port=443): Failed to resolve 'api.razorpay.com' ([Errno 11001] getaddrinfo failed)""))",2026-08-23T06:23:45.323801+00:00
pay_87a81cc2ed8643,escalate_human,skipped,0,"routed to human review, no automated action taken",2026-08-23T06:23:45.328586+00:00
pay_476a0f02115048,retry_later,skipped,0,'retry_later' not yet automated - needs a scheduler/notifier,2026-08-23T06:23:45.331306+00:00
pay_815990007dd041,escalate_human,skipped,0,"routed to human review, no automated action taken",2026-08-23T06:23:45.333529+00:00
pay_719997839cce48,escalate_human,skipped,0,"routed to human review, no automated action taken",2026-08-23T06:23:45.335449+00:00
pay_756f07a8e80444,escalate_human,skipped,0,"routed to human review, no automated action taken",2026-08-23T06:23:45.339279+00:00
pay_4de63ce0dac049,escalate_human,skipped,0,"routed to human review, no automated action taken",2026-08-23T06:23:45.342662+00:00
pay_35746940215c49,escalate_human,skipped,0,"routed to human review, no automated action taken",2026-08-23T06:23:45.345997+00:00
pay_ba4a856830f143,retry_now,failed,0,"HTTPSConnectionPool(host='api.razorpay.com', port=443): Max retries exceeded with url: /v1/payment_links (Caused by NameResolutionError(""HTTPSConnection(host='api.razorpay.com', port=443): Failed to resolve 'api.razorpay.com' ([Errno 11001] getaddrinfo failed)""))",2026-08-23T06:23:45.351311+00:00
pay_4463614bbe6c45,retry_later,skipped,0,'retry_later' not yet automated - needs a scheduler/notifier,2026-08-23T06:23:45.353473+00:00
pay_2531470561594c,retry_now,failed,0,"HTTPSConnectionPool(host='api.razorpay.com', port=443): Max retries exceeded with url: /v1/payment_links (Caused by NameResolutionError(""HTTPSConnection(host='api.razorpay.com', port=443): Failed to resolve 'api.razorpay.com' ([Errno 11001] getaddrinfo failed)""))",2026-08-23T06:23:45.357653+00:00
pay_2411b287e2a64d,escalate_human,skipped,0,"routed to human review, no automated action taken",2026-08-23T06:23:45.359761+00:00
pay_c12ca86133284d,escalate_human,skipped,0,"routed to human review, no automated action taken",2026-08-23T06:23:45.361944+00:00
pay_0d0f68eeb6e244,retry_later,skipped,0,'retry_later' not yet automated - needs a scheduler/notifier,2026-08-23T06:23:45.364257+00:00
pay_cfbd430b58d94b,escalate_human,skipped,0,"routed to human review, no automated action taken",2026-08-23T06:23:45.368258+00:00
pay_44c254cbabf747,escalate_human,skipped,0,"routed to human review, no automated action taken",2026-08-23T06:23:45.370675+00:00
pay_f1d7b74656c145,retry_now,failed,0,"HTTPSConnectionPool(host='api.razorpay.com', port=443): Max retries exceeded with url: /v1/payment_links (Caused by NameResolutionError(""HTTPSConnection(host='api.razorpay.com', port=443): Failed to resolve 'api.razorpay.com' ([Errno 11001] getaddrinfo failed)""))",2026-08-23T06:23:45.375026+00:00
pay_9adb916bb74a47,retry_now,failed,0,"HTTPSConnectionPool(host='api.razorpay.com', port=443): Max retries exceeded with url: /v1/payment_links (Caused by NameResolutionError(""HTTPSConnection(host='api.razorpay.com', port=443): Failed to resolve 'api.razorpay.com' ([Errno 11001] getaddrinfo failed)""))",2026-08-23T06:23:45.380762+00:00
pay_32ef14b43cb44a,escalate_human,skipped,0,"routed to human review, no automated action taken",2026-08-23T06:23:45.383411+00:00
pay_affec597019046,retry_now,failed,0,"HTTPSConnectionPool(host='api.razorpay.com', port=443): Max retries exceeded with url: /v1/payment_links (Caused by NameResolutionError(""HTTPSConnection(host='api.razorpay.com', port=443): Failed to resolve 'api.razorpay.com' ([Errno 11001] getaddrinfo failed)""))",2026-08-23T06:23:45.388446+00:00
pay_216119fde87d4a,escalate_human,skipped,0,"routed to human review, no automated action taken",2026-08-23T06:23:45.391440+00:00
pay_52bf197c365e4a,retry_now,failed,0,"HTTPSConnectionPool(host='api.razorpay.com', port=443): Max retries exceeded with url: /v1/payment_links (Caused by NameResolutionError(""HTTPSConnection(host='api.razorpay.com', port=443): Failed to resolve 'api.razorpay.com' ([Errno 11001] getaddrinfo failed)""))",2026-08-23T06:23:45.398563+00:00
pay_94f071b753ef42,escalate_human,skipped,0,"routed to human review, no automated action taken",2026-08-23T06:23:45.400699+00:00
pay_e7e9905e95fc45,retry_now,failed,0,"HTTPSConnectionPool(host='api.razorpay.com', port=443): Max retries exceeded with url: /v1/payment_links (Caused by NameResolutionError(""HTTPSConnection(host='api.razorpay.com', port=443): Failed to resolve 'api.razorpay.com' ([Errno 11001] getaddrinfo failed)""))",2026-08-23T06:23:45.404687+00:00
pay_034312d49fa14c,retry_now,failed,0,"HTTPSConnectionPool(host='api.razorpay.com', port=443): Max retries exceeded with url: /v1/payment_links (Caused by NameResolutionError(""HTTPSConnection(host='api.razorpay.com', port=443): Failed to resolve 'api.razorpay.com' ([Errno 11001] getaddrinfo failed)""))",2026-08-23T06:23:45.408754+00:00
pay_e93fee3805e449,escalate_human,skipped,0,"routed to human review, no automated action taken",2026-08-23T06:23:45.411164+00:00
pay_59d6bd6a213542,escalate_human,skipped,0,"routed to human review, no automated action taken",2026-08-23T06:23:45.412915+00:00
pay_a3240a1f508c47,retry_now,failed,0,"HTTPSConnectionPool(host='api.razorpay.com', port=443): Max retries exceeded with url: /v1/payment_links (Caused by NameResolutionError(""HTTPSConnection(host='api.razorpay.com', port=443): Failed to resolve 'api.razorpay.com' ([Errno 11001] getaddrinfo failed)""))",2026-08-23T06:23:45.417870+00:00
pay_b24bb629a14a4b,retry_now,failed,0,"HTTPSConnectionPool(host='api.razorpay.com', port=443): Max retries exceeded with url: /v1/payment_links (Caused by NameResolutionError(""HTTPSConnection(host='api.razorpay.com', port=443): Failed to resolve 'api.razorpay.com' ([Errno 11001] getaddrinfo failed)""))",2026-08-23T06:23:45.422148+00:00
pay_6e5ff97815ce48,escalate_human,skipped,0,"routed to human review, no automated action taken",2026-08-23T06:23:45.424400+00:00
pay_7ca10fcce42a45,escalate_human,skipped,0,"routed to human review, no automated action taken",2026-08-23T06:23:45.426360+00:00
pay_2a3858d4c0e14a,retry_later,skipped,0,'retry_later' not yet automated - needs a scheduler/notifier,2026-08-23T06:23:45.428464+00:00
pay_74a4633a7fea40,retry_now,failed,0,"HTTPSConnectionPool(host='api.razorpay.com', port=443): Max retries exceeded with url: /v1/payment_links (Caused by NameResolutionError(""HTTPSConnection(host='api.razorpay.com', port=443): Failed to resolve 'api.razorpay.com' ([Errno 11001] getaddrinfo failed)""))",2026-08-23T06:23:45.432547+00:00
pay_658b789db20d41,escalate_human,skipped,0,"routed to human review, no automated action taken",2026-08-23T06:23:45.434952+00:00
pay_5fa331218bab45,retry_now,failed,0,"HTTPSConnectionPool(host='api.razorpay.com', port=443): Max retries exceeded with url: /v1/payment_links (Caused by NameResolutionError(""HTTPSConnection(host='api.razorpay.com', port=443): Failed to resolve 'api.razorpay.com' ([Errno 11001] getaddrinfo failed)""))",2026-08-23T06:23:45.439061+00:00
pay_8add8044a8b944,retry_now,failed,0,"HTTPSConnectionPool(host='api.razorpay.com', port=443): Max retries exceeded with url: /v1/payment_links (Caused by NameResolutionError(""HTTPSConnection(host='api.razorpay.com', port=443): Failed to resolve 'api.razorpay.com' ([Errno 11001] getaddrinfo failed)""))",2026-08-23T06:23:45.444318+00:00
pay_88d134a65b714d,escalate_human,skipped,0,"routed to human review, no automated action taken",2026-08-23T06:23:45.446451+00:00
pay_0e396faf32c845,retry_later,skipped,0,'retry_later' not yet automated - needs a scheduler/notifier,2026-08-23T06:23:45.448432+00:00
pay_eb9ca6b5d2b04a,escalate_human,skipped,0,"routed to human review, no automated action taken",2026-08-23T06:23:45.450310+00:00
pay_1c2830e255a641,escalate_human,skipped,0,"routed to human review, no automated action taken",2026-08-23T06:23:45.452217+00:00
pay_555df0f6b29245,escalate_human,skipped,0,"routed to human review, no automated action taken",2026-08-23T06:23:45.454119+00:00
pay_93ca49082e4a41,escalate_human,skipped,0,"routed to human review, no automated action taken",2026-08-23T06:23:45.455883+00:00
pay_4d5ed169c0dd4d,escalate_human,skipped,0,"routed to human review, no automated action taken",2026-08-23T06:23:45.457639+00:00
pay_6ad5efc4403e48,retry_now,failed,0,"HTTPSConnectionPool(host='api.razorpay.com', port=443): Max retries exceeded with url: /v1/payment_links (Caused by NameResolutionError(""HTTPSConnection(host='api.razorpay.com', port=443): Failed to resolve 'api.razorpay.com' ([Errno 11001] getaddrinfo failed)""))",2026-08-23T06:23:45.462104+00:00
pay_9b21693c87134e,escalate_human,skipped,0,"routed to human review, no automated action taken",2026-08-23T06:23:45.464138+00:00
pay_d7b68697117047,retry_later,skipped,0,'retry_later' not yet automated - needs a scheduler/notifier,2026-08-23T06:23:45.466034+00:00
pay_1b8867ff569043,retry_now,failed,0,"HTTPSConnectionPool(host='api.razorpay.com', port=443): Max retries exceeded with url: /v1/payment_links (Caused by NameResolutionError(""HTTPSConnection(host='api.razorpay.com', port=443): Failed to resolve 'api.razorpay.com' ([Errno 11001] getaddrinfo failed)""))",2026-08-23T06:23:45.469990+00:00
pay_c133b4f00f844c,retry_later,skipped,0,'retry_later' not yet automated - needs a scheduler/notifier,2026-08-23T06:23:45.472801+00:00
pay_198cc292508e4c,escalate_human,skipped,0,Escalated to human review,2026-08-23T06:23:56.659644+00:00
pay_3f54f4ed4b644d,escalate_human,skipped,0,Escalated to human review,2026-08-23T06:23:56.663754+00:00
pay_448b26a786f24f,escalate_human,skipped,0,Escalated to human review,2026-08-23T06:23:56.667014+00:00
pay_2bb17e43ca4541,escalate_human,skipped,0,Escalated to human review,2026-08-23T06:23:56.669473+00:00
pay_4744ac83dae044,escalate_human,skipped,0,Escalated to human review,2026-08-23T06:23:56.672699+00:00
pay_86f8a929396a4a,retry_now,failed,0,"HTTPSConnectionPool(host='api.razorpay.com', port=443): Max retries exceeded with url: /v1/payment_links (Caused by NameResolutionError(""HTTPSConnection(host='api.razorpay.com', port=443): Failed to resolve 'api.razorpay.com' ([Errno 11001] getaddrinfo failed)""))",2026-08-23T06:23:57.685064+00:00
pay_fad24497accc4f,escalate_human,skipped,0,Escalated to human review,2026-08-23T06:23:57.689729+00:00
pay_f5863af444e14d,retry_now,failed,0,"HTTPSConnectionPool(host='api.razorpay.com', port=443): Max retries exceeded with url: /v1/payment_links (Caused by NameResolutionError(""HTTPSConnection(host='api.razorpay.com', port=443): Failed to resolve 'api.razorpay.com' ([Errno 11001] getaddrinfo failed)""))",2026-08-23T06:23:58.698541+00:00
pay_8daa230f1bc04f,retry_now,failed,0,"HTTPSConnectionPool(host='api.razorpay.com', port=443): Max retries exceeded with url: /v1/payment_links (Caused by NameResolutionError(""HTTPSConnection(host='api.razorpay.com', port=443): Failed to resolve 'api.razorpay.com' ([Errno 11001] getaddrinfo failed)""))",2026-08-23T06:23:59.706633+00:00
pay_b0414e54d29d48,escalate_human,skipped,0,Escalated to human review,2026-08-23T06:23:59.710898+00:00
pay_df58c3ef7d5d45,escalate_human,skipped,0,Escalated to human review,2026-08-23T06:23:59.714653+00:00
pay_ee4d851071674e,retry_now,failed,0,"HTTPSConnectionPool(host='api.razorpay.com', port=443): Max retries exceeded with url: /v1/payment_links (Caused by NameResolutionError(""HTTPSConnection(host='api.razorpay.com', port=443): Failed to resolve 'api.razorpay.com' ([Errno 11001] getaddrinfo failed)""))",2026-08-23T06:24:00.720775+00:00
pay_894811081a0645,send_reminder,skipped,0,send_reminder not automated yet; notification service required,2026-08-23T06:24:00.724198+00:00
pay_b8583eec85e043,retry_later,skipped,0,retry_later not automated yet; scheduler required,2026-08-23T06:24:00.727321+00:00
pay_8762b97dbbb34c,retry_now,failed,0,"HTTPSConnectionPool(host='api.razorpay.com', port=443): Max retries exceeded with url: /v1/payment_links (Caused by NameResolutionError(""HTTPSConnection(host='api.razorpay.com', port=443): Failed to resolve 'api.razorpay.com' ([Errno 11001] getaddrinfo failed)""))",2026-08-23T06:24:01.733010+00:00
pay_541fb5b6b7e341,escalate_human,skipped,0,Escalated to human review,2026-08-23T06:24:01.736627+00:00
pay_03b9eede25884d,escalate_human,skipped,0,Escalated to human review,2026-08-23T06:24:01.741089+00:00
pay_a5da5901405d4b,retry_now,failed,0,"HTTPSConnectionPool(host='api.razorpay.com', port=443): Max retries exceeded with url: /v1/payment_links (Caused by NameResolutionError(""HTTPSConnection(host='api.razorpay.com', port=443): Failed to resolve 'api.razorpay.com' ([Errno 11001] getaddrinfo failed)""))",2026-08-23T06:24:02.749955+00:00
pay_7583fb49df2e43,escalate_human,skipped,0,Escalated to human review,2026-08-23T06:24:02.754390+00:00
pay_c435a704261a49,retry_now,failed,0,"HTTPSConnectionPool(host='api.razorpay.com', port=443): Max retries exceeded with url: /v1/payment_links (Caused by NameResolutionError(""HTTPSConnection(host='api.razorpay.com', port=443): Failed to resolve 'api.razorpay.com' ([Errno 11001] getaddrinfo failed)""))",2026-08-23T06:24:03.761509+00:00
pay_ec6ba30d08db4d,escalate_human,skipped,0,Escalated to human review,2026-08-23T06:24:03.765977+00:00
pay_19943116b8314c,escalate_human,skipped,0,Escalated to human review,2026-08-23T06:24:03.769897+00:00
pay_99ef3457f10941,retry_later,skipped,0,retry_later not automated yet; scheduler required,2026-08-23T06:24:03.774664+00:00
pay_bc0789d5882c4c,escalate_human,skipped,0,Escalated to human review,2026-08-23T06:24:03.779149+00:00
pay_2dd9b14cbcae4c,retry_later,skipped,0,retry_later not automated yet; scheduler required,2026-08-23T06:24:03.783025+00:00
pay_6789e50f332e45,escalate_human,skipped,0,Escalated to human review,2026-08-23T06:24:03.787315+00:00
pay_f1d67ea4b2d040,escalate_human,skipped,0,Escalated to human review,2026-08-23T06:24:03.791874+00:00
pay_3b952fa41a6642,retry_now,failed,0,"HTTPSConnectionPool(host='api.razorpay.com', port=443): Max retries exceeded with url: /v1/payment_links (Caused by NameResolutionError(""HTTPSConnection(host='api.razorpay.com', port=443): Failed to resolve 'api.razorpay.com' ([Errno 11001] getaddrinfo failed)""))",2026-08-23T06:24:04.799393+00:00
pay_87a81cc2ed8643,escalate_human,skipped,0,Escalated to human review,2026-08-23T06:24:04.803039+00:00
pay_476a0f02115048,retry_later,skipped,0,retry_later not automated yet; scheduler required,2026-08-23T06:24:04.806148+00:00
pay_815990007dd041,escalate_human,skipped,0,Escalated to human review,2026-08-23T06:24:04.809118+00:00
pay_719997839cce48,escalate_human,skipped,0,Escalated to human review,2026-08-23T06:24:04.812176+00:00
pay_756f07a8e80444,escalate_human,skipped,0,Escalated to human review,2026-08-23T06:24:04.815229+00:00
pay_4de63ce0dac049,escalate_human,skipped,0,Escalated to human review,2026-08-23T06:24:04.818549+00:00
pay_35746940215c49,escalate_human,skipped,0,Escalated to human review,2026-08-23T06:24:04.821644+00:00
pay_ba4a856830f143,retry_now,failed,0,"HTTPSConnectionPool(host='api.razorpay.com', port=443): Max retries exceeded with url: /v1/payment_links (Caused by NameResolutionError(""HTTPSConnection(host='api.razorpay.com', port=443): Failed to resolve 'api.razorpay.com' ([Errno 11001] getaddrinfo failed)""))",2026-08-23T06:24:05.828004+00:00
pay_4463614bbe6c45,retry_later,skipped,0,retry_later not automated yet; scheduler required,2026-08-23T06:24:05.834750+00:00
pay_2531470561594c,retry_now,failed,0,"HTTPSConnectionPool(host='api.razorpay.com', port=443): Max retries exceeded with url: /v1/payment_links (Caused by NameResolutionError(""HTTPSConnection(host='api.razorpay.com', port=443): Failed to resolve 'api.razorpay.com' ([Errno 11001] getaddrinfo failed)""))",2026-08-23T06:24:06.842871+00:00
pay_2411b287e2a64d,escalate_human,skipped,0,Escalated to human review,2026-08-23T06:24:06.847775+00:00
pay_c12ca86133284d,escalate_human,skipped,0,Escalated to human review,2026-08-23T06:24:06.853797+00:00
pay_0d0f68eeb6e244,retry_later,skipped,0,retry_later not automated yet; scheduler required,2026-08-23T06:24:06.860275+00:00
pay_cfbd430b58d94b,escalate_human,skipped,0,Escalated to human review,2026-08-23T06:24:06.864832+00:00
pay_44c254cbabf747,escalate_human,skipped,0,Escalated to human review,2026-08-23T06:24:06.868654+00:00
pay_f1d7b74656c145,retry_now,failed,0,"HTTPSConnectionPool(host='api.razorpay.com', port=443): Max retries exceeded with url: /v1/payment_links (Caused by NameResolutionError(""HTTPSConnection(host='api.razorpay.com', port=443): Failed to resolve 'api.razorpay.com' ([Errno 11001] getaddrinfo failed)""))",2026-08-23T06:24:07.876186+00:00
pay_9adb916bb74a47,retry_now,failed,0,"HTTPSConnectionPool(host='api.razorpay.com', port=443): Max retries exceeded with url: /v1/payment_links (Caused by NameResolutionError(""HTTPSConnection(host='api.razorpay.com', port=443): Failed to resolve 'api.razorpay.com' ([Errno 11001] getaddrinfo failed)""))",2026-08-23T06:24:08.884086+00:00
pay_32ef14b43cb44a,escalate_human,skipped,0,Escalated to human review,2026-08-23T06:24:08.886546+00:00
pay_affec597019046,retry_now,failed,0,"HTTPSConnectionPool(host='api.razorpay.com', port=443): Max retries exceeded with url: /v1/payment_links (Caused by NameResolutionError(""HTTPSConnection(host='api.razorpay.com', port=443): Failed to resolve 'api.razorpay.com' ([Errno 11001] getaddrinfo failed)""))",2026-08-23T06:24:09.892756+00:00
pay_216119fde87d4a,escalate_human,skipped,0,Escalated to human review,2026-08-23T06:24:09.896377+00:00
pay_52bf197c365e4a,retry_now,failed,0,"HTTPSConnectionPool(host='api.razorpay.com', port=443): Max retries exceeded with url: /v1/payment_links (Caused by NameResolutionError(""HTTPSConnection(host='api.razorpay.com', port=443): Failed to resolve 'api.razorpay.com' ([Errno 11001] getaddrinfo failed)""))",2026-08-23T06:24:10.903602+00:00
pay_94f071b753ef42,escalate_human,skipped,0,Escalated to human review,2026-08-23T06:24:10.906963+00:00
pay_e7e9905e95fc45,retry_now,failed,0,"HTTPSConnectionPool(host='api.razorpay.com', port=443): Max retries exceeded with url: /v1/payment_links (Caused by NameResolutionError(""HTTPSConnection(host='api.razorpay.com', port=443): Failed to resolve 'api.razorpay.com' ([Errno 11001] getaddrinfo failed)""))",2026-08-23T06:24:11.913228+00:00
pay_034312d49fa14c,retry_now,failed,0,"HTTPSConnectionPool(host='api.razorpay.com', port=443): Max retries exceeded with url: /v1/payment_links (Caused by NameResolutionError(""HTTPSConnection(host='api.razorpay.com', port=443): Failed to resolve 'api.razorpay.com' ([Errno 11001] getaddrinfo failed)""))",2026-08-23T06:24:12.922161+00:00
pay_e93fee3805e449,escalate_human,skipped,0,Escalated to human review,2026-08-23T06:24:12.927840+00:00
pay_59d6bd6a213542,escalate_human,skipped,0,Escalated to human review,2026-08-23T06:24:12.930901+00:00
pay_a3240a1f508c47,retry_now,failed,0,"HTTPSConnectionPool(host='api.razorpay.com', port=443): Max retries exceeded with url: /v1/payment_links (Caused by NameResolutionError(""HTTPSConnection(host='api.razorpay.com', port=443): Failed to resolve 'api.razorpay.com' ([Errno 11001] getaddrinfo failed)""))",2026-08-23T06:24:13.943864+00:00
pay_b24bb629a14a4b,retry_now,failed,0,"HTTPSConnectionPool(host='api.razorpay.com', port=443): Max retries exceeded with url: /v1/payment_links (Caused by NameResolutionError(""HTTPSConnection(host='api.razorpay.com', port=443): Failed to resolve 'api.razorpay.com' ([Errno 11001] getaddrinfo failed)""))",2026-08-23T06:24:14.953725+00:00
pay_6e5ff97815ce48,escalate_human,skipped,0,Escalated to human review,2026-08-23T06:24:14.958286+00:00
pay_7ca10fcce42a45,escalate_human,skipped,0,Escalated to human review,2026-08-23T06:24:14.963175+00:00
pay_2a3858d4c0e14a,retry_later,skipped,0,retry_later not automated yet; scheduler required,2026-08-23T06:24:14.966257+00:00
pay_74a4633a7fea40,retry_now,failed,0,"HTTPSConnectionPool(host='api.razorpay.com', port=443): Max retries exceeded with url: /v1/payment_links (Caused by NameResolutionError(""HTTPSConnection(host='api.razorpay.com', port=443): Failed to resolve 'api.razorpay.com' ([Errno 11001] getaddrinfo failed)""))",2026-08-23T06:24:15.975725+00:00
pay_658b789db20d41,escalate_human,skipped,0,Escalated to human review,2026-08-23T06:24:15.979998+00:00
pay_5fa331218bab45,retry_now,failed,0,"HTTPSConnectionPool(host='api.razorpay.com', port=443): Max retries exceeded with url: /v1/payment_links (Caused by NameResolutionError(""HTTPSConnection(host='api.razorpay.com', port=443): Failed to resolve 'api.razorpay.com' ([Errno 11001] getaddrinfo failed)""))",2026-08-23T06:24:16.987479+00:00
pay_8add8044a8b944,retry_now,failed,0,"HTTPSConnectionPool(host='api.razorpay.com', port=443): Max retries exceeded with url: /v1/payment_links (Caused by NameResolutionError(""HTTPSConnection(host='api.razorpay.com', port=443): Failed to resolve 'api.razorpay.com' ([Errno 11001] getaddrinfo failed)""))",2026-08-23T06:24:17.997012+00:00
pay_88d134a65b714d,escalate_human,skipped,0,Escalated to human review,2026-08-23T06:24:17.999438+00:00
pay_0e396faf32c845,retry_later,skipped,0,retry_later not automated yet; scheduler required,2026-08-23T06:24:18.001599+00:00
pay_eb9ca6b5d2b04a,escalate_human,skipped,0,Escalated to human review,2026-08-23T06:24:18.007151+00:00
pay_1c2830e255a641,escalate_human,skipped,0,Escalated to human review,2026-08-23T06:24:18.012698+00:00
pay_555df0f6b29245,escalate_human,skipped,0,Escalated to human review,2026-08-23T06:24:18.018195+00:00
pay_93ca49082e4a41,escalate_human,skipped,0,Escalated to human review,2026-08-23T06:24:18.021262+00:00
pay_4d5ed169c0dd4d,escalate_human,skipped,0,Escalated to human review,2026-08-23T06:24:18.025836+00:00
pay_6ad5efc4403e48,retry_now,failed,0,"HTTPSConnectionPool(host='api.razorpay.com', port=443): Max retries exceeded with url: /v1/payment_links (Caused by NameResolutionError(""HTTPSConnection(host='api.razorpay.com', port=443): Failed to resolve 'api.razorpay.com' ([Errno 11001] getaddrinfo failed)""))",2026-08-23T06:24:19.031342+00:00
pay_9b21693c87134e,escalate_human,skipped,0,Escalated to human review,2026-08-23T06:24:19.035597+00:00
pay_d7b68697117047,retry_later,skipped,0,retry_later not automated yet; scheduler required,2026-08-23T06:24:19.038903+00:00
pay_1b8867ff569043,retry_now,failed,0,"HTTPSConnectionPool(host='api.razorpay.com', port=443): Max retries exceeded with url: /v1/payment_links (Caused by NameResolutionError(""HTTPSConnection(host='api.razorpay.com', port=443): Failed to resolve 'api.razorpay.com' ([Errno 11001] getaddrinfo failed)""))",2026-08-23T06:24:20.047127+00:00
pay_c133b4f00f844c,retry_later,skipped,0,retry_later not automated yet; scheduler required,2026-08-23T06:24:20.055303+00:00
pay_198cc292508e4c,escalate_human,skipped,0,"routed to human review, no automated action taken",2026-08-23T06:25:22.540759+00:00
pay_3f54f4ed4b644d,escalate_human,skipped,0,"routed to human review, no automated action taken",2026-08-23T06:25:22.545972+00:00
pay_448b26a786f24f,escalate_human,skipped,0,"routed to human review, no automated action taken",2026-08-23T06:25:22.549086+00:00
pay_2bb17e43ca4541,escalate_human,skipped,0,"routed to human review, no automated action taken",2026-08-23T06:25:22.551998+00:00
pay_4744ac83dae044,escalate_human,skipped,0,"routed to human review, no automated action taken",2026-08-23T06:25:22.555499+00:00
pay_86f8a929396a4a,retry_now,failed,0,payment link with given reference_id: pay_86f8a929396a4a already exists. Please create a payment link with a different reference_id,2026-08-23T06:25:31.934746+00:00
pay_fad24497accc4f,escalate_human,skipped,0,"routed to human review, no automated action taken",2026-08-23T06:25:31.939962+00:00
pay_f5863af444e14d,retry_now,failed,0,payment link with given reference_id: pay_f5863af444e14d already exists. Please create a payment link with a different reference_id,2026-08-23T06:25:32.763795+00:00
pay_8daa230f1bc04f,retry_now,failed,0,payment link with given reference_id: pay_8daa230f1bc04f already exists. Please create a payment link with a different reference_id,2026-08-23T06:25:33.441086+00:00
pay_b0414e54d29d48,escalate_human,skipped,0,"routed to human review, no automated action taken",2026-08-23T06:25:33.443439+00:00
pay_df58c3ef7d5d45,escalate_human,skipped,0,"routed to human review, no automated action taken",2026-08-23T06:25:33.445357+00:00
pay_ee4d851071674e,retry_now,failed,0,payment link with given reference_id: pay_ee4d851071674e already exists. Please create a payment link with a different reference_id,2026-08-23T06:25:34.506177+00:00
pay_894811081a0645,send_reminder,skipped,0,'send_reminder' not yet automated - needs a scheduler/notifier,2026-08-23T06:25:34.509246+00:00
pay_b8583eec85e043,retry_later,skipped,0,'retry_later' not yet automated - needs a scheduler/notifier,2026-08-23T06:25:34.511559+00:00
pay_8762b97dbbb34c,retry_now,failed,0,payment link with given reference_id: pay_8762b97dbbb34c already exists. Please create a payment link with a different reference_id,2026-08-23T06:25:35.332718+00:00
pay_541fb5b6b7e341,escalate_human,skipped,0,"routed to human review, no automated action taken",2026-08-23T06:25:35.337306+00:00
pay_03b9eede25884d,escalate_human,skipped,0,"routed to human review, no automated action taken",2026-08-23T06:25:35.340579+00:00
pay_a5da5901405d4b,retry_now,failed,0,Too many requests,2026-08-23T06:25:35.400619+00:00
pay_7583fb49df2e43,escalate_human,skipped,0,"routed to human review, no automated action taken",2026-08-23T06:25:35.404223+00:00
pay_c435a704261a49,retry_now,failed,0,Too many requests,2026-08-23T06:25:35.465544+00:00
pay_ec6ba30d08db4d,escalate_human,skipped,0,"routed to human review, no automated action taken",2026-08-23T06:25:35.468493+00:00
pay_19943116b8314c,escalate_human,skipped,0,"routed to human review, no automated action taken",2026-08-23T06:25:35.471381+00:00
pay_99ef3457f10941,retry_later,skipped,0,'retry_later' not yet automated - needs a scheduler/notifier,2026-08-23T06:25:35.474695+00:00
pay_bc0789d5882c4c,escalate_human,skipped,0,"routed to human review, no automated action taken",2026-08-23T06:25:35.477584+00:00
pay_2dd9b14cbcae4c,retry_later,skipped,0,'retry_later' not yet automated - needs a scheduler/notifier,2026-08-23T06:25:35.482404+00:00
pay_6789e50f332e45,escalate_human,skipped,0,"routed to human review, no automated action taken",2026-08-23T06:25:35.488623+00:00
pay_f1d67ea4b2d040,escalate_human,skipped,0,"routed to human review, no automated action taken",2026-08-23T06:25:35.492685+00:00
pay_3b952fa41a6642,retry_now,failed,0,Too many requests,2026-08-23T06:25:35.558565+00:00
pay_87a81cc2ed8643,escalate_human,skipped,0,"routed to human review, no automated action taken",2026-08-23T06:25:35.561933+00:00
pay_476a0f02115048,retry_later,skipped,0,'retry_later' not yet automated - needs a scheduler/notifier,2026-08-23T06:25:35.565184+00:00
pay_815990007dd041,escalate_human,skipped,0,"routed to human review, no automated action taken",2026-08-23T06:25:35.567535+00:00
pay_719997839cce48,escalate_human,skipped,0,"routed to human review, no automated action taken",2026-08-23T06:25:35.569872+00:00
pay_756f07a8e80444,escalate_human,skipped,0,"routed to human review, no automated action taken",2026-08-23T06:25:35.571928+00:00
pay_4de63ce0dac049,escalate_human,skipped,0,"routed to human review, no automated action taken",2026-08-23T06:25:35.574137+00:00
pay_35746940215c49,escalate_human,skipped,0,"routed to human review, no automated action taken",2026-08-23T06:25:35.576333+00:00
pay_ba4a856830f143,retry_now,failed,0,Too many requests,2026-08-23T06:25:35.660350+00:00
pay_4463614bbe6c45,retry_later,skipped,0,'retry_later' not yet automated - needs a scheduler/notifier,2026-08-23T06:25:35.665081+00:00
pay_2531470561594c,retry_now,failed,0,Too many requests,2026-08-23T06:25:35.757578+00:00
pay_2411b287e2a64d,escalate_human,skipped,0,"routed to human review, no automated action taken",2026-08-23T06:25:35.761852+00:00
pay_c12ca86133284d,escalate_human,skipped,0,"routed to human review, no automated action taken",2026-08-23T06:25:35.765117+00:00
pay_0d0f68eeb6e244,retry_later,skipped,0,'retry_later' not yet automated - needs a scheduler/notifier,2026-08-23T06:25:35.769258+00:00
pay_cfbd430b58d94b,escalate_human,skipped,0,"routed to human review, no automated action taken",2026-08-23T06:25:35.773228+00:00
pay_44c254cbabf747,escalate_human,skipped,0,"routed to human review, no automated action taken",2026-08-23T06:25:35.777103+00:00
pay_f1d7b74656c145,retry_now,failed,0,Too many requests,2026-08-23T06:25:35.880153+00:00
pay_9adb916bb74a47,retry_now,failed,0,Too many requests,2026-08-23T06:25:35.970512+00:00
pay_32ef14b43cb44a,escalate_human,skipped,0,"routed to human review, no automated action taken",2026-08-23T06:25:35.975150+00:00
pay_affec597019046,retry_now,failed,0,Too many requests,2026-08-23T06:25:36.080639+00:00
pay_216119fde87d4a,escalate_human,skipped,0,"routed to human review, no automated action taken",2026-08-23T06:25:36.083037+00:00
pay_52bf197c365e4a,retry_now,failed,0,Too many requests,2026-08-23T06:25:36.208009+00:00
pay_94f071b753ef42,escalate_human,skipped,0,"routed to human review, no automated action taken",2026-08-23T06:25:36.212624+00:00
pay_e7e9905e95fc45,retry_now,failed,0,Too many requests,2026-08-23T06:25:36.319204+00:00
pay_034312d49fa14c,retry_now,failed,0,Too many requests,2026-08-23T06:25:36.402463+00:00
pay_e93fee3805e449,escalate_human,skipped,0,"routed to human review, no automated action taken",2026-08-23T06:25:36.406251+00:00
pay_59d6bd6a213542,escalate_human,skipped,0,"routed to human review, no automated action taken",2026-08-23T06:25:36.408412+00:00
pay_a3240a1f508c47,retry_now,failed,0,Too many requests,2026-08-23T06:25:36.480229+00:00
pay_b24bb629a14a4b,retry_now,failed,0,Too many requests,2026-08-23T06:25:36.571915+00:00
pay_6e5ff97815ce48,escalate_human,skipped,0,"routed to human review, no automated action taken",2026-08-23T06:25:36.577268+00:00
pay_7ca10fcce42a45,escalate_human,skipped,0,"routed to human review, no automated action taken",2026-08-23T06:25:36.581473+00:00
pay_2a3858d4c0e14a,retry_later,skipped,0,'retry_later' not yet automated - needs a scheduler/notifier,2026-08-23T06:25:36.583508+00:00
pay_74a4633a7fea40,retry_now,failed,0,Too many requests,2026-08-23T06:25:36.682827+00:00
pay_658b789db20d41,escalate_human,skipped,0,"routed to human review, no automated action taken",2026-08-23T06:25:36.687940+00:00
pay_5fa331218bab45,retry_now,failed,0,Too many requests,2026-08-23T06:25:36.921695+00:00
pay_8add8044a8b944,retry_now,failed,0,Too many requests,2026-08-23T06:25:37.149621+00:00
pay_88d134a65b714d,escalate_human,skipped,0,"routed to human review, no automated action taken",2026-08-23T06:25:37.153989+00:00
pay_0e396faf32c845,retry_later,skipped,0,'retry_later' not yet automated - needs a scheduler/notifier,2026-08-23T06:25:37.157362+00:00
pay_eb9ca6b5d2b04a,escalate_human,skipped,0,"routed to human review, no automated action taken",2026-08-23T06:25:37.160115+00:00
pay_1c2830e255a641,escalate_human,skipped,0,"routed to human review, no automated action taken",2026-08-23T06:25:37.165112+00:00
pay_555df0f6b29245,escalate_human,skipped,0,"routed to human review, no automated action taken",2026-08-23T06:25:37.168116+00:00
pay_93ca49082e4a41,escalate_human,skipped,0,"routed to human review, no automated action taken",2026-08-23T06:25:37.170477+00:00
pay_4d5ed169c0dd4d,escalate_human,skipped,0,"routed to human review, no automated action taken",2026-08-23T06:25:37.174156+00:00
pay_6ad5efc4403e48,retry_now,failed,0,Too many requests,2026-08-23T06:25:37.247366+00:00
pay_9b21693c87134e,escalate_human,skipped,0,"routed to human review, no automated action taken",2026-08-23T06:25:37.252536+00:00
pay_d7b68697117047,retry_later,skipped,0,'retry_later' not yet automated - needs a scheduler/notifier,2026-08-23T06:25:37.256882+00:00
pay_1b8867ff569043,retry_now,failed,0,Too many requests,2026-08-23T06:25:37.317645+00:00
pay_c133b4f00f844c,retry_later,skipped,0,'retry_later' not yet automated - needs a scheduler/notifier,2026-08-23T06:25:37.322000+00:00
pay_198cc292508e4c,escalate_human,skipped,0,Escalated to human review,2026-08-23T06:25:44.989077+00:00
pay_3f54f4ed4b644d,escalate_human,skipped,0,Escalated to human review,2026-08-23T06:25:44.992106+00:00
pay_448b26a786f24f,escalate_human,skipped,0,Escalated to human review,2026-08-23T06:25:44.994218+00:00
pay_2bb17e43ca4541,escalate_human,skipped,0,Escalated to human review,2026-08-23T06:25:44.996058+00:00
pay_4744ac83dae044,escalate_human,skipped,0,Escalated to human review,2026-08-23T06:25:44.998464+00:00
pay_86f8a929396a4a,retry_now,failed,0,Too many requests,2026-08-23T06:25:46.541453+00:00
pay_fad24497accc4f,escalate_human,skipped,0,Escalated to human review,2026-08-23T06:25:46.546209+00:00
pay_f5863af444e14d,retry_now,failed,0,Too many requests,2026-08-23T06:25:47.810379+00:00
pay_8daa230f1bc04f,retry_now,failed,0,Too many requests,2026-08-23T06:25:49.085193+00:00
pay_b0414e54d29d48,escalate_human,skipped,0,Escalated to human review,2026-08-23T06:25:49.088374+00:00
pay_df58c3ef7d5d45,escalate_human,skipped,0,Escalated to human review,2026-08-23T06:25:49.092135+00:00
pay_ee4d851071674e,retry_now,failed,0,Too many requests,2026-08-23T06:25:50.158963+00:00
pay_894811081a0645,send_reminder,skipped,0,send_reminder not automated yet; notification service required,2026-08-23T06:25:50.163015+00:00
pay_b8583eec85e043,retry_later,skipped,0,retry_later not automated yet; scheduler required,2026-08-23T06:25:50.165964+00:00
pay_8762b97dbbb34c,retry_now,failed,0,Too many requests,2026-08-23T06:25:51.320265+00:00
pay_541fb5b6b7e341,escalate_human,skipped,0,Escalated to human review,2026-08-23T06:25:51.324927+00:00
pay_03b9eede25884d,escalate_human,skipped,0,Escalated to human review,2026-08-23T06:25:51.327726+00:00
pay_a5da5901405d4b,retry_now,failed,0,Too many requests,2026-08-23T06:25:52.438424+00:00
pay_7583fb49df2e43,escalate_human,skipped,0,Escalated to human review,2026-08-23T06:25:52.443450+00:00
pay_c435a704261a49,retry_now,failed,0,Too many requests,2026-08-23T06:25:53.539004+00:00
pay_ec6ba30d08db4d,escalate_human,skipped,0,Escalated to human review,2026-08-23T06:25:53.544479+00:00
pay_19943116b8314c,escalate_human,skipped,0,Escalated to human review,2026-08-23T06:25:53.547692+00:00
pay_99ef3457f10941,retry_later,skipped,0,retry_later not automated yet; scheduler required,2026-08-23T06:25:53.550815+00:00
pay_bc0789d5882c4c,escalate_human,skipped,0,Escalated to human review,2026-08-23T06:25:53.554409+00:00
pay_2dd9b14cbcae4c,retry_later,skipped,0,retry_later not automated yet; scheduler required,2026-08-23T06:25:53.556388+00:00
pay_6789e50f332e45,escalate_human,skipped,0,Escalated to human review,2026-08-23T06:25:53.561649+00:00
pay_f1d67ea4b2d040,escalate_human,skipped,0,Escalated to human review,2026-08-23T06:25:53.575370+00:00
pay_3b952fa41a6642,retry_now,failed,0,Too many requests,2026-08-23T06:25:54.760639+00:00
pay_87a81cc2ed8643,escalate_human,skipped,0,Escalated to human review,2026-08-23T06:25:54.764635+00:00
pay_476a0f02115048,retry_later,skipped,0,retry_later not automated yet; scheduler required,2026-08-23T06:25:54.767976+00:00
pay_815990007dd041,escalate_human,skipped,0,Escalated to human review,2026-08-23T06:25:54.772011+00:00
pay_719997839cce48,escalate_human,skipped,0,Escalated to human review,2026-08-23T06:25:54.780175+00:00
pay_756f07a8e80444,escalate_human,skipped,0,Escalated to human review,2026-08-23T06:25:54.784530+00:00
pay_4de63ce0dac049,escalate_human,skipped,0,Escalated to human review,2026-08-23T06:25:54.788826+00:00
pay_35746940215c49,escalate_human,skipped,0,Escalated to human review,2026-08-23T06:25:54.792982+00:00
pay_ba4a856830f143,retry_now,failed,0,Too many requests,2026-08-23T06:25:55.922071+00:00
pay_4463614bbe6c45,retry_later,skipped,0,retry_later not automated yet; scheduler required,2026-08-23T06:25:55.925699+00:00
pay_2531470561594c,retry_now,failed,0,Too many requests,2026-08-23T06:25:57.479757+00:00
pay_2411b287e2a64d,escalate_human,skipped,0,Escalated to human review,2026-08-23T06:25:57.484403+00:00
pay_c12ca86133284d,escalate_human,skipped,0,Escalated to human review,2026-08-23T06:25:57.490776+00:00
pay_0d0f68eeb6e244,retry_later,skipped,0,retry_later not automated yet; scheduler required,2026-08-23T06:25:57.493832+00:00
pay_cfbd430b58d94b,escalate_human,skipped,0,Escalated to human review,2026-08-23T06:25:57.496687+00:00
pay_44c254cbabf747,escalate_human,skipped,0,Escalated to human review,2026-08-23T06:25:57.499940+00:00
pay_f1d7b74656c145,retry_now,failed,0,Too many requests,2026-08-23T06:25:59.015752+00:00
pay_9adb916bb74a47,retry_now,failed,0,Too many requests,2026-08-23T06:26:00.247055+00:00
pay_32ef14b43cb44a,escalate_human,skipped,0,Escalated to human review,2026-08-23T06:26:00.251990+00:00
pay_affec597019046,retry_now,failed,0,Too many requests,2026-08-23T06:26:01.333049+00:00
pay_216119fde87d4a,escalate_human,skipped,0,Escalated to human review,2026-08-23T06:26:01.337778+00:00
pay_52bf197c365e4a,retry_now,failed,0,Too many requests,2026-08-23T06:26:02.440615+00:00
pay_94f071b753ef42,escalate_human,skipped,0,Escalated to human review,2026-08-23T06:26:02.444784+00:00
pay_e7e9905e95fc45,retry_now,failed,0,Too many requests,2026-08-23T06:26:03.970240+00:00
pay_034312d49fa14c,retry_now,failed,0,Too many requests,2026-08-23T06:26:05.032177+00:00
pay_e93fee3805e449,escalate_human,skipped,0,Escalated to human review,2026-08-23T06:26:05.035460+00:00
pay_59d6bd6a213542,escalate_human,skipped,0,Escalated to human review,2026-08-23T06:26:05.039032+00:00
pay_a3240a1f508c47,retry_now,failed,0,Too many requests,2026-08-23T06:26:06.159185+00:00
pay_b24bb629a14a4b,retry_now,failed,0,Too many requests,2026-08-23T06:26:07.246342+00:00
pay_6e5ff97815ce48,escalate_human,skipped,0,Escalated to human review,2026-08-23T06:26:07.250345+00:00
pay_7ca10fcce42a45,escalate_human,skipped,0,Escalated to human review,2026-08-23T06:26:07.252898+00:00
pay_2a3858d4c0e14a,retry_later,skipped,0,retry_later not automated yet; scheduler required,2026-08-23T06:26:07.257143+00:00
pay_74a4633a7fea40,retry_now,failed,0,Too many requests,2026-08-23T06:26:08.328464+00:00
pay_658b789db20d41,escalate_human,skipped,0,Escalated to human review,2026-08-23T06:26:08.333203+00:00
pay_5fa331218bab45,retry_now,failed,0,Too many requests,2026-08-23T06:26:09.547069+00:00
pay_8add8044a8b944,retry_now,failed,0,Too many requests,2026-08-23T06:26:10.658229+00:00
pay_88d134a65b714d,escalate_human,skipped,0,Escalated to human review,2026-08-23T06:26:10.662049+00:00
pay_0e396faf32c845,retry_later,skipped,0,retry_later not automated yet; scheduler required,2026-08-23T06:26:10.666528+00:00
pay_eb9ca6b5d2b04a,escalate_human,skipped,0,Escalated to human review,2026-08-23T06:26:10.670130+00:00
pay_1c2830e255a641,escalate_human,skipped,0,Escalated to human review,2026-08-23T06:26:10.674453+00:00
pay_555df0f6b29245,escalate_human,skipped,0,Escalated to human review,2026-08-23T06:26:10.678622+00:00
pay_93ca49082e4a41,escalate_human,skipped,0,Escalated to human review,2026-08-23T06:26:10.683065+00:00
pay_4d5ed169c0dd4d,escalate_human,skipped,0,Escalated to human review,2026-08-23T06:26:10.686962+00:00
pay_6ad5efc4403e48,retry_now,failed,0,Too many requests,2026-08-23T06:26:11.942563+00:00
pay_9b21693c87134e,escalate_human,skipped,0,Escalated to human review,2026-08-23T06:26:11.946507+00:00
pay_d7b68697117047,retry_later,skipped,0,retry_later not automated yet; scheduler required,2026-08-23T06:26:11.951187+00:00
pay_1b8867ff569043,retry_now,failed,0,Too many requests,2026-08-23T06:26:13.007072+00:00
pay_c133b4f00f844c,retry_later,skipped,0,retry_later not automated yet; scheduler required,2026-08-23T06:26:13.013226+00:00
pay_198cc292508e4c,escalate_human,skipped,0,Escalated to human review,2026-08-23T06:30:05.581726+00:00
pay_3f54f4ed4b644d,escalate_human,skipped,0,Escalated to human review,2026-08-23T06:30:05.585861+00:00
pay_448b26a786f24f,escalate_human,skipped,0,Escalated to human review,2026-08-23T06:30:05.587909+00:00
pay_2bb17e43ca4541,escalate_human,skipped,0,Escalated to human review,2026-08-23T06:30:05.590012+00:00
pay_4744ac83dae044,escalate_human,skipped,0,Escalated to human review,2026-08-23T06:30:05.592514+00:00
pay_86f8a929396a4a,retry_now,sent,0,SIMULATED recovery action; Razorpay execution disabled for batch evaluation,2026-08-23T06:30:05.596013+00:00
pay_fad24497accc4f,escalate_human,skipped,0,Escalated to human review,2026-08-23T06:30:05.598239+00:00
pay_f5863af444e14d,retry_now,sent,0,SIMULATED recovery action; Razorpay execution disabled for batch evaluation,2026-08-23T06:30:05.600124+00:00
pay_8daa230f1bc04f,retry_now,sent,0,SIMULATED recovery action; Razorpay execution disabled for batch evaluation,2026-08-23T06:30:05.602265+00:00
pay_b0414e54d29d48,escalate_human,skipped,0,Escalated to human review,2026-08-23T06:30:05.604640+00:00
pay_df58c3ef7d5d45,escalate_human,skipped,0,Escalated to human review,2026-08-23T06:30:05.606397+00:00
pay_ee4d851071674e,retry_now,sent,0,SIMULATED recovery action; Razorpay execution disabled for batch evaluation,2026-08-23T06:30:05.609888+00:00
pay_894811081a0645,send_reminder,skipped,0,send_reminder not automated yet; notification service required,2026-08-23T06:30:05.612520+00:00
pay_b8583eec85e043,retry_later,skipped,0,retry_later not automated yet; scheduler required,2026-08-23T06:30:05.614451+00:00
pay_8762b97dbbb34c,retry_now,sent,0,SIMULATED recovery action; Razorpay execution disabled for batch evaluation,2026-08-23T06:30:05.616471+00:00
pay_541fb5b6b7e341,escalate_human,skipped,0,Escalated to human review,2026-08-23T06:30:05.619679+00:00
pay_03b9eede25884d,escalate_human,skipped,0,Escalated to human review,2026-08-23T06:30:05.621814+00:00
pay_a5da5901405d4b,retry_now,sent,0,SIMULATED recovery action; Razorpay execution disabled for batch evaluation,2026-08-23T06:30:05.625212+00:00
pay_7583fb49df2e43,escalate_human,skipped,0,Escalated to human review,2026-08-23T06:30:05.628499+00:00
pay_c435a704261a49,retry_now,sent,0,SIMULATED recovery action; Razorpay execution disabled for batch evaluation,2026-08-23T06:30:05.630652+00:00
pay_ec6ba30d08db4d,escalate_human,skipped,0,Escalated to human review,2026-08-23T06:30:05.632535+00:00
pay_19943116b8314c,escalate_human,skipped,0,Escalated to human review,2026-08-23T06:30:05.634291+00:00
pay_99ef3457f10941,retry_later,skipped,0,retry_later not automated yet; scheduler required,2026-08-23T06:30:05.636582+00:00
pay_bc0789d5882c4c,escalate_human,skipped,0,Escalated to human review,2026-08-23T06:30:05.638864+00:00
pay_2dd9b14cbcae4c,retry_later,skipped,0,retry_later not automated yet; scheduler required,2026-08-23T06:30:05.642343+00:00
pay_6789e50f332e45,escalate_human,skipped,0,Escalated to human review,2026-08-23T06:30:05.644401+00:00
pay_f1d67ea4b2d040,escalate_human,skipped,0,Escalated to human review,2026-08-23T06:30:05.646406+00:00
pay_3b952fa41a6642,retry_now,sent,0,SIMULATED recovery action; Razorpay execution disabled for batch evaluation,2026-08-23T06:30:05.648241+00:00
pay_87a81cc2ed8643,escalate_human,skipped,0,Escalated to human review,2026-08-23T06:30:05.650703+00:00
pay_476a0f02115048,retry_later,skipped,0,retry_later not automated yet; scheduler required,2026-08-23T06:30:05.653047+00:00
pay_815990007dd041,escalate_human,skipped,0,Escalated to human review,2026-08-23T06:30:05.654950+00:00
pay_719997839cce48,escalate_human,skipped,0,Escalated to human review,2026-08-23T06:30:05.656992+00:00
pay_756f07a8e80444,escalate_human,skipped,0,Escalated to human review,2026-08-23T06:30:05.659969+00:00
pay_4de63ce0dac049,escalate_human,skipped,0,Escalated to human review,2026-08-23T06:30:05.661777+00:00
pay_35746940215c49,escalate_human,skipped,0,Escalated to human review,2026-08-23T06:30:05.663885+00:00
pay_ba4a856830f143,retry_now,sent,0,SIMULATED recovery action; Razorpay execution disabled for batch evaluation,2026-08-23T06:30:05.665799+00:00
pay_4463614bbe6c45,retry_later,skipped,0,retry_later not automated yet; scheduler required,2026-08-23T06:30:05.668737+00:00
pay_2531470561594c,retry_now,sent,0,SIMULATED recovery action; Razorpay execution disabled for batch evaluation,2026-08-23T06:30:05.670764+00:00
pay_2411b287e2a64d,escalate_human,skipped,0,Escalated to human review,2026-08-23T06:30:05.673084+00:00
pay_c12ca86133284d,escalate_human,skipped,0,Escalated to human review,2026-08-23T06:30:05.676334+00:00
pay_0d0f68eeb6e244,retry_later,skipped,0,retry_later not automated yet; scheduler required,2026-08-23T06:30:05.678405+00:00
pay_cfbd430b58d94b,escalate_human,skipped,0,Escalated to human review,2026-08-23T06:30:05.680238+00:00
pay_44c254cbabf747,escalate_human,skipped,0,Escalated to human review,2026-08-23T06:30:05.682402+00:00
pay_f1d7b74656c145,retry_now,sent,0,SIMULATED recovery action; Razorpay execution disabled for batch evaluation,2026-08-23T06:30:05.684680+00:00
pay_9adb916bb74a47,retry_now,sent,0,SIMULATED recovery action; Razorpay execution disabled for batch evaluation,2026-08-23T06:30:05.686745+00:00
pay_32ef14b43cb44a,escalate_human,skipped,0,Escalated to human review,2026-08-23T06:30:05.688559+00:00
pay_affec597019046,retry_now,sent,0,SIMULATED recovery action; Razorpay execution disabled for batch evaluation,2026-08-23T06:30:05.692813+00:00
pay_216119fde87d4a,escalate_human,skipped,0,Escalated to human review,2026-08-23T06:30:05.695092+00:00
pay_52bf197c365e4a,retry_now,sent,0,SIMULATED recovery action; Razorpay execution disabled for batch evaluation,2026-08-23T06:30:05.697408+00:00
pay_94f071b753ef42,escalate_human,skipped,0,Escalated to human review,2026-08-23T06:30:05.699467+00:00
pay_e7e9905e95fc45,retry_now,sent,0,SIMULATED recovery action; Razorpay execution disabled for batch evaluation,2026-08-23T06:30:05.701648+00:00
pay_034312d49fa14c,retry_now,sent,0,SIMULATED recovery action; Razorpay execution disabled for batch evaluation,2026-08-23T06:30:05.703614+00:00
pay_e93fee3805e449,escalate_human,skipped,0,Escalated to human review,2026-08-23T06:30:05.705753+00:00
pay_59d6bd6a213542,escalate_human,skipped,0,Escalated to human review,2026-08-23T06:30:05.709300+00:00
pay_a3240a1f508c47,retry_now,sent,0,SIMULATED recovery action; Razorpay execution disabled for batch evaluation,2026-08-23T06:30:05.711371+00:00
pay_b24bb629a14a4b,retry_now,sent,0,SIMULATED recovery action; Razorpay execution disabled for batch evaluation,2026-08-23T06:30:05.714483+00:00
pay_6e5ff97815ce48,escalate_human,skipped,0,Escalated to human review,2026-08-23T06:30:05.716938+00:00
pay_7ca10fcce42a45,escalate_human,skipped,0,Escalated to human review,2026-08-23T06:30:05.718891+00:00
pay_2a3858d4c0e14a,retry_later,skipped,0,retry_later not automated yet; scheduler required,2026-08-23T06:30:05.721468+00:00
pay_74a4633a7fea40,retry_now,sent,0,SIMULATED recovery action; Razorpay execution disabled for batch evaluation,2026-08-23T06:30:05.723915+00:00
pay_658b789db20d41,escalate_human,skipped,0,Escalated to human review,2026-08-23T06:30:05.726840+00:00
pay_5fa331218bab45,retry_now,sent,0,SIMULATED recovery action; Razorpay execution disabled for batch evaluation,2026-08-23T06:30:05.729514+00:00
pay_8add8044a8b944,retry_now,sent,0,SIMULATED recovery action; Razorpay execution disabled for batch evaluation,2026-08-23T06:30:05.731762+00:00
pay_88d134a65b714d,escalate_human,skipped,0,Escalated to human review,2026-08-23T06:30:05.734237+00:00
pay_0e396faf32c845,retry_later,skipped,0,retry_later not automated yet; scheduler required,2026-08-23T06:30:05.736039+00:00
pay_eb9ca6b5d2b04a,escalate_human,skipped,0,Escalated to human review,2026-08-23T06:30:05.737810+00:00
pay_1c2830e255a641,escalate_human,skipped,0,Escalated to human review,2026-08-23T06:30:05.739717+00:00
pay_555df0f6b29245,escalate_human,skipped,0,Escalated to human review,2026-08-23T06:30:05.742595+00:00
pay_93ca49082e4a41,escalate_human,skipped,0,Escalated to human review,2026-08-23T06:30:05.745721+00:00
pay_4d5ed169c0dd4d,escalate_human,skipped,0,Escalated to human review,2026-08-23T06:30:05.754932+00:00
pay_6ad5efc4403e48,retry_now,sent,0,SIMULATED recovery action; Razorpay execution disabled for batch evaluation,2026-08-23T06:30:05.759259+00:00
pay_9b21693c87134e,escalate_human,skipped,0,Escalated to human review,2026-08-23T06:30:05.762637+00:00
pay_d7b68697117047,retry_later,skipped,0,retry_later not automated yet; scheduler required,2026-08-23T06:30:05.765197+00:00
pay_1b8867ff569043,retry_now,sent,0,SIMULATED recovery action; Razorpay execution disabled for batch evaluation,2026-08-23T06:30:05.767243+00:00
pay_c133b4f00f844c,retry_later,skipped,0,retry_later not automated yet; scheduler required,2026-08-23T06:30:05.770167+00:00
pay_198cc292508e4c,escalate_human,skipped,0,Escalated to human review,2026-08-23T07:37:19.265008+00:00
pay_3f54f4ed4b644d,escalate_human,skipped,0,Escalated to human review,2026-08-23T07:37:19.269683+00:00
pay_448b26a786f24f,escalate_human,skipped,0,Escalated to human review,2026-08-23T07:37:19.272698+00:00
pay_2bb17e43ca4541,escalate_human,skipped,0,Escalated to human review,2026-08-23T07:37:19.274573+00:00
pay_4744ac83dae044,escalate_human,skipped,0,Escalated to human review,2026-08-23T07:37:19.278202+00:00
pay_86f8a929396a4a,retry_now,sent,0,SIMULATED recovery action; Razorpay execution disabled for batch evaluation,2026-08-23T07:37:19.281148+00:00
pay_fad24497accc4f,escalate_human,skipped,0,Escalated to human review,2026-08-23T07:37:19.283466+00:00
pay_f5863af444e14d,retry_now,sent,0,SIMULATED recovery action; Razorpay execution disabled for batch evaluation,2026-08-23T07:37:19.286530+00:00
pay_8daa230f1bc04f,retry_now,sent,0,SIMULATED recovery action; Razorpay execution disabled for batch evaluation,2026-08-23T07:37:19.288786+00:00
pay_b0414e54d29d48,escalate_human,skipped,0,Escalated to human review,2026-08-23T07:37:19.291179+00:00
pay_df58c3ef7d5d45,escalate_human,skipped,0,Escalated to human review,2026-08-23T07:37:19.293125+00:00
pay_ee4d851071674e,retry_now,sent,0,SIMULATED recovery action; Razorpay execution disabled for batch evaluation,2026-08-23T07:37:19.294937+00:00
pay_894811081a0645,send_reminder,skipped,0,send_reminder not automated yet; notification service required,2026-08-23T07:37:19.296715+00:00
pay_b8583eec85e043,retry_later,skipped,0,retry_later not automated yet; scheduler required,2026-08-23T07:37:19.298965+00:00
pay_8762b97dbbb34c,retry_now,sent,0,SIMULATED recovery action; Razorpay execution disabled for batch evaluation,2026-08-23T07:37:19.301672+00:00
pay_541fb5b6b7e341,escalate_human,skipped,0,Escalated to human review,2026-08-23T07:37:19.303974+00:00
pay_03b9eede25884d,escalate_human,skipped,0,Escalated to human review,2026-08-23T07:37:19.305980+00:00
pay_a5da5901405d4b,retry_now,sent,0,SIMULATED recovery action; Razorpay execution disabled for batch evaluation,2026-08-23T07:37:19.308082+00:00
pay_7583fb49df2e43,escalate_human,skipped,0,Escalated to human review,2026-08-23T07:37:19.312402+00:00
pay_c435a704261a49,retry_now,sent,0,SIMULATED recovery action; Razorpay execution disabled for batch evaluation,2026-08-23T07:37:19.314224+00:00
pay_ec6ba30d08db4d,escalate_human,skipped,0,Escalated to human review,2026-08-23T07:37:19.316357+00:00
pay_19943116b8314c,escalate_human,skipped,0,Escalated to human review,2026-08-23T07:37:19.319102+00:00
pay_99ef3457f10941,retry_later,skipped,0,retry_later not automated yet; scheduler required,2026-08-23T07:37:19.321326+00:00
pay_bc0789d5882c4c,escalate_human,skipped,0,Escalated to human review,2026-08-23T07:37:19.323181+00:00
pay_2dd9b14cbcae4c,retry_later,skipped,0,retry_later not automated yet; scheduler required,2026-08-23T07:37:19.325159+00:00
pay_6789e50f332e45,escalate_human,skipped,0,Escalated to human review,2026-08-23T07:37:19.326957+00:00
pay_f1d67ea4b2d040,escalate_human,skipped,0,Escalated to human review,2026-08-23T07:37:19.328627+00:00
pay_3b952fa41a6642,retry_now,sent,0,SIMULATED recovery action; Razorpay execution disabled for batch evaluation,2026-08-23T07:37:19.331159+00:00
pay_87a81cc2ed8643,escalate_human,skipped,0,Escalated to human review,2026-08-23T07:37:19.333153+00:00
pay_476a0f02115048,retry_later,skipped,0,retry_later not automated yet; scheduler required,2026-08-23T07:37:19.336658+00:00
pay_815990007dd041,escalate_human,skipped,0,Escalated to human review,2026-08-23T07:37:19.338537+00:00
pay_719997839cce48,escalate_human,skipped,0,Escalated to human review,2026-08-23T07:37:19.340139+00:00
pay_756f07a8e80444,escalate_human,skipped,0,Escalated to human review,2026-08-23T07:37:19.342250+00:00
pay_4de63ce0dac049,escalate_human,skipped,0,Escalated to human review,2026-08-23T07:37:19.344201+00:00
pay_35746940215c49,escalate_human,skipped,0,Escalated to human review,2026-08-23T07:37:19.346058+00:00
pay_ba4a856830f143,retry_now,sent,0,SIMULATED recovery action; Razorpay execution disabled for batch evaluation,2026-08-23T07:37:19.349430+00:00
pay_4463614bbe6c45,retry_later,skipped,0,retry_later not automated yet; scheduler required,2026-08-23T07:37:19.351443+00:00
pay_2531470561594c,retry_now,sent,0,SIMULATED recovery action; Razorpay execution disabled for batch evaluation,2026-08-23T07:37:19.354000+00:00
pay_2411b287e2a64d,escalate_human,skipped,0,Escalated to human review,2026-08-23T07:37:19.356242+00:00
pay_c12ca86133284d,escalate_human,skipped,0,Escalated to human review,2026-08-23T07:37:19.358220+00:00
pay_0d0f68eeb6e244,retry_later,skipped,0,retry_later not automated yet; scheduler required,2026-08-23T07:37:19.360146+00:00
pay_cfbd430b58d94b,escalate_human,skipped,0,Escalated to human review,2026-08-23T07:37:19.361888+00:00
pay_44c254cbabf747,escalate_human,skipped,0,Escalated to human review,2026-08-23T07:37:19.363818+00:00
pay_f1d7b74656c145,retry_now,sent,0,SIMULATED recovery action; Razorpay execution disabled for batch evaluation,2026-08-23T07:37:19.365633+00:00
pay_9adb916bb74a47,retry_now,sent,0,SIMULATED recovery action; Razorpay execution disabled for batch evaluation,2026-08-23T07:37:19.367566+00:00
pay_32ef14b43cb44a,escalate_human,skipped,0,Escalated to human review,2026-08-23T07:37:19.370306+00:00
pay_affec597019046,retry_now,sent,0,SIMULATED recovery action; Razorpay execution disabled for batch evaluation,2026-08-23T07:37:19.372321+00:00
pay_216119fde87d4a,escalate_human,skipped,0,Escalated to human review,2026-08-23T07:37:19.374169+00:00
pay_52bf197c365e4a,retry_now,sent,0,SIMULATED recovery action; Razorpay execution disabled for batch evaluation,2026-08-23T07:37:19.376444+00:00
pay_94f071b753ef42,escalate_human,skipped,0,Escalated to human review,2026-08-23T07:37:19.378461+00:00
pay_e7e9905e95fc45,retry_now,sent,0,SIMULATED recovery action; Razorpay execution disabled for batch evaluation,2026-08-23T07:37:19.380318+00:00
pay_034312d49fa14c,retry_now,sent,0,SIMULATED recovery action; Razorpay execution disabled for batch evaluation,2026-08-23T07:37:19.382036+00:00
pay_e93fee3805e449,escalate_human,skipped,0,Escalated to human review,2026-08-23T07:37:19.384225+00:00
pay_59d6bd6a213542,escalate_human,skipped,0,Escalated to human review,2026-08-23T07:37:19.386700+00:00
pay_a3240a1f508c47,retry_now,sent,0,SIMULATED recovery action; Razorpay execution disabled for batch evaluation,2026-08-23T07:37:19.388747+00:00
pay_b24bb629a14a4b,retry_now,sent,0,SIMULATED recovery action; Razorpay execution disabled for batch evaluation,2026-08-23T07:37:19.391934+00:00
pay_6e5ff97815ce48,escalate_human,skipped,0,Escalated to human review,2026-08-23T07:37:19.394210+00:00
pay_7ca10fcce42a45,escalate_human,skipped,0,Escalated to human review,2026-08-23T07:37:19.396418+00:00
pay_2a3858d4c0e14a,retry_later,skipped,0,retry_later not automated yet; scheduler required,2026-08-23T07:37:19.398372+00:00
pay_74a4633a7fea40,retry_now,sent,0,SIMULATED recovery action; Razorpay execution disabled for batch evaluation,2026-08-23T07:37:19.400731+00:00
pay_658b789db20d41,escalate_human,skipped,0,Escalated to human review,2026-08-23T07:37:19.404186+00:00
pay_5fa331218bab45,retry_now,sent,0,SIMULATED recovery action; Razorpay execution disabled for batch evaluation,2026-08-23T07:37:19.406208+00:00
pay_8add8044a8b944,retry_now,sent,0,SIMULATED recovery action; Razorpay execution disabled for batch evaluation,2026-08-23T07:37:19.408171+00:00
pay_88d134a65b714d,escalate_human,skipped,0,Escalated to human review,2026-08-23T07:37:19.410730+00:00
pay_0e396faf32c845,retry_later,skipped,0,retry_later not automated yet; scheduler required,2026-08-23T07:37:19.412546+00:00
pay_eb9ca6b5d2b04a,escalate_human,skipped,0,Escalated to human review,2026-08-23T07:37:19.414291+00:00
pay_1c2830e255a641,escalate_human,skipped,0,Escalated to human review,2026-08-23T07:37:19.416404+00:00
pay_555df0f6b29245,escalate_human,skipped,0,Escalated to human review,2026-08-23T07:37:19.418532+00:00
pay_93ca49082e4a41,escalate_human,skipped,0,Escalated to human review,2026-08-23T07:37:19.420755+00:00
pay_4d5ed169c0dd4d,escalate_human,skipped,0,Escalated to human review,2026-08-23T07:37:19.423151+00:00
pay_6ad5efc4403e48,retry_now,sent,0,SIMULATED recovery action; Razorpay execution disabled for batch evaluation,2026-08-23T07:37:19.425775+00:00
pay_9b21693c87134e,escalate_human,skipped,0,Escalated to human review,2026-08-23T07:37:19.427962+00:00
pay_d7b68697117047,retry_later,skipped,0,retry_later not automated yet; scheduler required,2026-08-23T07:37:19.429941+00:00
pay_1b8867ff569043,retry_now,sent,0,SIMULATED recovery action; Razorpay execution disabled for batch evaluation,2026-08-23T07:37:19.432385+00:00
pay_c133b4f00f844c,retry_later,skipped,0,retry_later not automated yet; scheduler required,2026-08-23T07:37:19.434733+00:00
pay_198cc292508e4c,escalate_human,skipped,0,Escalated to human review,2026-08-23T07:41:26.724925+00:00
pay_3f54f4ed4b644d,escalate_human,skipped,0,Escalated to human review,2026-08-23T07:41:26.729155+00:00
pay_448b26a786f24f,escalate_human,skipped,0,Escalated to human review,2026-08-23T07:41:26.731548+00:00
pay_2bb17e43ca4541,escalate_human,skipped,0,Escalated to human review,2026-08-23T07:41:26.734127+00:00
pay_4744ac83dae044,escalate_human,skipped,0,Escalated to human review,2026-08-23T07:41:26.736114+00:00
pay_198cc292508e4c,escalate_human,skipped,0,Escalated to human review,2026-08-23T07:53:29.937917+00:00
pay_3f54f4ed4b644d,escalate_human,skipped,0,Escalated to human review,2026-08-23T07:53:29.941164+00:00
pay_448b26a786f24f,escalate_human,skipped,0,Escalated to human review,2026-08-23T07:53:29.943141+00:00
pay_2bb17e43ca4541,escalate_human,skipped,0,Escalated to human review,2026-08-23T07:53:29.945105+00:00
pay_4744ac83dae044,escalate_human,skipped,0,Escalated to human review,2026-08-23T07:53:29.948181+00:00
pay_86f8a929396a4a,retry_now,sent,0,SIMULATED recovery action; Razorpay execution disabled for batch evaluation,2026-08-23T07:53:29.950784+00:00
pay_fad24497accc4f,escalate_human,skipped,0,Escalated to human review,2026-08-23T07:53:29.953237+00:00
pay_f5863af444e14d,retry_now,sent,0,SIMULATED recovery action; Razorpay execution disabled for batch evaluation,2026-08-23T07:53:29.955711+00:00
pay_8daa230f1bc04f,retry_now,sent,0,SIMULATED recovery action; Razorpay execution disabled for batch evaluation,2026-08-23T07:53:29.959720+00:00
pay_b0414e54d29d48,escalate_human,skipped,0,Escalated to human review,2026-08-23T07:53:29.962564+00:00
pay_df58c3ef7d5d45,escalate_human,skipped,0,Escalated to human review,2026-08-23T07:53:29.965628+00:00
pay_ee4d851071674e,retry_now,sent,0,SIMULATED recovery action; Razorpay execution disabled for batch evaluation,2026-08-23T07:53:29.967807+00:00
pay_894811081a0645,send_reminder,skipped,0,send_reminder not automated yet; notification service required,2026-08-23T07:53:29.970456+00:00
pay_b8583eec85e043,retry_later,skipped,0,retry_later not automated yet; scheduler required,2026-08-23T07:53:29.973046+00:00
pay_8762b97dbbb34c,retry_now,sent,0,SIMULATED recovery action; Razorpay execution disabled for batch evaluation,2026-08-23T07:53:29.976021+00:00
pay_541fb5b6b7e341,escalate_human,skipped,0,Escalated to human review,2026-08-23T07:53:29.977811+00:00
pay_03b9eede25884d,escalate_human,skipped,0,Escalated to human review,2026-08-23T07:53:29.983094+00:00
pay_a5da5901405d4b,retry_now,sent,0,SIMULATED recovery action; Razorpay execution disabled for batch evaluation,2026-08-23T07:53:29.985642+00:00
pay_7583fb49df2e43,escalate_human,skipped,0,Escalated to human review,2026-08-23T07:53:29.988238+00:00
pay_c435a704261a49,retry_now,sent,0,SIMULATED recovery action; Razorpay execution disabled for batch evaluation,2026-08-23T07:53:29.996793+00:00
pay_ec6ba30d08db4d,escalate_human,skipped,0,Escalated to human review,2026-08-23T07:53:29.999592+00:00
pay_19943116b8314c,escalate_human,skipped,0,Escalated to human review,2026-08-23T07:53:30.001566+00:00
pay_99ef3457f10941,retry_later,skipped,0,retry_later not automated yet; scheduler required,2026-08-23T07:53:30.003705+00:00
pay_bc0789d5882c4c,escalate_human,skipped,0,Escalated to human review,2026-08-23T07:53:30.006197+00:00
pay_2dd9b14cbcae4c,retry_later,skipped,0,retry_later not automated yet; scheduler required,2026-08-23T07:53:30.008371+00:00
pay_6789e50f332e45,escalate_human,skipped,0,Escalated to human review,2026-08-23T07:53:30.012648+00:00
pay_f1d67ea4b2d040,escalate_human,skipped,0,Escalated to human review,2026-08-23T07:53:30.015319+00:00
pay_3b952fa41a6642,retry_now,sent,0,SIMULATED recovery action; Razorpay execution disabled for batch evaluation,2026-08-23T07:53:30.017399+00:00
pay_87a81cc2ed8643,escalate_human,skipped,0,Escalated to human review,2026-08-23T07:53:30.019525+00:00
pay_476a0f02115048,retry_later,skipped,0,retry_later not automated yet; scheduler required,2026-08-23T07:53:30.022031+00:00
pay_815990007dd041,escalate_human,skipped,0,Escalated to human review,2026-08-23T07:53:30.023894+00:00
pay_719997839cce48,escalate_human,skipped,0,Escalated to human review,2026-08-23T07:53:30.025401+00:00
pay_756f07a8e80444,escalate_human,skipped,0,Escalated to human review,2026-08-23T07:53:30.027636+00:00
pay_4de63ce0dac049,escalate_human,skipped,0,Escalated to human review,2026-08-23T07:53:30.029632+00:00
pay_35746940215c49,escalate_human,skipped,0,Escalated to human review,2026-08-23T07:53:30.031757+00:00
pay_ba4a856830f143,retry_now,sent,0,SIMULATED recovery action; Razorpay execution disabled for batch evaluation,2026-08-23T07:53:30.033781+00:00
pay_4463614bbe6c45,retry_later,skipped,0,retry_later not automated yet; scheduler required,2026-08-23T07:53:30.036147+00:00
pay_2531470561594c,retry_now,sent,0,SIMULATED recovery action; Razorpay execution disabled for batch evaluation,2026-08-23T07:53:30.038629+00:00
pay_2411b287e2a64d,escalate_human,skipped,0,Escalated to human review,2026-08-23T07:53:30.040772+00:00
pay_c12ca86133284d,escalate_human,skipped,0,Escalated to human review,2026-08-23T07:53:30.042844+00:00
pay_0d0f68eeb6e244,retry_later,skipped,0,retry_later not automated yet; scheduler required,2026-08-23T07:53:30.044683+00:00
pay_cfbd430b58d94b,escalate_human,skipped,0,Escalated to human review,2026-08-23T07:53:30.046570+00:00
pay_44c254cbabf747,escalate_human,skipped,0,Escalated to human review,2026-08-23T07:53:30.048924+00:00
pay_f1d7b74656c145,retry_now,sent,0,SIMULATED recovery action; Razorpay execution disabled for batch evaluation,2026-08-23T07:53:30.051182+00:00
pay_9adb916bb74a47,retry_now,sent,0,SIMULATED recovery action; Razorpay execution disabled for batch evaluation,2026-08-23T07:53:30.054514+00:00
pay_32ef14b43cb44a,escalate_human,skipped,0,Escalated to human review,2026-08-23T07:53:30.056670+00:00
pay_affec597019046,retry_now,sent,0,SIMULATED recovery action; Razorpay execution disabled for batch evaluation,2026-08-23T07:53:30.058963+00:00
pay_216119fde87d4a,escalate_human,skipped,0,Escalated to human review,2026-08-23T07:53:30.061043+00:00
pay_52bf197c365e4a,retry_now,sent,0,SIMULATED recovery action; Razorpay execution disabled for batch evaluation,2026-08-23T07:53:30.063113+00:00
pay_94f071b753ef42,escalate_human,skipped,0,Escalated to human review,2026-08-23T07:53:30.065353+00:00
pay_e7e9905e95fc45,retry_now,sent,0,SIMULATED recovery action; Razorpay execution disabled for batch evaluation,2026-08-23T07:53:30.067278+00:00
pay_034312d49fa14c,retry_now,sent,0,SIMULATED recovery action; Razorpay execution disabled for batch evaluation,2026-08-23T07:53:30.069933+00:00
pay_e93fee3805e449,escalate_human,skipped,0,Escalated to human review,2026-08-23T07:53:30.072222+00:00
pay_59d6bd6a213542,escalate_human,skipped,0,Escalated to human review,2026-08-23T07:53:30.074056+00:00
pay_a3240a1f508c47,retry_now,sent,0,SIMULATED recovery action; Razorpay execution disabled for batch evaluation,2026-08-23T07:53:30.076211+00:00
pay_b24bb629a14a4b,retry_now,sent,0,SIMULATED recovery action; Razorpay execution disabled for batch evaluation,2026-08-23T07:53:30.078403+00:00
pay_6e5ff97815ce48,escalate_human,skipped,0,Escalated to human review,2026-08-23T07:53:30.080735+00:00
pay_7ca10fcce42a45,escalate_human,skipped,0,Escalated to human review,2026-08-23T07:53:30.082777+00:00
pay_2a3858d4c0e14a,retry_later,skipped,0,retry_later not automated yet; scheduler required,2026-08-23T07:53:30.084616+00:00
pay_74a4633a7fea40,retry_now,sent,0,SIMULATED recovery action; Razorpay execution disabled for batch evaluation,2026-08-23T07:53:30.087141+00:00
pay_658b789db20d41,escalate_human,skipped,0,Escalated to human review,2026-08-23T07:53:30.090113+00:00
pay_5fa331218bab45,retry_now,sent,0,SIMULATED recovery action; Razorpay execution disabled for batch evaluation,2026-08-23T07:53:30.092015+00:00
pay_8add8044a8b944,retry_now,sent,0,SIMULATED recovery action; Razorpay execution disabled for batch evaluation,2026-08-23T07:53:30.093997+00:00
pay_88d134a65b714d,escalate_human,skipped,0,Escalated to human review,2026-08-23T07:53:30.095957+00:00
pay_0e396faf32c845,retry_later,skipped,0,retry_later not automated yet; scheduler required,2026-08-23T07:53:30.099322+00:00
pay_eb9ca6b5d2b04a,escalate_human,skipped,0,Escalated to human review,2026-08-23T07:53:30.101239+00:00
pay_1c2830e255a641,escalate_human,skipped,0,Escalated to human review,2026-08-23T07:53:30.103325+00:00
pay_555df0f6b29245,escalate_human,skipped,0,Escalated to human review,2026-08-23T07:53:30.106172+00:00
pay_93ca49082e4a41,escalate_human,skipped,0,Escalated to human review,2026-08-23T07:53:30.108043+00:00
pay_4d5ed169c0dd4d,escalate_human,skipped,0,Escalated to human review,2026-08-23T07:53:30.109789+00:00
pay_6ad5efc4403e48,retry_now,sent,0,SIMULATED recovery action; Razorpay execution disabled for batch evaluation,2026-08-23T07:53:30.111709+00:00
pay_9b21693c87134e,escalate_human,skipped,0,Escalated to human review,2026-08-23T07:53:30.114152+00:00
pay_d7b68697117047,retry_later,skipped,0,retry_later not automated yet; scheduler required,2026-08-23T07:53:30.116316+00:00
pay_1b8867ff569043,retry_now,sent,0,SIMULATED recovery action; Razorpay execution disabled for batch evaluation,2026-08-23T07:53:30.118260+00:00
pay_c133b4f00f844c,retry_later,skipped,0,retry_later not automated yet; scheduler required,2026-08-23T07:53:30.121295+00:00
pay_198cc292508e4c,escalate_human,skipped,0,Escalated to human review,2026-08-23T07:53:46.749997+00:00
pay_3f54f4ed4b644d,escalate_human,skipped,0,Escalated to human review,2026-08-23T07:53:46.753909+00:00
pay_448b26a786f24f,escalate_human,skipped,0,Escalated to human review,2026-08-23T07:53:46.756961+00:00
pay_2bb17e43ca4541,escalate_human,skipped,0,Escalated to human review,2026-08-23T07:53:46.759386+00:00
pay_4744ac83dae044,escalate_human,skipped,0,Escalated to human review,2026-08-23T07:53:46.766211+00:00
pay_86f8a929396a4a,retry_now,sent,0,SIMULATED recovery action; Razorpay execution disabled for batch evaluation,2026-08-23T07:53:46.768082+00:00
pay_fad24497accc4f,escalate_human,skipped,0,Escalated to human review,2026-08-23T07:53:46.770090+00:00
pay_f5863af444e14d,retry_now,sent,0,SIMULATED recovery action; Razorpay execution disabled for batch evaluation,2026-08-23T07:53:46.771547+00:00
pay_8daa230f1bc04f,retry_now,sent,0,SIMULATED recovery action; Razorpay execution disabled for batch evaluation,2026-08-23T07:53:46.773295+00:00
pay_b0414e54d29d48,escalate_human,skipped,0,Escalated to human review,2026-08-23T07:53:46.776331+00:00
pay_df58c3ef7d5d45,escalate_human,skipped,0,Escalated to human review,2026-08-23T07:53:46.778873+00:00
pay_ee4d851071674e,retry_now,sent,0,SIMULATED recovery action; Razorpay execution disabled for batch evaluation,2026-08-23T07:53:46.782221+00:00
pay_894811081a0645,send_reminder,skipped,0,send_reminder not automated yet; notification service required,2026-08-23T07:53:46.786265+00:00
pay_b8583eec85e043,retry_later,skipped,0,retry_later not automated yet; scheduler required,2026-08-23T07:53:46.788359+00:00
pay_8762b97dbbb34c,retry_now,sent,0,SIMULATED recovery action; Razorpay execution disabled for batch evaluation,2026-08-23T07:53:46.790515+00:00
pay_541fb5b6b7e341,escalate_human,skipped,0,Escalated to human review,2026-08-23T07:53:46.792783+00:00
pay_03b9eede25884d,escalate_human,skipped,0,Escalated to human review,2026-08-23T07:53:46.795445+00:00
pay_a5da5901405d4b,retry_now,sent,0,SIMULATED recovery action; Razorpay execution disabled for batch evaluation,2026-08-23T07:53:46.798753+00:00
pay_7583fb49df2e43,escalate_human,skipped,0,Escalated to human review,2026-08-23T07:53:46.800810+00:00
pay_c435a704261a49,retry_now,sent,0,SIMULATED recovery action; Razorpay execution disabled for batch evaluation,2026-08-23T07:53:46.803521+00:00
pay_ec6ba30d08db4d,escalate_human,skipped,0,Escalated to human review,2026-08-23T07:53:46.806146+00:00
pay_19943116b8314c,escalate_human,skipped,0,Escalated to human review,2026-08-23T07:53:46.808687+00:00
pay_99ef3457f10941,retry_later,skipped,0,retry_later not automated yet; scheduler required,2026-08-23T07:53:46.811955+00:00
pay_bc0789d5882c4c,escalate_human,skipped,0,Escalated to human review,2026-08-23T07:53:46.814188+00:00
pay_2dd9b14cbcae4c,retry_later,skipped,0,retry_later not automated yet; scheduler required,2026-08-23T07:53:46.816267+00:00
pay_6789e50f332e45,escalate_human,skipped,0,Escalated to human review,2026-08-23T07:53:46.818601+00:00
pay_f1d67ea4b2d040,escalate_human,skipped,0,Escalated to human review,2026-08-23T07:53:46.820575+00:00
pay_3b952fa41a6642,retry_now,sent,0,SIMULATED recovery action; Razorpay execution disabled for batch evaluation,2026-08-23T07:53:46.822722+00:00
pay_87a81cc2ed8643,escalate_human,skipped,0,Escalated to human review,2026-08-23T07:53:46.825190+00:00
pay_476a0f02115048,retry_later,skipped,0,retry_later not automated yet; scheduler required,2026-08-23T07:53:46.826978+00:00
pay_815990007dd041,escalate_human,skipped,0,Escalated to human review,2026-08-23T07:53:46.829232+00:00
pay_719997839cce48,escalate_human,skipped,0,Escalated to human review,2026-08-23T07:53:46.831328+00:00
pay_756f07a8e80444,escalate_human,skipped,0,Escalated to human review,2026-08-23T07:53:46.833166+00:00
pay_4de63ce0dac049,escalate_human,skipped,0,Escalated to human review,2026-08-23T07:53:46.834983+00:00
pay_35746940215c49,escalate_human,skipped,0,Escalated to human review,2026-08-23T07:53:46.837009+00:00
pay_ba4a856830f143,retry_now,sent,0,SIMULATED recovery action; Razorpay execution disabled for batch evaluation,2026-08-23T07:53:46.838919+00:00
pay_4463614bbe6c45,retry_later,skipped,0,retry_later not automated yet; scheduler required,2026-08-23T07:53:46.841124+00:00
pay_2531470561594c,retry_now,sent,0,SIMULATED recovery action; Razorpay execution disabled for batch evaluation,2026-08-23T07:53:46.844016+00:00
pay_2411b287e2a64d,escalate_human,skipped,0,Escalated to human review,2026-08-23T07:53:46.846246+00:00
pay_c12ca86133284d,escalate_human,skipped,0,Escalated to human review,2026-08-23T07:53:46.848281+00:00
pay_0d0f68eeb6e244,retry_later,skipped,0,retry_later not automated yet; scheduler required,2026-08-23T07:53:46.850004+00:00
pay_cfbd430b58d94b,escalate_human,skipped,0,Escalated to human review,2026-08-23T07:53:46.852080+00:00
pay_44c254cbabf747,escalate_human,skipped,0,Escalated to human review,2026-08-23T07:53:46.855139+00:00
pay_f1d7b74656c145,retry_now,sent,0,SIMULATED recovery action; Razorpay execution disabled for batch evaluation,2026-08-23T07:53:46.858308+00:00
pay_9adb916bb74a47,retry_now,sent,0,SIMULATED recovery action; Razorpay execution disabled for batch evaluation,2026-08-23T07:53:46.864133+00:00
pay_32ef14b43cb44a,escalate_human,skipped,0,Escalated to human review,2026-08-23T07:53:46.866455+00:00
pay_affec597019046,retry_now,sent,0,SIMULATED recovery action; Razorpay execution disabled for batch evaluation,2026-08-23T07:53:46.868555+00:00
pay_216119fde87d4a,escalate_human,skipped,0,Escalated to human review,2026-08-23T07:53:46.870869+00:00
pay_52bf197c365e4a,retry_now,sent,0,SIMULATED recovery action; Razorpay execution disabled for batch evaluation,2026-08-23T07:53:46.872780+00:00
pay_94f071b753ef42,escalate_human,skipped,0,Escalated to human review,2026-08-23T07:53:46.874791+00:00
pay_e7e9905e95fc45,retry_now,sent,0,SIMULATED recovery action; Razorpay execution disabled for batch evaluation,2026-08-23T07:53:46.877347+00:00
pay_034312d49fa14c,retry_now,sent,0,SIMULATED recovery action; Razorpay execution disabled for batch evaluation,2026-08-23T07:53:46.879833+00:00
pay_e93fee3805e449,escalate_human,skipped,0,Escalated to human review,2026-08-23T07:53:46.883592+00:00
pay_59d6bd6a213542,escalate_human,skipped,0,Escalated to human review,2026-08-23T07:53:46.885423+00:00
pay_a3240a1f508c47,retry_now,sent,0,SIMULATED recovery action; Razorpay execution disabled for batch evaluation,2026-08-23T07:53:46.888015+00:00
pay_b24bb629a14a4b,retry_now,sent,0,SIMULATED recovery action; Razorpay execution disabled for batch evaluation,2026-08-23T07:53:46.891104+00:00
pay_6e5ff97815ce48,escalate_human,skipped,0,Escalated to human review,2026-08-23T07:53:46.893719+00:00
pay_7ca10fcce42a45,escalate_human,skipped,0,Escalated to human review,2026-08-23T07:53:46.897562+00:00
pay_2a3858d4c0e14a,retry_later,skipped,0,retry_later not automated yet; scheduler required,2026-08-23T07:53:46.899839+00:00
pay_74a4633a7fea40,retry_now,sent,0,SIMULATED recovery action; Razorpay execution disabled for batch evaluation,2026-08-23T07:53:46.901918+00:00
pay_658b789db20d41,escalate_human,skipped,0,Escalated to human review,2026-08-23T07:53:46.904230+00:00
pay_5fa331218bab45,retry_now,sent,0,SIMULATED recovery action; Razorpay execution disabled for batch evaluation,2026-08-23T07:53:46.906402+00:00
pay_8add8044a8b944,retry_now,sent,0,SIMULATED recovery action; Razorpay execution disabled for batch evaluation,2026-08-23T07:53:46.909298+00:00
pay_88d134a65b714d,escalate_human,skipped,0,Escalated to human review,2026-08-23T07:53:46.912536+00:00
pay_0e396faf32c845,retry_later,skipped,0,retry_later not automated yet; scheduler required,2026-08-23T07:53:46.914767+00:00
pay_eb9ca6b5d2b04a,escalate_human,skipped,0,Escalated to human review,2026-08-23T07:53:46.916879+00:00
pay_1c2830e255a641,escalate_human,skipped,0,Escalated to human review,2026-08-23T07:53:46.918757+00:00
pay_555df0f6b29245,escalate_human,skipped,0,Escalated to human review,2026-08-23T07:53:46.920715+00:00
pay_93ca49082e4a41,escalate_human,skipped,0,Escalated to human review,2026-08-23T07:53:46.922509+00:00
pay_4d5ed169c0dd4d,escalate_human,skipped,0,Escalated to human review,2026-08-23T07:53:46.925290+00:00
pay_6ad5efc4403e48,retry_now,sent,0,SIMULATED recovery action; Razorpay execution disabled for batch evaluation,2026-08-23T07:53:46.927257+00:00
pay_9b21693c87134e,escalate_human,skipped,0,Escalated to human review,2026-08-23T07:53:46.930012+00:00
pay_d7b68697117047,retry_later,skipped,0,retry_later not automated yet; scheduler required,2026-08-23T07:53:46.931933+00:00
pay_1b8867ff569043,retry_now,sent,0,SIMULATED recovery action; Razorpay execution disabled for batch evaluation,2026-08-23T07:53:46.933862+00:00
pay_c133b4f00f844c,retry_later,skipped,0,retry_later not automated yet; scheduler required,2026-08-23T07:53:46.935820+00:00
pay_198cc292508e4c,escalate_human,skipped,0,Escalated to human review,2026-08-23T07:55:43.345954+00:00
pay_3f54f4ed4b644d,escalate_human,skipped,0,Escalated to human review,2026-08-23T07:55:43.350374+00:00
pay_448b26a786f24f,escalate_human,skipped,0,Escalated to human review,2026-08-23T07:55:43.353523+00:00
pay_2bb17e43ca4541,escalate_human,skipped,0,Escalated to human review,2026-08-23T07:55:43.356722+00:00
pay_4744ac83dae044,escalate_human,skipped,0,Escalated to human review,2026-08-23T07:55:43.360788+00:00
pay_86f8a929396a4a,retry_now,sent,0,SIMULATED recovery action; Razorpay execution disabled for batch evaluation,2026-08-23T07:55:43.363654+00:00
pay_fad24497accc4f,escalate_human,skipped,0,Escalated to human review,2026-08-23T07:55:43.367787+00:00
pay_f5863af444e14d,retry_now,sent,0,SIMULATED recovery action; Razorpay execution disabled for batch evaluation,2026-08-23T07:55:43.370279+00:00
pay_8daa230f1bc04f,retry_now,sent,0,SIMULATED recovery action; Razorpay execution disabled for batch evaluation,2026-08-23T07:55:43.372510+00:00
pay_b0414e54d29d48,escalate_human,skipped,0,Escalated to human review,2026-08-23T07:55:43.375070+00:00
pay_df58c3ef7d5d45,escalate_human,skipped,0,Escalated to human review,2026-08-23T07:55:43.377806+00:00
pay_ee4d851071674e,retry_now,sent,0,SIMULATED recovery action; Razorpay execution disabled for batch evaluation,2026-08-23T07:55:43.380976+00:00
pay_894811081a0645,send_reminder,skipped,0,send_reminder not automated yet; notification service required,2026-08-23T07:55:43.383767+00:00
pay_b8583eec85e043,retry_later,skipped,0,retry_later not automated yet; scheduler required,2026-08-23T07:55:43.386504+00:00
pay_8762b97dbbb34c,retry_now,sent,0,SIMULATED recovery action; Razorpay execution disabled for batch evaluation,2026-08-23T07:55:43.389569+00:00
pay_541fb5b6b7e341,escalate_human,skipped,0,Escalated to human review,2026-08-23T07:55:43.392047+00:00
pay_03b9eede25884d,escalate_human,skipped,0,Escalated to human review,2026-08-23T07:55:43.394455+00:00
pay_a5da5901405d4b,retry_now,sent,0,SIMULATED recovery action; Razorpay execution disabled for batch evaluation,2026-08-23T07:55:43.397218+00:00
pay_7583fb49df2e43,escalate_human,skipped,0,Escalated to human review,2026-08-23T07:55:43.401068+00:00
pay_c435a704261a49,retry_now,sent,0,SIMULATED recovery action; Razorpay execution disabled for batch evaluation,2026-08-23T07:55:43.403569+00:00
pay_ec6ba30d08db4d,escalate_human,skipped,0,Escalated to human review,2026-08-23T07:55:43.405899+00:00
pay_19943116b8314c,escalate_human,skipped,0,Escalated to human review,2026-08-23T07:55:43.408198+00:00
pay_99ef3457f10941,retry_later,skipped,0,retry_later not automated yet; scheduler required,2026-08-23T07:55:43.410719+00:00
pay_bc0789d5882c4c,escalate_human,skipped,0,Escalated to human review,2026-08-23T07:55:43.413334+00:00
pay_2dd9b14cbcae4c,retry_later,skipped,0,retry_later not automated yet; scheduler required,2026-08-23T07:55:43.416444+00:00
pay_6789e50f332e45,escalate_human,skipped,0,Escalated to human review,2026-08-23T07:55:43.418820+00:00
pay_f1d67ea4b2d040,escalate_human,skipped,0,Escalated to human review,2026-08-23T07:55:43.421230+00:00
pay_3b952fa41a6642,retry_now,sent,0,SIMULATED recovery action; Razorpay execution disabled for batch evaluation,2026-08-23T07:55:43.424243+00:00
pay_87a81cc2ed8643,escalate_human,skipped,0,Escalated to human review,2026-08-23T07:55:43.426973+00:00
pay_476a0f02115048,retry_later,skipped,0,retry_later not automated yet; scheduler required,2026-08-23T07:55:43.429324+00:00
pay_815990007dd041,escalate_human,skipped,0,Escalated to human review,2026-08-23T07:55:43.432263+00:00
pay_719997839cce48,escalate_human,skipped,0,Escalated to human review,2026-08-23T07:55:43.435026+00:00
pay_756f07a8e80444,escalate_human,skipped,0,Escalated to human review,2026-08-23T07:55:43.437679+00:00
pay_4de63ce0dac049,escalate_human,skipped,0,Escalated to human review,2026-08-23T07:55:43.440171+00:00
pay_35746940215c49,escalate_human,skipped,0,Escalated to human review,2026-08-23T07:55:43.442688+00:00
pay_ba4a856830f143,retry_now,sent,0,SIMULATED recovery action; Razorpay execution disabled for batch evaluation,2026-08-23T07:55:43.445083+00:00
pay_4463614bbe6c45,retry_later,skipped,0,retry_later not automated yet; scheduler required,2026-08-23T07:55:43.447168+00:00
pay_2531470561594c,retry_now,sent,0,SIMULATED recovery action; Razorpay execution disabled for batch evaluation,2026-08-23T07:55:43.449189+00:00
pay_2411b287e2a64d,escalate_human,skipped,0,Escalated to human review,2026-08-23T07:55:43.451256+00:00
pay_c12ca86133284d,escalate_human,skipped,0,Escalated to human review,2026-08-23T07:55:43.453262+00:00
pay_0d0f68eeb6e244,retry_later,skipped,0,retry_later not automated yet; scheduler required,2026-08-23T07:55:43.455907+00:00
pay_cfbd430b58d94b,escalate_human,skipped,0,Escalated to human review,2026-08-23T07:55:43.458557+00:00
pay_44c254cbabf747,escalate_human,skipped,0,Escalated to human review,2026-08-23T07:55:43.460537+00:00
pay_f1d7b74656c145,retry_now,sent,0,SIMULATED recovery action; Razorpay execution disabled for batch evaluation,2026-08-23T07:55:43.463105+00:00
pay_9adb916bb74a47,retry_now,sent,0,SIMULATED recovery action; Razorpay execution disabled for batch evaluation,2026-08-23T07:55:43.465215+00:00
pay_32ef14b43cb44a,escalate_human,skipped,0,Escalated to human review,2026-08-23T07:55:43.468019+00:00
pay_affec597019046,retry_now,sent,0,SIMULATED recovery action; Razorpay execution disabled for batch evaluation,2026-08-23T07:55:43.470435+00:00
pay_216119fde87d4a,escalate_human,skipped,0,Escalated to human review,2026-08-23T07:55:43.472587+00:00
pay_52bf197c365e4a,retry_now,sent,0,SIMULATED recovery action; Razorpay execution disabled for batch evaluation,2026-08-23T07:55:43.474900+00:00
pay_94f071b753ef42,escalate_human,skipped,0,Escalated to human review,2026-08-23T07:55:43.477840+00:00
pay_e7e9905e95fc45,retry_now,sent,0,SIMULATED recovery action; Razorpay execution disabled for batch evaluation,2026-08-23T07:55:43.480788+00:00
pay_034312d49fa14c,retry_now,sent,0,SIMULATED recovery action; Razorpay execution disabled for batch evaluation,2026-08-23T07:55:43.483118+00:00
pay_e93fee3805e449,escalate_human,skipped,0,Escalated to human review,2026-08-23T07:55:43.485412+00:00
pay_59d6bd6a213542,escalate_human,skipped,0,Escalated to human review,2026-08-23T07:55:43.487715+00:00
pay_a3240a1f508c47,retry_now,sent,0,SIMULATED recovery action; Razorpay execution disabled for batch evaluation,2026-08-23T07:55:43.490007+00:00
pay_b24bb629a14a4b,retry_now,sent,0,SIMULATED recovery action; Razorpay execution disabled for batch evaluation,2026-08-23T07:55:43.492484+00:00
pay_6e5ff97815ce48,escalate_human,skipped,0,Escalated to human review,2026-08-23T07:55:43.496311+00:00
pay_7ca10fcce42a45,escalate_human,skipped,0,Escalated to human review,2026-08-23T07:55:43.498960+00:00
pay_2a3858d4c0e14a,retry_later,skipped,0,retry_later not automated yet; scheduler required,2026-08-23T07:55:43.501581+00:00
pay_74a4633a7fea40,retry_now,sent,0,SIMULATED recovery action; Razorpay execution disabled for batch evaluation,2026-08-23T07:55:43.504708+00:00
pay_658b789db20d41,escalate_human,skipped,0,Escalated to human review,2026-08-23T07:55:43.507999+00:00
pay_5fa331218bab45,retry_now,sent,0,SIMULATED recovery action; Razorpay execution disabled for batch evaluation,2026-08-23T07:55:43.510348+00:00
pay_8add8044a8b944,retry_now,sent,0,SIMULATED recovery action; Razorpay execution disabled for batch evaluation,2026-08-23T07:55:43.513405+00:00
pay_88d134a65b714d,escalate_human,skipped,0,Escalated to human review,2026-08-23T07:55:43.515615+00:00
pay_0e396faf32c845,retry_later,skipped,0,retry_later not automated yet; scheduler required,2026-08-23T07:55:43.517644+00:00
pay_eb9ca6b5d2b04a,escalate_human,skipped,0,Escalated to human review,2026-08-23T07:55:43.519596+00:00
pay_1c2830e255a641,escalate_human,skipped,0,Escalated to human review,2026-08-23T07:55:43.523487+00:00
pay_555df0f6b29245,escalate_human,skipped,0,Escalated to human review,2026-08-23T07:55:43.525649+00:00
pay_93ca49082e4a41,escalate_human,skipped,0,Escalated to human review,2026-08-23T07:55:43.527867+00:00
pay_4d5ed169c0dd4d,escalate_human,skipped,0,Escalated to human review,2026-08-23T07:55:43.530240+00:00
pay_6ad5efc4403e48,retry_now,sent,0,SIMULATED recovery action; Razorpay execution disabled for batch evaluation,2026-08-23T07:55:43.532417+00:00
pay_9b21693c87134e,escalate_human,skipped,0,Escalated to human review,2026-08-23T07:55:43.534559+00:00
pay_d7b68697117047,retry_later,skipped,0,retry_later not automated yet; scheduler required,2026-08-23T07:55:43.536822+00:00
pay_1b8867ff569043,retry_now,sent,0,SIMULATED recovery action; Razorpay execution disabled for batch evaluation,2026-08-23T07:55:43.538989+00:00
pay_c133b4f00f844c,retry_later,skipped,0,retry_later not automated yet; scheduler required,2026-08-23T07:55:43.541055+00:00
pay_198cc292508e4c,escalate_human,skipped,0,Escalated to human review,2026-08-23T07:56:28.478494+00:00
pay_3f54f4ed4b644d,escalate_human,skipped,0,Escalated to human review,2026-08-23T07:56:28.481816+00:00
pay_448b26a786f24f,escalate_human,skipped,0,Escalated to human review,2026-08-23T07:56:28.483719+00:00
pay_2bb17e43ca4541,escalate_human,skipped,0,Escalated to human review,2026-08-23T07:56:28.485470+00:00
pay_4744ac83dae044,escalate_human,skipped,0,Escalated to human review,2026-08-23T07:56:28.487217+00:00
pay_86f8a929396a4a,retry_now,sent,0,SIMULATED recovery action; Razorpay execution disabled for batch evaluation,2026-08-23T07:56:28.489161+00:00
pay_fad24497accc4f,escalate_human,skipped,0,Escalated to human review,2026-08-23T07:56:28.491649+00:00
pay_f5863af444e14d,retry_now,sent,0,SIMULATED recovery action; Razorpay execution disabled for batch evaluation,2026-08-23T07:56:28.493810+00:00
pay_8daa230f1bc04f,retry_now,sent,0,SIMULATED recovery action; Razorpay execution disabled for batch evaluation,2026-08-23T07:56:28.495750+00:00
pay_b0414e54d29d48,escalate_human,skipped,0,Escalated to human review,2026-08-23T07:56:28.497509+00:00
pay_df58c3ef7d5d45,escalate_human,skipped,0,Escalated to human review,2026-08-23T07:56:28.499515+00:00
pay_ee4d851071674e,retry_now,sent,0,SIMULATED recovery action; Razorpay execution disabled for batch evaluation,2026-08-23T07:56:28.502121+00:00
pay_894811081a0645,send_reminder,skipped,0,send_reminder not automated yet; notification service required,2026-08-23T07:56:28.504280+00:00
pay_b8583eec85e043,retry_later,skipped,0,retry_later not automated yet; scheduler required,2026-08-23T07:56:28.507052+00:00
pay_8762b97dbbb34c,retry_now,sent,0,SIMULATED recovery action; Razorpay execution disabled for batch evaluation,2026-08-23T07:56:28.509342+00:00
pay_541fb5b6b7e341,escalate_human,skipped,0,Escalated to human review,2026-08-23T07:56:28.511958+00:00
pay_03b9eede25884d,escalate_human,skipped,0,Escalated to human review,2026-08-23T07:56:28.514254+00:00
pay_a5da5901405d4b,retry_now,sent,0,SIMULATED recovery action; Razorpay execution disabled for batch evaluation,2026-08-23T07:56:28.516075+00:00
pay_7583fb49df2e43,escalate_human,skipped,0,Escalated to human review,2026-08-23T07:56:28.518139+00:00
pay_c435a704261a49,retry_now,sent,0,SIMULATED recovery action; Razorpay execution disabled for batch evaluation,2026-08-23T07:56:28.519945+00:00
pay_ec6ba30d08db4d,escalate_human,skipped,0,Escalated to human review,2026-08-23T07:56:28.525430+00:00
pay_19943116b8314c,escalate_human,skipped,0,Escalated to human review,2026-08-23T07:56:28.527696+00:00
pay_99ef3457f10941,retry_later,skipped,0,retry_later not automated yet; scheduler required,2026-08-23T07:56:28.529411+00:00
pay_bc0789d5882c4c,escalate_human,skipped,0,Escalated to human review,2026-08-23T07:56:28.531063+00:00
pay_2dd9b14cbcae4c,retry_later,skipped,0,retry_later not automated yet; scheduler required,2026-08-23T07:56:28.532823+00:00
pay_6789e50f332e45,escalate_human,skipped,0,Escalated to human review,2026-08-23T07:56:28.534881+00:00
pay_f1d67ea4b2d040,escalate_human,skipped,0,Escalated to human review,2026-08-23T07:56:28.536805+00:00
pay_3b952fa41a6642,retry_now,sent,0,SIMULATED recovery action; Razorpay execution disabled for batch evaluation,2026-08-23T07:56:28.539117+00:00
pay_87a81cc2ed8643,escalate_human,skipped,0,Escalated to human review,2026-08-23T07:56:28.540962+00:00
pay_476a0f02115048,retry_later,skipped,0,retry_later not automated yet; scheduler required,2026-08-23T07:56:28.543839+00:00
pay_815990007dd041,escalate_human,skipped,0,Escalated to human review,2026-08-23T07:56:28.545704+00:00
pay_719997839cce48,escalate_human,skipped,0,Escalated to human review,2026-08-23T07:56:28.547430+00:00
pay_756f07a8e80444,escalate_human,skipped,0,Escalated to human review,2026-08-23T07:56:28.549083+00:00
pay_4de63ce0dac049,escalate_human,skipped,0,Escalated to human review,2026-08-23T07:56:28.550704+00:00
pay_35746940215c49,escalate_human,skipped,0,Escalated to human review,2026-08-23T07:56:28.552484+00:00
pay_ba4a856830f143,retry_now,sent,0,SIMULATED recovery action; Razorpay execution disabled for batch evaluation,2026-08-23T07:56:28.554807+00:00
pay_4463614bbe6c45,retry_later,skipped,0,retry_later not automated yet; scheduler required,2026-08-23T07:56:28.557617+00:00
pay_2531470561594c,retry_now,sent,0,SIMULATED recovery action; Razorpay execution disabled for batch evaluation,2026-08-23T07:56:28.559445+00:00
pay_2411b287e2a64d,escalate_human,skipped,0,Escalated to human review,2026-08-23T07:56:28.560962+00:00
pay_c12ca86133284d,escalate_human,skipped,0,Escalated to human review,2026-08-23T07:56:28.562807+00:00
pay_0d0f68eeb6e244,retry_later,skipped,0,retry_later not automated yet; scheduler required,2026-08-23T07:56:28.564510+00:00
pay_cfbd430b58d94b,escalate_human,skipped,0,Escalated to human review,2026-08-23T07:56:28.566286+00:00
pay_44c254cbabf747,escalate_human,skipped,0,Escalated to human review,2026-08-23T07:56:28.567912+00:00
pay_f1d7b74656c145,retry_now,sent,0,SIMULATED recovery action; Razorpay execution disabled for batch evaluation,2026-08-23T07:56:28.570303+00:00
pay_9adb916bb74a47,retry_now,sent,0,SIMULATED recovery action; Razorpay execution disabled for batch evaluation,2026-08-23T07:56:28.572540+00:00
pay_32ef14b43cb44a,escalate_human,skipped,0,Escalated to human review,2026-08-23T07:56:28.574432+00:00
pay_affec597019046,retry_now,sent,0,SIMULATED recovery action; Razorpay execution disabled for batch evaluation,2026-08-23T07:56:28.576206+00:00
pay_216119fde87d4a,escalate_human,skipped,0,Escalated to human review,2026-08-23T07:56:28.578060+00:00
pay_52bf197c365e4a,retry_now,sent,0,SIMULATED recovery action; Razorpay execution disabled for batch evaluation,2026-08-23T07:56:28.580323+00:00
pay_94f071b753ef42,escalate_human,skipped,0,Escalated to human review,2026-08-23T07:56:28.582123+00:00
pay_e7e9905e95fc45,retry_now,sent,0,SIMULATED recovery action; Razorpay execution disabled for batch evaluation,2026-08-23T07:56:28.584013+00:00
pay_034312d49fa14c,retry_now,sent,0,SIMULATED recovery action; Razorpay execution disabled for batch evaluation,2026-08-23T07:56:28.586384+00:00
pay_e93fee3805e449,escalate_human,skipped,0,Escalated to human review,2026-08-23T07:56:28.588681+00:00
pay_59d6bd6a213542,escalate_human,skipped,0,Escalated to human review,2026-08-23T07:56:28.590735+00:00
pay_a3240a1f508c47,retry_now,sent,0,SIMULATED recovery action; Razorpay execution disabled for batch evaluation,2026-08-23T07:56:28.592783+00:00
pay_b24bb629a14a4b,retry_now,sent,0,SIMULATED recovery action; Razorpay execution disabled for batch evaluation,2026-08-23T07:56:28.594509+00:00
pay_6e5ff97815ce48,escalate_human,skipped,0,Escalated to human review,2026-08-23T07:56:28.596249+00:00
pay_7ca10fcce42a45,escalate_human,skipped,0,Escalated to human review,2026-08-23T07:56:28.597962+00:00
pay_2a3858d4c0e14a,retry_later,skipped,0,retry_later not automated yet; scheduler required,2026-08-23T07:56:28.599850+00:00
pay_74a4633a7fea40,retry_now,sent,0,SIMULATED recovery action; Razorpay execution disabled for batch evaluation,2026-08-23T07:56:28.602121+00:00
pay_658b789db20d41,escalate_human,skipped,0,Escalated to human review,2026-08-23T07:56:28.605714+00:00
pay_5fa331218bab45,retry_now,sent,0,SIMULATED recovery action; Razorpay execution disabled for batch evaluation,2026-08-23T07:56:28.607939+00:00
pay_8add8044a8b944,retry_now,sent,0,SIMULATED recovery action; Razorpay execution disabled for batch evaluation,2026-08-23T07:56:28.609796+00:00
pay_88d134a65b714d,escalate_human,skipped,0,Escalated to human review,2026-08-23T07:56:28.611545+00:00
pay_0e396faf32c845,retry_later,skipped,0,retry_later not automated yet; scheduler required,2026-08-23T07:56:28.613381+00:00
pay_eb9ca6b5d2b04a,escalate_human,skipped,0,Escalated to human review,2026-08-23T07:56:28.615450+00:00
pay_1c2830e255a641,escalate_human,skipped,0,Escalated to human review,2026-08-23T07:56:28.617747+00:00
pay_555df0f6b29245,escalate_human,skipped,0,Escalated to human review,2026-08-23T07:56:28.619646+00:00
pay_93ca49082e4a41,escalate_human,skipped,0,Escalated to human review,2026-08-23T07:56:28.621586+00:00
pay_4d5ed169c0dd4d,escalate_human,skipped,0,Escalated to human review,2026-08-23T07:56:28.623782+00:00
pay_6ad5efc4403e48,retry_now,sent,0,SIMULATED recovery action; Razorpay execution disabled for batch evaluation,2026-08-23T07:56:28.625525+00:00
pay_9b21693c87134e,escalate_human,skipped,0,Escalated to human review,2026-08-23T07:56:28.628064+00:00
pay_d7b68697117047,retry_later,skipped,0,retry_later not automated yet; scheduler required,2026-08-23T07:56:28.630047+00:00
pay_1b8867ff569043,retry_now,sent,0,SIMULATED recovery action; Razorpay execution disabled for batch evaluation,2026-08-23T07:56:28.631610+00:00
pay_c133b4f00f844c,retry_later,skipped,0,retry_later not automated yet; scheduler required,2026-08-23T07:56:28.633709+00:00
pay_198cc292508e4c,escalate_human,skipped,0,Escalated to human review,2026-08-23T07:56:41.825321+00:00
pay_3f54f4ed4b644d,escalate_human,skipped,0,Escalated to human review,2026-08-23T07:56:41.829377+00:00
pay_448b26a786f24f,escalate_human,skipped,0,Escalated to human review,2026-08-23T07:56:41.831974+00:00
pay_2bb17e43ca4541,escalate_human,skipped,0,Escalated to human review,2026-08-23T07:56:41.833933+00:00
pay_4744ac83dae044,escalate_human,skipped,0,Escalated to human review,2026-08-23T07:56:41.835756+00:00
pay_86f8a929396a4a,retry_now,sent,0,SIMULATED recovery action; Razorpay execution disabled for batch evaluation,2026-08-23T07:56:41.838095+00:00
pay_fad24497accc4f,escalate_human,skipped,0,Escalated to human review,2026-08-23T07:56:41.840206+00:00
pay_f5863af444e14d,retry_now,sent,0,SIMULATED recovery action; Razorpay execution disabled for batch evaluation,2026-08-23T07:56:41.842101+00:00
pay_8daa230f1bc04f,retry_now,sent,0,SIMULATED recovery action; Razorpay execution disabled for batch evaluation,2026-08-23T07:56:41.844008+00:00
pay_b0414e54d29d48,escalate_human,skipped,0,Escalated to human review,2026-08-23T07:56:41.846016+00:00
pay_df58c3ef7d5d45,escalate_human,skipped,0,Escalated to human review,2026-08-23T07:56:41.848076+00:00
pay_ee4d851071674e,retry_now,sent,0,SIMULATED recovery action; Razorpay execution disabled for batch evaluation,2026-08-23T07:56:41.849852+00:00
pay_894811081a0645,send_reminder,skipped,0,send_reminder not automated yet; notification service required,2026-08-23T07:56:41.851715+00:00
pay_b8583eec85e043,retry_later,skipped,0,retry_later not automated yet; scheduler required,2026-08-23T07:56:41.853633+00:00
pay_8762b97dbbb34c,retry_now,sent,0,SIMULATED recovery action; Razorpay execution disabled for batch evaluation,2026-08-23T07:56:41.855960+00:00
pay_541fb5b6b7e341,escalate_human,skipped,0,Escalated to human review,2026-08-23T07:56:41.858811+00:00
pay_03b9eede25884d,escalate_human,skipped,0,Escalated to human review,2026-08-23T07:56:41.860734+00:00
pay_a5da5901405d4b,retry_now,sent,0,SIMULATED recovery action; Razorpay execution disabled for batch evaluation,2026-08-23T07:56:41.862846+00:00
pay_7583fb49df2e43,escalate_human,skipped,0,Escalated to human review,2026-08-23T07:56:41.864609+00:00
pay_c435a704261a49,retry_now,sent,0,SIMULATED recovery action; Razorpay execution disabled for batch evaluation,2026-08-23T07:56:41.866316+00:00
pay_ec6ba30d08db4d,escalate_human,skipped,0,Escalated to human review,2026-08-23T07:56:41.867859+00:00
pay_19943116b8314c,escalate_human,skipped,0,Escalated to human review,2026-08-23T07:56:41.870265+00:00
pay_99ef3457f10941,retry_later,skipped,0,retry_later not automated yet; scheduler required,2026-08-23T07:56:41.872789+00:00
pay_bc0789d5882c4c,escalate_human,skipped,0,Escalated to human review,2026-08-23T07:56:41.876859+00:00
pay_2dd9b14cbcae4c,retry_later,skipped,0,retry_later not automated yet; scheduler required,2026-08-23T07:56:41.878844+00:00
pay_6789e50f332e45,escalate_human,skipped,0,Escalated to human review,2026-08-23T07:56:41.880612+00:00
pay_f1d67ea4b2d040,escalate_human,skipped,0,Escalated to human review,2026-08-23T07:56:41.882362+00:00
pay_3b952fa41a6642,retry_now,sent,0,SIMULATED recovery action; Razorpay execution disabled for batch evaluation,2026-08-23T07:56:41.884147+00:00
pay_87a81cc2ed8643,escalate_human,skipped,0,Escalated to human review,2026-08-23T07:56:41.886221+00:00
pay_476a0f02115048,retry_later,skipped,0,retry_later not automated yet; scheduler required,2026-08-23T07:56:41.888701+00:00
pay_815990007dd041,escalate_human,skipped,0,Escalated to human review,2026-08-23T07:56:41.891756+00:00
pay_719997839cce48,escalate_human,skipped,0,Escalated to human review,2026-08-23T07:56:41.894546+00:00
pay_756f07a8e80444,escalate_human,skipped,0,Escalated to human review,2026-08-23T07:56:41.897385+00:00
pay_4de63ce0dac049,escalate_human,skipped,0,Escalated to human review,2026-08-23T07:56:41.899901+00:00
pay_35746940215c49,escalate_human,skipped,0,Escalated to human review,2026-08-23T07:56:41.902040+00:00
pay_ba4a856830f143,retry_now,sent,0,SIMULATED recovery action; Razorpay execution disabled for batch evaluation,2026-08-23T07:56:41.904254+00:00
pay_4463614bbe6c45,retry_later,skipped,0,retry_later not automated yet; scheduler required,2026-08-23T07:56:41.906397+00:00
pay_2531470561594c,retry_now,sent,0,SIMULATED recovery action; Razorpay execution disabled for batch evaluation,2026-08-23T07:56:41.908541+00:00
pay_2411b287e2a64d,escalate_human,skipped,0,Escalated to human review,2026-08-23T07:56:41.910591+00:00
pay_c12ca86133284d,escalate_human,skipped,0,Escalated to human review,2026-08-23T07:56:41.912416+00:00
pay_0d0f68eeb6e244,retry_later,skipped,0,retry_later not automated yet; scheduler required,2026-08-23T07:56:41.914255+00:00
pay_cfbd430b58d94b,escalate_human,skipped,0,Escalated to human review,2026-08-23T07:56:41.916022+00:00
pay_44c254cbabf747,escalate_human,skipped,0,Escalated to human review,2026-08-23T07:56:41.918901+00:00
pay_f1d7b74656c145,retry_now,sent,0,SIMULATED recovery action; Razorpay execution disabled for batch evaluation,2026-08-23T07:56:41.922062+00:00
pay_9adb916bb74a47,retry_now,sent,0,SIMULATED recovery action; Razorpay execution disabled for batch evaluation,2026-08-23T07:56:41.924400+00:00
pay_32ef14b43cb44a,escalate_human,skipped,0,Escalated to human review,2026-08-23T07:56:41.926257+00:00
pay_affec597019046,retry_now,sent,0,SIMULATED recovery action; Razorpay execution disabled for batch evaluation,2026-08-23T07:56:41.927735+00:00
pay_216119fde87d4a,escalate_human,skipped,0,Escalated to human review,2026-08-23T07:56:41.929708+00:00
pay_52bf197c365e4a,retry_now,sent,0,SIMULATED recovery action; Razorpay execution disabled for batch evaluation,2026-08-23T07:56:41.931458+00:00
pay_94f071b753ef42,escalate_human,skipped,0,Escalated to human review,2026-08-23T07:56:41.933108+00:00
pay_e7e9905e95fc45,retry_now,sent,0,SIMULATED recovery action; Razorpay execution disabled for batch evaluation,2026-08-23T07:56:41.934991+00:00
pay_034312d49fa14c,retry_now,sent,0,SIMULATED recovery action; Razorpay execution disabled for batch evaluation,2026-08-23T07:56:41.937213+00:00
pay_e93fee3805e449,escalate_human,skipped,0,Escalated to human review,2026-08-23T07:56:41.939420+00:00
pay_59d6bd6a213542,escalate_human,skipped,0,Escalated to human review,2026-08-23T07:56:41.943904+00:00
pay_a3240a1f508c47,retry_now,sent,0,SIMULATED recovery action; Razorpay execution disabled for batch evaluation,2026-08-23T07:56:41.945835+00:00
pay_b24bb629a14a4b,retry_now,sent,0,SIMULATED recovery action; Razorpay execution disabled for batch evaluation,2026-08-23T07:56:41.947595+00:00
pay_6e5ff97815ce48,escalate_human,skipped,0,Escalated to human review,2026-08-23T07:56:41.949393+00:00
pay_7ca10fcce42a45,escalate_human,skipped,0,Escalated to human review,2026-08-23T07:56:41.951172+00:00
pay_2a3858d4c0e14a,retry_later,skipped,0,retry_later not automated yet; scheduler required,2026-08-23T07:56:41.953143+00:00
pay_74a4633a7fea40,retry_now,sent,0,SIMULATED recovery action; Razorpay execution disabled for batch evaluation,2026-08-23T07:56:41.955358+00:00
pay_658b789db20d41,escalate_human,skipped,0,Escalated to human review,2026-08-23T07:56:41.957278+00:00
pay_5fa331218bab45,retry_now,sent,0,SIMULATED recovery action; Razorpay execution disabled for batch evaluation,2026-08-23T07:56:41.959133+00:00
pay_8add8044a8b944,retry_now,sent,0,SIMULATED recovery action; Razorpay execution disabled for batch evaluation,2026-08-23T07:56:41.960981+00:00
pay_88d134a65b714d,escalate_human,skipped,0,Escalated to human review,2026-08-23T07:56:41.962714+00:00
pay_0e396faf32c845,retry_later,skipped,0,retry_later not automated yet; scheduler required,2026-08-23T07:56:41.964468+00:00
pay_eb9ca6b5d2b04a,escalate_human,skipped,0,Escalated to human review,2026-08-23T07:56:41.968412+00:00
pay_1c2830e255a641,escalate_human,skipped,0,Escalated to human review,2026-08-23T07:56:41.971339+00:00
pay_555df0f6b29245,escalate_human,skipped,0,Escalated to human review,2026-08-23T07:56:41.974487+00:00
pay_93ca49082e4a41,escalate_human,skipped,0,Escalated to human review,2026-08-23T07:56:41.976646+00:00
pay_4d5ed169c0dd4d,escalate_human,skipped,0,Escalated to human review,2026-08-23T07:56:41.978549+00:00
pay_6ad5efc4403e48,retry_now,sent,0,SIMULATED recovery action; Razorpay execution disabled for batch evaluation,2026-08-23T07:56:41.980399+00:00
pay_9b21693c87134e,escalate_human,skipped,0,Escalated to human review,2026-08-23T07:56:41.982149+00:00
pay_d7b68697117047,retry_later,skipped,0,retry_later not automated yet; scheduler required,2026-08-23T07:56:41.984151+00:00
pay_1b8867ff569043,retry_now,sent,0,SIMULATED recovery action; Razorpay execution disabled for batch evaluation,2026-08-23T07:56:41.986161+00:00
pay_c133b4f00f844c,retry_later,skipped,0,retry_later not automated yet; scheduler required,2026-08-23T07:56:41.995206+00:00
pay_198cc292508e4c,escalate_human,skipped,0,Escalated to human review,2026-08-23T07:59:06.903338+00:00
pay_3f54f4ed4b644d,escalate_human,skipped,0,Escalated to human review,2026-08-23T07:59:06.906731+00:00
pay_448b26a786f24f,escalate_human,skipped,0,Escalated to human review,2026-08-23T07:59:06.909235+00:00
pay_2bb17e43ca4541,escalate_human,skipped,0,Escalated to human review,2026-08-23T07:59:06.911893+00:00
pay_4744ac83dae044,escalate_human,skipped,0,Escalated to human review,2026-08-23T07:59:06.914391+00:00
pay_86f8a929396a4a,retry_now,sent,0,SIMULATED recovery action; Razorpay execution disabled for batch evaluation,2026-08-23T07:59:06.916941+00:00
pay_fad24497accc4f,escalate_human,skipped,0,Escalated to human review,2026-08-23T07:59:06.919432+00:00
pay_f5863af444e14d,retry_now,sent,0,SIMULATED recovery action; Razorpay execution disabled for batch evaluation,2026-08-23T07:59:06.922000+00:00
pay_8daa230f1bc04f,retry_now,sent,0,SIMULATED recovery action; Razorpay execution disabled for batch evaluation,2026-08-23T07:59:06.924514+00:00
pay_b0414e54d29d48,escalate_human,skipped,0,Escalated to human review,2026-08-23T07:59:06.927491+00:00
pay_df58c3ef7d5d45,escalate_human,skipped,0,Escalated to human review,2026-08-23T07:59:06.929808+00:00
pay_ee4d851071674e,retry_now,sent,0,SIMULATED recovery action; Razorpay execution disabled for batch evaluation,2026-08-23T07:59:06.932086+00:00
pay_894811081a0645,send_reminder,skipped,0,send_reminder not automated yet; notification service required,2026-08-23T07:59:06.934952+00:00
pay_b8583eec85e043,retry_later,skipped,0,retry_later not automated yet; scheduler required,2026-08-23T07:59:06.937215+00:00
pay_8762b97dbbb34c,retry_now,sent,0,SIMULATED recovery action; Razorpay execution disabled for batch evaluation,2026-08-23T07:59:06.939639+00:00
pay_541fb5b6b7e341,escalate_human,skipped,0,Escalated to human review,2026-08-23T07:59:06.942002+00:00
pay_03b9eede25884d,escalate_human,skipped,0,Escalated to human review,2026-08-23T07:59:06.944189+00:00
pay_a5da5901405d4b,retry_now,sent,0,SIMULATED recovery action; Razorpay execution disabled for batch evaluation,2026-08-23T07:59:06.949330+00:00
pay_7583fb49df2e43,escalate_human,skipped,0,Escalated to human review,2026-08-23T07:59:06.952226+00:00
pay_c435a704261a49,retry_now,sent,0,SIMULATED recovery action; Razorpay execution disabled for batch evaluation,2026-08-23T07:59:06.954574+00:00
pay_ec6ba30d08db4d,escalate_human,skipped,0,Escalated to human review,2026-08-23T07:59:06.956767+00:00
pay_19943116b8314c,escalate_human,skipped,0,Escalated to human review,2026-08-23T07:59:06.959086+00:00
pay_99ef3457f10941,retry_later,skipped,0,retry_later not automated yet; scheduler required,2026-08-23T07:59:06.961684+00:00
pay_bc0789d5882c4c,escalate_human,skipped,0,Escalated to human review,2026-08-23T07:59:06.964021+00:00
pay_2dd9b14cbcae4c,retry_later,skipped,0,retry_later not automated yet; scheduler required,2026-08-23T07:59:06.967360+00:00
pay_6789e50f332e45,escalate_human,skipped,0,Escalated to human review,2026-08-23T07:59:06.970556+00:00
pay_f1d67ea4b2d040,escalate_human,skipped,0,Escalated to human review,2026-08-23T07:59:06.972826+00:00
pay_3b952fa41a6642,retry_now,sent,0,SIMULATED recovery action; Razorpay execution disabled for batch evaluation,2026-08-23T07:59:06.975012+00:00
pay_87a81cc2ed8643,escalate_human,skipped,0,Escalated to human review,2026-08-23T07:59:06.977554+00:00
pay_476a0f02115048,retry_later,skipped,0,retry_later not automated yet; scheduler required,2026-08-23T07:59:06.980115+00:00
pay_815990007dd041,escalate_human,skipped,0,Escalated to human review,2026-08-23T07:59:06.983033+00:00
pay_719997839cce48,escalate_human,skipped,0,Escalated to human review,2026-08-23T07:59:06.986097+00:00
pay_756f07a8e80444,escalate_human,skipped,0,Escalated to human review,2026-08-23T07:59:06.989378+00:00
pay_4de63ce0dac049,escalate_human,skipped,0,Escalated to human review,2026-08-23T07:59:06.991253+00:00
pay_35746940215c49,escalate_human,skipped,0,Escalated to human review,2026-08-23T07:59:06.993490+00:00
pay_ba4a856830f143,retry_now,sent,0,SIMULATED recovery action; Razorpay execution disabled for batch evaluation,2026-08-23T07:59:06.996785+00:00
pay_4463614bbe6c45,retry_later,skipped,0,retry_later not automated yet; scheduler required,2026-08-23T07:59:06.999753+00:00
pay_2531470561594c,retry_now,sent,0,SIMULATED recovery action; Razorpay execution disabled for batch evaluation,2026-08-23T07:59:07.002074+00:00
pay_2411b287e2a64d,escalate_human,skipped,0,Escalated to human review,2026-08-23T07:59:07.005954+00:00
pay_c12ca86133284d,escalate_human,skipped,0,Escalated to human review,2026-08-23T07:59:07.008448+00:00
pay_0d0f68eeb6e244,retry_later,skipped,0,retry_later not automated yet; scheduler required,2026-08-23T07:59:07.014870+00:00
pay_cfbd430b58d94b,escalate_human,skipped,0,Escalated to human review,2026-08-23T07:59:07.018023+00:00
pay_44c254cbabf747,escalate_human,skipped,0,Escalated to human review,2026-08-23T07:59:07.020566+00:00
pay_f1d7b74656c145,retry_now,sent,0,SIMULATED recovery action; Razorpay execution disabled for batch evaluation,2026-08-23T07:59:07.023439+00:00
pay_9adb916bb74a47,retry_now,sent,0,SIMULATED recovery action; Razorpay execution disabled for batch evaluation,2026-08-23T07:59:07.026568+00:00
pay_32ef14b43cb44a,escalate_human,skipped,0,Escalated to human review,2026-08-23T07:59:07.028698+00:00
pay_affec597019046,retry_now,sent,0,SIMULATED recovery action; Razorpay execution disabled for batch evaluation,2026-08-23T07:59:07.030704+00:00
pay_216119fde87d4a,escalate_human,skipped,0,Escalated to human review,2026-08-23T07:59:07.033875+00:00
pay_52bf197c365e4a,retry_now,sent,0,SIMULATED recovery action; Razorpay execution disabled for batch evaluation,2026-08-23T07:59:07.038362+00:00
pay_94f071b753ef42,escalate_human,skipped,0,Escalated to human review,2026-08-23T07:59:07.040605+00:00
pay_e7e9905e95fc45,retry_now,sent,0,SIMULATED recovery action; Razorpay execution disabled for batch evaluation,2026-08-23T07:59:07.042915+00:00
pay_034312d49fa14c,retry_now,sent,0,SIMULATED recovery action; Razorpay execution disabled for batch evaluation,2026-08-23T07:59:07.045322+00:00
pay_e93fee3805e449,escalate_human,skipped,0,Escalated to human review,2026-08-23T07:59:07.047940+00:00
pay_59d6bd6a213542,escalate_human,skipped,0,Escalated to human review,2026-08-23T07:59:07.051606+00:00
pay_a3240a1f508c47,retry_now,sent,0,SIMULATED recovery action; Razorpay execution disabled for batch evaluation,2026-08-23T07:59:07.054113+00:00
pay_b24bb629a14a4b,retry_now,sent,0,SIMULATED recovery action; Razorpay execution disabled for batch evaluation,2026-08-23T07:59:07.056820+00:00
pay_6e5ff97815ce48,escalate_human,skipped,0,Escalated to human review,2026-08-23T07:59:07.060011+00:00
pay_7ca10fcce42a45,escalate_human,skipped,0,Escalated to human review,2026-08-23T07:59:07.061990+00:00
pay_2a3858d4c0e14a,retry_later,skipped,0,retry_later not automated yet; scheduler required,2026-08-23T07:59:07.063875+00:00
pay_74a4633a7fea40,retry_now,sent,0,SIMULATED recovery action; Razorpay execution disabled for batch evaluation,2026-08-23T07:59:07.066567+00:00
pay_658b789db20d41,escalate_human,skipped,0,Escalated to human review,2026-08-23T07:59:07.069462+00:00
pay_5fa331218bab45,retry_now,sent,0,SIMULATED recovery action; Razorpay execution disabled for batch evaluation,2026-08-23T07:59:07.072344+00:00
pay_8add8044a8b944,retry_now,sent,0,SIMULATED recovery action; Razorpay execution disabled for batch evaluation,2026-08-23T07:59:07.074739+00:00
pay_88d134a65b714d,escalate_human,skipped,0,Escalated to human review,2026-08-23T07:59:07.076874+00:00
pay_0e396faf32c845,retry_later,skipped,0,retry_later not automated yet; scheduler required,2026-08-23T07:59:07.079012+00:00
pay_eb9ca6b5d2b04a,escalate_human,skipped,0,Escalated to human review,2026-08-23T07:59:07.081465+00:00
pay_1c2830e255a641,escalate_human,skipped,0,Escalated to human review,2026-08-23T07:59:07.083887+00:00
pay_555df0f6b29245,escalate_human,skipped,0,Escalated to human review,2026-08-23T07:59:07.086300+00:00
pay_93ca49082e4a41,escalate_human,skipped,0,Escalated to human review,2026-08-23T07:59:07.088259+00:00
pay_4d5ed169c0dd4d,escalate_human,skipped,0,Escalated to human review,2026-08-23T07:59:07.090470+00:00
pay_6ad5efc4403e48,retry_now,sent,0,SIMULATED recovery action; Razorpay execution disabled for batch evaluation,2026-08-23T07:59:07.093746+00:00
pay_9b21693c87134e,escalate_human,skipped,0,Escalated to human review,2026-08-23T07:59:07.095888+00:00
pay_d7b68697117047,retry_later,skipped,0,retry_later not automated yet; scheduler required,2026-08-23T07:59:07.098292+00:00
pay_1b8867ff569043,retry_now,sent,0,SIMULATED recovery action; Razorpay execution disabled for batch evaluation,2026-08-23T07:59:07.101214+00:00
pay_c133b4f00f844c,retry_later,skipped,0,retry_later not automated yet; scheduler required,2026-08-23T07:59:07.104294+00:00
pay_198cc292508e4c,escalate_human,skipped,0,Escalated to human review,2026-08-23T08:00:03.796319+00:00
pay_3f54f4ed4b644d,escalate_human,skipped,0,Escalated to human review,2026-08-23T08:00:03.799937+00:00
pay_448b26a786f24f,escalate_human,skipped,0,Escalated to human review,2026-08-23T08:00:03.802564+00:00
pay_2bb17e43ca4541,escalate_human,skipped,0,Escalated to human review,2026-08-23T08:00:03.805739+00:00
pay_4744ac83dae044,escalate_human,skipped,0,Escalated to human review,2026-08-23T08:00:03.807773+00:00
pay_86f8a929396a4a,retry_now,sent,0,SIMULATED recovery action; Razorpay execution disabled for batch evaluation,2026-08-23T08:00:03.810380+00:00
pay_fad24497accc4f,escalate_human,skipped,0,Escalated to human review,2026-08-23T08:00:03.812631+00:00
pay_f5863af444e14d,retry_now,sent,0,SIMULATED recovery action; Razorpay execution disabled for batch evaluation,2026-08-23T08:00:03.814826+00:00
pay_8daa230f1bc04f,retry_now,sent,0,SIMULATED recovery action; Razorpay execution disabled for batch evaluation,2026-08-23T08:00:03.817217+00:00
pay_b0414e54d29d48,escalate_human,skipped,0,Escalated to human review,2026-08-23T08:00:03.819322+00:00
pay_df58c3ef7d5d45,escalate_human,skipped,0,Escalated to human review,2026-08-23T08:00:03.821340+00:00
pay_ee4d851071674e,retry_now,sent,0,SIMULATED recovery action; Razorpay execution disabled for batch evaluation,2026-08-23T08:00:03.825520+00:00
pay_894811081a0645,send_reminder,skipped,0,send_reminder not automated yet; notification service required,2026-08-23T08:00:03.836616+00:00
pay_b8583eec85e043,retry_later,skipped,0,retry_later not automated yet; scheduler required,2026-08-23T08:00:03.840335+00:00
pay_8762b97dbbb34c,retry_now,sent,0,SIMULATED recovery action; Razorpay execution disabled for batch evaluation,2026-08-23T08:00:03.845153+00:00
pay_541fb5b6b7e341,escalate_human,skipped,0,Escalated to human review,2026-08-23T08:00:03.847893+00:00
pay_03b9eede25884d,escalate_human,skipped,0,Escalated to human review,2026-08-23T08:00:03.850200+00:00
pay_a5da5901405d4b,retry_now,sent,0,SIMULATED recovery action; Razorpay execution disabled for batch evaluation,2026-08-23T08:00:03.852552+00:00
pay_7583fb49df2e43,escalate_human,skipped,0,Escalated to human review,2026-08-23T08:00:03.854773+00:00
pay_c435a704261a49,retry_now,sent,0,SIMULATED recovery action; Razorpay execution disabled for batch evaluation,2026-08-23T08:00:03.856804+00:00
pay_ec6ba30d08db4d,escalate_human,skipped,0,Escalated to human review,2026-08-23T08:00:03.859860+00:00
pay_19943116b8314c,escalate_human,skipped,0,Escalated to human review,2026-08-23T08:00:03.862058+00:00
pay_99ef3457f10941,retry_later,skipped,0,retry_later not automated yet; scheduler required,2026-08-23T08:00:03.864175+00:00
pay_bc0789d5882c4c,escalate_human,skipped,0,Escalated to human review,2026-08-23T08:00:03.866174+00:00
pay_2dd9b14cbcae4c,retry_later,skipped,0,retry_later not automated yet; scheduler required,2026-08-23T08:00:03.868611+00:00
pay_6789e50f332e45,escalate_human,skipped,0,Escalated to human review,2026-08-23T08:00:03.872915+00:00
pay_f1d67ea4b2d040,escalate_human,skipped,0,Escalated to human review,2026-08-23T08:00:03.876003+00:00
pay_3b952fa41a6642,retry_now,sent,0,SIMULATED recovery action; Razorpay execution disabled for batch evaluation,2026-08-23T08:00:03.878266+00:00
pay_87a81cc2ed8643,escalate_human,skipped,0,Escalated to human review,2026-08-23T08:00:03.880261+00:00
pay_476a0f02115048,retry_later,skipped,0,retry_later not automated yet; scheduler required,2026-08-23T08:00:03.881926+00:00
pay_815990007dd041,escalate_human,skipped,0,Escalated to human review,2026-08-23T08:00:03.884258+00:00
pay_719997839cce48,escalate_human,skipped,0,Escalated to human review,2026-08-23T08:00:03.886336+00:00
pay_756f07a8e80444,escalate_human,skipped,0,Escalated to human review,2026-08-23T08:00:03.888604+00:00
pay_4de63ce0dac049,escalate_human,skipped,0,Escalated to human review,2026-08-23T08:00:03.890666+00:00
pay_35746940215c49,escalate_human,skipped,0,Escalated to human review,2026-08-23T08:00:03.892976+00:00
pay_ba4a856830f143,retry_now,sent,0,SIMULATED recovery action; Razorpay execution disabled for batch evaluation,2026-08-23T08:00:03.896223+00:00
pay_4463614bbe6c45,retry_later,skipped,0,retry_later not automated yet; scheduler required,2026-08-23T08:00:03.898142+00:00
pay_2531470561594c,retry_now,sent,0,SIMULATED recovery action; Razorpay execution disabled for batch evaluation,2026-08-23T08:00:03.899818+00:00
pay_2411b287e2a64d,escalate_human,skipped,0,Escalated to human review,2026-08-23T08:00:03.901839+00:00
pay_c12ca86133284d,escalate_human,skipped,0,Escalated to human review,2026-08-23T08:00:03.904159+00:00
pay_0d0f68eeb6e244,retry_later,skipped,0,retry_later not automated yet; scheduler required,2026-08-23T08:00:03.906802+00:00
pay_cfbd430b58d94b,escalate_human,skipped,0,Escalated to human review,2026-08-23T08:00:03.909001+00:00
pay_44c254cbabf747,escalate_human,skipped,0,Escalated to human review,2026-08-23T08:00:03.911355+00:00
pay_f1d7b74656c145,retry_now,sent,0,SIMULATED recovery action; Razorpay execution disabled for batch evaluation,2026-08-23T08:00:03.913413+00:00
pay_9adb916bb74a47,retry_now,sent,0,SIMULATED recovery action; Razorpay execution disabled for batch evaluation,2026-08-23T08:00:03.915404+00:00
pay_32ef14b43cb44a,escalate_human,skipped,0,Escalated to human review,2026-08-23T08:00:03.917342+00:00
pay_affec597019046,retry_now,sent,0,SIMULATED recovery action; Razorpay execution disabled for batch evaluation,2026-08-23T08:00:03.919127+00:00
pay_216119fde87d4a,escalate_human,skipped,0,Escalated to human review,2026-08-23T08:00:03.922143+00:00
pay_52bf197c365e4a,retry_now,sent,0,SIMULATED recovery action; Razorpay execution disabled for batch evaluation,2026-08-23T08:00:03.924285+00:00
pay_94f071b753ef42,escalate_human,skipped,0,Escalated to human review,2026-08-23T08:00:03.926709+00:00
pay_e7e9905e95fc45,retry_now,sent,0,SIMULATED recovery action; Razorpay execution disabled for batch evaluation,2026-08-23T08:00:03.928876+00:00
pay_034312d49fa14c,retry_now,sent,0,SIMULATED recovery action; Razorpay execution disabled for batch evaluation,2026-08-23T08:00:03.930806+00:00
pay_e93fee3805e449,escalate_human,skipped,0,Escalated to human review,2026-08-23T08:00:03.932785+00:00
pay_59d6bd6a213542,escalate_human,skipped,0,Escalated to human review,2026-08-23T08:00:03.934793+00:00
pay_a3240a1f508c47,retry_now,sent,0,SIMULATED recovery action; Razorpay execution disabled for batch evaluation,2026-08-23T08:00:03.937340+00:00
pay_b24bb629a14a4b,retry_now,sent,0,SIMULATED recovery action; Razorpay execution disabled for batch evaluation,2026-08-23T08:00:03.939302+00:00
pay_6e5ff97815ce48,escalate_human,skipped,0,Escalated to human review,2026-08-23T08:00:03.941232+00:00
pay_7ca10fcce42a45,escalate_human,skipped,0,Escalated to human review,2026-08-23T08:00:03.943716+00:00
pay_2a3858d4c0e14a,retry_later,skipped,0,retry_later not automated yet; scheduler required,2026-08-23T08:00:03.947745+00:00
pay_74a4633a7fea40,retry_now,sent,0,SIMULATED recovery action; Razorpay execution disabled for batch evaluation,2026-08-23T08:00:03.949846+00:00
pay_658b789db20d41,escalate_human,skipped,0,Escalated to human review,2026-08-23T08:00:03.952741+00:00
pay_5fa331218bab45,retry_now,sent,0,SIMULATED recovery action; Razorpay execution disabled for batch evaluation,2026-08-23T08:00:03.955785+00:00
pay_8add8044a8b944,retry_now,sent,0,SIMULATED recovery action; Razorpay execution disabled for batch evaluation,2026-08-23T08:00:03.961699+00:00
pay_88d134a65b714d,escalate_human,skipped,0,Escalated to human review,2026-08-23T08:00:03.965724+00:00
pay_0e396faf32c845,retry_later,skipped,0,retry_later not automated yet; scheduler required,2026-08-23T08:00:03.969219+00:00
pay_eb9ca6b5d2b04a,escalate_human,skipped,0,Escalated to human review,2026-08-23T08:00:03.971917+00:00
pay_1c2830e255a641,escalate_human,skipped,0,Escalated to human review,2026-08-23T08:00:03.974719+00:00
pay_555df0f6b29245,escalate_human,skipped,0,Escalated to human review,2026-08-23T08:00:03.979093+00:00
pay_93ca49082e4a41,escalate_human,skipped,0,Escalated to human review,2026-08-23T08:00:03.981469+00:00
pay_4d5ed169c0dd4d,escalate_human,skipped,0,Escalated to human review,2026-08-23T08:00:03.983994+00:00
pay_6ad5efc4403e48,retry_now,sent,0,SIMULATED recovery action; Razorpay execution disabled for batch evaluation,2026-08-23T08:00:03.985838+00:00
pay_9b21693c87134e,escalate_human,skipped,0,Escalated to human review,2026-08-23T08:00:03.987696+00:00
pay_d7b68697117047,retry_later,skipped,0,retry_later not automated yet; scheduler required,2026-08-23T08:00:03.989576+00:00
pay_1b8867ff569043,retry_now,sent,0,SIMULATED recovery action; Razorpay execution disabled for batch evaluation,2026-08-23T08:00:03.991771+00:00
pay_c133b4f00f844c,retry_later,skipped,0,retry_later not automated yet; scheduler required,2026-08-23T08:00:03.993744+00:00
pay_198cc292508e4c,escalate_human,skipped,0,Escalated to human review,2026-08-23T08:22:18.593069+00:00
pay_3f54f4ed4b644d,escalate_human,skipped,0,Escalated to human review,2026-08-23T08:22:18.598292+00:00
pay_448b26a786f24f,escalate_human,skipped,0,Escalated to human review,2026-08-23T08:22:18.601421+00:00
pay_2bb17e43ca4541,escalate_human,skipped,0,Escalated to human review,2026-08-23T08:22:18.603446+00:00
pay_4744ac83dae044,escalate_human,skipped,0,Escalated to human review,2026-08-23T08:22:18.605165+00:00
pay_86f8a929396a4a,retry_now,sent,0,SIMULATED recovery action; Razorpay execution disabled for batch evaluation,2026-08-23T08:22:18.607242+00:00
pay_fad24497accc4f,escalate_human,skipped,0,Escalated to human review,2026-08-23T08:22:18.609055+00:00
pay_f5863af444e14d,retry_now,sent,0,SIMULATED recovery action; Razorpay execution disabled for batch evaluation,2026-08-23T08:22:18.611326+00:00
pay_8daa230f1bc04f,retry_now,sent,0,SIMULATED recovery action; Razorpay execution disabled for batch evaluation,2026-08-23T08:22:18.613183+00:00
pay_b0414e54d29d48,escalate_human,skipped,0,Escalated to human review,2026-08-23T08:22:18.615364+00:00
pay_df58c3ef7d5d45,escalate_human,skipped,0,Escalated to human review,2026-08-23T08:22:18.620937+00:00
pay_ee4d851071674e,retry_now,sent,0,SIMULATED recovery action; Razorpay execution disabled for batch evaluation,2026-08-23T08:22:18.623449+00:00
pay_894811081a0645,send_reminder,skipped,0,send_reminder not automated yet; notification service required,2026-08-23T08:22:18.625366+00:00
pay_b8583eec85e043,retry_later,skipped,0,retry_later not automated yet; scheduler required,2026-08-23T08:22:18.627332+00:00
pay_8762b97dbbb34c,retry_now,sent,0,SIMULATED recovery action; Razorpay execution disabled for batch evaluation,2026-08-23T08:22:18.629058+00:00
pay_541fb5b6b7e341,escalate_human,skipped,0,Escalated to human review,2026-08-23T08:22:18.630953+00:00
pay_03b9eede25884d,escalate_human,skipped,0,Escalated to human review,2026-08-23T08:22:18.633167+00:00
pay_a5da5901405d4b,retry_now,sent,0,SIMULATED recovery action; Razorpay execution disabled for batch evaluation,2026-08-23T08:22:18.635512+00:00
pay_7583fb49df2e43,escalate_human,skipped,0,Escalated to human review,2026-08-23T08:22:18.647668+00:00
pay_c435a704261a49,retry_now,sent,0,SIMULATED recovery action; Razorpay execution disabled for batch evaluation,2026-08-23T08:22:18.651325+00:00
pay_ec6ba30d08db4d,escalate_human,skipped,0,Escalated to human review,2026-08-23T08:22:18.653914+00:00
pay_19943116b8314c,escalate_human,skipped,0,Escalated to human review,2026-08-23T08:22:18.655545+00:00
pay_99ef3457f10941,retry_later,skipped,0,retry_later not automated yet; scheduler required,2026-08-23T08:22:18.657482+00:00
pay_bc0789d5882c4c,escalate_human,skipped,0,Escalated to human review,2026-08-23T08:22:18.659325+00:00
pay_2dd9b14cbcae4c,retry_later,skipped,0,retry_later not automated yet; scheduler required,2026-08-23T08:22:18.661182+00:00
pay_6789e50f332e45,escalate_human,skipped,0,Escalated to human review,2026-08-23T08:22:18.666298+00:00
pay_f1d67ea4b2d040,escalate_human,skipped,0,Escalated to human review,2026-08-23T08:22:18.668837+00:00
pay_3b952fa41a6642,retry_now,sent,0,SIMULATED recovery action; Razorpay execution disabled for batch evaluation,2026-08-23T08:22:18.670846+00:00
pay_87a81cc2ed8643,escalate_human,skipped,0,Escalated to human review,2026-08-23T08:22:18.672934+00:00
pay_476a0f02115048,retry_later,skipped,0,retry_later not automated yet; scheduler required,2026-08-23T08:22:18.674945+00:00
pay_815990007dd041,escalate_human,skipped,0,Escalated to human review,2026-08-23T08:22:18.677002+00:00
pay_719997839cce48,escalate_human,skipped,0,Escalated to human review,2026-08-23T08:22:18.679913+00:00
pay_756f07a8e80444,escalate_human,skipped,0,Escalated to human review,2026-08-23T08:22:18.682699+00:00
pay_4de63ce0dac049,escalate_human,skipped,0,Escalated to human review,2026-08-23T08:22:18.685541+00:00
pay_35746940215c49,escalate_human,skipped,0,Escalated to human review,2026-08-23T08:22:18.687760+00:00
pay_ba4a856830f143,retry_now,sent,0,SIMULATED recovery action; Razorpay execution disabled for batch evaluation,2026-08-23T08:22:18.689542+00:00
pay_4463614bbe6c45,retry_later,skipped,0,retry_later not automated yet; scheduler required,2026-08-23T08:22:18.692042+00:00
pay_2531470561594c,retry_now,sent,0,SIMULATED recovery action; Razorpay execution disabled for batch evaluation,2026-08-23T08:22:18.694778+00:00
pay_2411b287e2a64d,escalate_human,skipped,0,Escalated to human review,2026-08-23T08:22:18.696709+00:00
pay_c12ca86133284d,escalate_human,skipped,0,Escalated to human review,2026-08-23T08:22:18.698579+00:00
pay_0d0f68eeb6e244,retry_later,skipped,0,retry_later not automated yet; scheduler required,2026-08-23T08:22:18.700422+00:00
pay_cfbd430b58d94b,escalate_human,skipped,0,Escalated to human review,2026-08-23T08:22:18.703372+00:00
pay_44c254cbabf747,escalate_human,skipped,0,Escalated to human review,2026-08-23T08:22:18.705241+00:00
pay_f1d7b74656c145,retry_now,sent,0,SIMULATED recovery action; Razorpay execution disabled for batch evaluation,2026-08-23T08:22:18.707283+00:00
pay_9adb916bb74a47,retry_now,sent,0,SIMULATED recovery action; Razorpay execution disabled for batch evaluation,2026-08-23T08:22:18.711007+00:00
pay_32ef14b43cb44a,escalate_human,skipped,0,Escalated to human review,2026-08-23T08:22:18.712840+00:00
pay_affec597019046,retry_now,sent,0,SIMULATED recovery action; Razorpay execution disabled for batch evaluation,2026-08-23T08:22:18.714781+00:00
pay_216119fde87d4a,escalate_human,skipped,0,Escalated to human review,2026-08-23T08:22:18.717020+00:00
pay_52bf197c365e4a,retry_now,sent,0,SIMULATED recovery action; Razorpay execution disabled for batch evaluation,2026-08-23T08:22:18.718748+00:00
pay_94f071b753ef42,escalate_human,skipped,0,Escalated to human review,2026-08-23T08:22:18.720502+00:00
pay_e7e9905e95fc45,retry_now,sent,0,SIMULATED recovery action; Razorpay execution disabled for batch evaluation,2026-08-23T08:22:18.722312+00:00
pay_034312d49fa14c,retry_now,sent,0,SIMULATED recovery action; Razorpay execution disabled for batch evaluation,2026-08-23T08:22:18.724093+00:00
pay_e93fee3805e449,escalate_human,skipped,0,Escalated to human review,2026-08-23T08:22:18.726232+00:00
pay_59d6bd6a213542,escalate_human,skipped,0,Escalated to human review,2026-08-23T08:22:18.727917+00:00
pay_a3240a1f508c47,retry_now,sent,0,SIMULATED recovery action; Razorpay execution disabled for batch evaluation,2026-08-23T08:22:18.730002+00:00
pay_b24bb629a14a4b,retry_now,sent,0,SIMULATED recovery action; Razorpay execution disabled for batch evaluation,2026-08-23T08:22:18.732166+00:00
pay_6e5ff97815ce48,escalate_human,skipped,0,Escalated to human review,2026-08-23T08:22:18.733887+00:00
pay_7ca10fcce42a45,escalate_human,skipped,0,Escalated to human review,2026-08-23T08:22:18.735755+00:00
pay_2a3858d4c0e14a,retry_later,skipped,0,retry_later not automated yet; scheduler required,2026-08-23T08:22:18.737807+00:00
pay_74a4633a7fea40,retry_now,sent,0,SIMULATED recovery action; Razorpay execution disabled for batch evaluation,2026-08-23T08:22:18.740895+00:00
pay_658b789db20d41,escalate_human,skipped,0,Escalated to human review,2026-08-23T08:22:18.743489+00:00
pay_5fa331218bab45,retry_now,sent,0,SIMULATED recovery action; Razorpay execution disabled for batch evaluation,2026-08-23T08:22:18.745356+00:00
pay_8add8044a8b944,retry_now,sent,0,SIMULATED recovery action; Razorpay execution disabled for batch evaluation,2026-08-23T08:22:18.747193+00:00
pay_88d134a65b714d,escalate_human,skipped,0,Escalated to human review,2026-08-23T08:22:18.748930+00:00
pay_0e396faf32c845,retry_later,skipped,0,retry_later not automated yet; scheduler required,2026-08-23T08:22:18.751149+00:00
pay_eb9ca6b5d2b04a,escalate_human,skipped,0,Escalated to human review,2026-08-23T08:22:18.752776+00:00
pay_1c2830e255a641,escalate_human,skipped,0,Escalated to human review,2026-08-23T08:22:18.754563+00:00
pay_555df0f6b29245,escalate_human,skipped,0,Escalated to human review,2026-08-23T08:22:18.756557+00:00
pay_93ca49082e4a41,escalate_human,skipped,0,Escalated to human review,2026-08-23T08:22:18.759250+00:00
pay_4d5ed169c0dd4d,escalate_human,skipped,0,Escalated to human review,2026-08-23T08:22:18.761217+00:00
pay_6ad5efc4403e48,retry_now,sent,0,SIMULATED recovery action; Razorpay execution disabled for batch evaluation,2026-08-23T08:22:18.762937+00:00
pay_9b21693c87134e,escalate_human,skipped,0,Escalated to human review,2026-08-23T08:22:18.764706+00:00
pay_d7b68697117047,retry_later,skipped,0,retry_later not automated yet; scheduler required,2026-08-23T08:22:18.766542+00:00
pay_1b8867ff569043,retry_now,sent,0,SIMULATED recovery action; Razorpay execution disabled for batch evaluation,2026-08-23T08:22:18.768679+00:00
pay_c133b4f00f844c,retry_later,skipped,0,retry_later not automated yet; scheduler required,2026-08-23T08:22:18.770562+00:00
pay_198cc292508e4c,escalate_human,skipped,0,Escalated to human review,2026-08-23T08:28:01.906624+00:00
pay_3f54f4ed4b644d,escalate_human,skipped,0,Escalated to human review,2026-08-23T08:28:01.911262+00:00
pay_448b26a786f24f,escalate_human,skipped,0,Escalated to human review,2026-08-23T08:28:01.913666+00:00
pay_2bb17e43ca4541,escalate_human,skipped,0,Escalated to human review,2026-08-23T08:28:01.915486+00:00
pay_4744ac83dae044,escalate_human,skipped,0,Escalated to human review,2026-08-23T08:28:01.917420+00:00
pay_86f8a929396a4a,retry_now,sent,0,SIMULATED recovery action; Razorpay execution disabled for batch evaluation,2026-08-23T08:28:01.920687+00:00
pay_fad24497accc4f,escalate_human,skipped,0,Escalated to human review,2026-08-23T08:28:01.924791+00:00
pay_f5863af444e14d,retry_now,sent,0,SIMULATED recovery action; Razorpay execution disabled for batch evaluation,2026-08-23T08:28:01.929006+00:00
pay_8daa230f1bc04f,retry_now,sent,0,SIMULATED recovery action; Razorpay execution disabled for batch evaluation,2026-08-23T08:28:01.931248+00:00
pay_b0414e54d29d48,escalate_human,skipped,0,Escalated to human review,2026-08-23T08:28:01.933054+00:00
pay_df58c3ef7d5d45,escalate_human,skipped,0,Escalated to human review,2026-08-23T08:28:01.935020+00:00
pay_ee4d851071674e,retry_now,sent,0,SIMULATED recovery action; Razorpay execution disabled for batch evaluation,2026-08-23T08:28:01.936736+00:00
pay_894811081a0645,send_reminder,skipped,0,send_reminder not automated yet; notification service required,2026-08-23T08:28:01.938353+00:00
pay_b8583eec85e043,retry_later,skipped,0,retry_later not automated yet; scheduler required,2026-08-23T08:28:01.939820+00:00
pay_8762b97dbbb34c,retry_now,sent,0,SIMULATED recovery action; Razorpay execution disabled for batch evaluation,2026-08-23T08:28:01.941450+00:00
pay_541fb5b6b7e341,escalate_human,skipped,0,Escalated to human review,2026-08-23T08:28:01.944402+00:00
pay_03b9eede25884d,escalate_human,skipped,0,Escalated to human review,2026-08-23T08:28:01.946540+00:00
pay_a5da5901405d4b,retry_now,sent,0,SIMULATED recovery action; Razorpay execution disabled for batch evaluation,2026-08-23T08:28:01.948965+00:00
pay_7583fb49df2e43,escalate_human,skipped,0,Escalated to human review,2026-08-23T08:28:01.951371+00:00
pay_c435a704261a49,retry_now,sent,0,SIMULATED recovery action; Razorpay execution disabled for batch evaluation,2026-08-23T08:28:01.955344+00:00
pay_ec6ba30d08db4d,escalate_human,skipped,0,Escalated to human review,2026-08-23T08:28:01.957285+00:00
pay_19943116b8314c,escalate_human,skipped,0,Escalated to human review,2026-08-23T08:28:01.960955+00:00
pay_99ef3457f10941,retry_later,skipped,0,retry_later not automated yet; scheduler required,2026-08-23T08:28:01.964762+00:00
pay_bc0789d5882c4c,escalate_human,skipped,0,Escalated to human review,2026-08-23T08:28:01.969629+00:00
pay_2dd9b14cbcae4c,retry_later,skipped,0,retry_later not automated yet; scheduler required,2026-08-23T08:28:01.971691+00:00
pay_6789e50f332e45,escalate_human,skipped,0,Escalated to human review,2026-08-23T08:28:01.973182+00:00
pay_f1d67ea4b2d040,escalate_human,skipped,0,Escalated to human review,2026-08-23T08:28:01.974860+00:00
pay_3b952fa41a6642,retry_now,sent,0,SIMULATED recovery action; Razorpay execution disabled for batch evaluation,2026-08-23T08:28:01.976910+00:00
pay_87a81cc2ed8643,escalate_human,skipped,0,Escalated to human review,2026-08-23T08:28:01.979141+00:00
pay_476a0f02115048,retry_later,skipped,0,retry_later not automated yet; scheduler required,2026-08-23T08:28:01.980694+00:00
pay_815990007dd041,escalate_human,skipped,0,Escalated to human review,2026-08-23T08:28:01.982297+00:00
pay_719997839cce48,escalate_human,skipped,0,Escalated to human review,2026-08-23T08:28:01.984459+00:00
pay_756f07a8e80444,escalate_human,skipped,0,Escalated to human review,2026-08-23T08:28:01.986293+00:00
pay_4de63ce0dac049,escalate_human,skipped,0,Escalated to human review,2026-08-23T08:28:01.987862+00:00
pay_35746940215c49,escalate_human,skipped,0,Escalated to human review,2026-08-23T08:28:01.989366+00:00
pay_ba4a856830f143,retry_now,sent,0,SIMULATED recovery action; Razorpay execution disabled for batch evaluation,2026-08-23T08:28:01.990935+00:00
pay_4463614bbe6c45,retry_later,skipped,0,retry_later not automated yet; scheduler required,2026-08-23T08:28:01.992602+00:00
pay_2531470561594c,retry_now,sent,0,SIMULATED recovery action; Razorpay execution disabled for batch evaluation,2026-08-23T08:28:01.995743+00:00
pay_2411b287e2a64d,escalate_human,skipped,0,Escalated to human review,2026-08-23T08:28:01.997957+00:00
pay_c12ca86133284d,escalate_human,skipped,0,Escalated to human review,2026-08-23T08:28:01.999514+00:00
pay_0d0f68eeb6e244,retry_later,skipped,0,retry_later not automated yet; scheduler required,2026-08-23T08:28:02.001011+00:00
pay_cfbd430b58d94b,escalate_human,skipped,0,Escalated to human review,2026-08-23T08:28:02.003339+00:00
pay_44c254cbabf747,escalate_human,skipped,0,Escalated to human review,2026-08-23T08:28:02.005555+00:00
pay_f1d7b74656c145,retry_now,sent,0,SIMULATED recovery action; Razorpay execution disabled for batch evaluation,2026-08-23T08:28:02.008659+00:00
pay_9adb916bb74a47,retry_now,sent,0,SIMULATED recovery action; Razorpay execution disabled for batch evaluation,2026-08-23T08:28:02.011269+00:00
pay_32ef14b43cb44a,escalate_human,skipped,0,Escalated to human review,2026-08-23T08:28:02.013403+00:00
pay_affec597019046,retry_now,sent,0,SIMULATED recovery action; Razorpay execution disabled for batch evaluation,2026-08-23T08:28:02.014885+00:00
pay_216119fde87d4a,escalate_human,skipped,0,Escalated to human review,2026-08-23T08:28:02.016577+00:00
pay_52bf197c365e4a,retry_now,sent,0,SIMULATED recovery action; Razorpay execution disabled for batch evaluation,2026-08-23T08:28:02.018277+00:00
pay_94f071b753ef42,escalate_human,skipped,0,Escalated to human review,2026-08-23T08:28:02.019910+00:00
pay_e7e9905e95fc45,retry_now,sent,0,SIMULATED recovery action; Razorpay execution disabled for batch evaluation,2026-08-23T08:28:02.021334+00:00
pay_034312d49fa14c,retry_now,sent,0,SIMULATED recovery action; Razorpay execution disabled for batch evaluation,2026-08-23T08:28:02.022738+00:00
pay_e93fee3805e449,escalate_human,skipped,0,Escalated to human review,2026-08-23T08:28:02.024325+00:00
pay_59d6bd6a213542,escalate_human,skipped,0,Escalated to human review,2026-08-23T08:28:02.025983+00:00
pay_a3240a1f508c47,retry_now,sent,0,SIMULATED recovery action; Razorpay execution disabled for batch evaluation,2026-08-23T08:28:02.027684+00:00
pay_b24bb629a14a4b,retry_now,sent,0,SIMULATED recovery action; Razorpay execution disabled for batch evaluation,2026-08-23T08:28:02.029095+00:00
pay_6e5ff97815ce48,escalate_human,skipped,0,Escalated to human review,2026-08-23T08:28:02.030945+00:00
pay_7ca10fcce42a45,escalate_human,skipped,0,Escalated to human review,2026-08-23T08:28:02.032827+00:00
pay_2a3858d4c0e14a,retry_later,skipped,0,retry_later not automated yet; scheduler required,2026-08-23T08:28:02.034595+00:00
pay_74a4633a7fea40,retry_now,sent,0,SIMULATED recovery action; Razorpay execution disabled for batch evaluation,2026-08-23T08:28:02.036304+00:00
pay_658b789db20d41,escalate_human,skipped,0,Escalated to human review,2026-08-23T08:28:02.037941+00:00
pay_5fa331218bab45,retry_now,sent,0,SIMULATED recovery action; Razorpay execution disabled for batch evaluation,2026-08-23T08:28:02.039839+00:00
pay_8add8044a8b944,retry_now,sent,0,SIMULATED recovery action; Razorpay execution disabled for batch evaluation,2026-08-23T08:28:02.041553+00:00
pay_88d134a65b714d,escalate_human,skipped,0,Escalated to human review,2026-08-23T08:28:02.043539+00:00
pay_0e396faf32c845,retry_later,skipped,0,retry_later not automated yet; scheduler required,2026-08-23T08:28:02.045102+00:00
pay_eb9ca6b5d2b04a,escalate_human,skipped,0,Escalated to human review,2026-08-23T08:28:02.046446+00:00
pay_1c2830e255a641,escalate_human,skipped,0,Escalated to human review,2026-08-23T08:28:02.048071+00:00
pay_555df0f6b29245,escalate_human,skipped,0,Escalated to human review,2026-08-23T08:28:02.050061+00:00
pay_93ca49082e4a41,escalate_human,skipped,0,Escalated to human review,2026-08-23T08:28:02.052145+00:00
pay_4d5ed169c0dd4d,escalate_human,skipped,0,Escalated to human review,2026-08-23T08:28:02.054670+00:00
pay_6ad5efc4403e48,retry_now,sent,0,SIMULATED recovery action; Razorpay execution disabled for batch evaluation,2026-08-23T08:28:02.057797+00:00
pay_9b21693c87134e,escalate_human,skipped,0,Escalated to human review,2026-08-23T08:28:02.059818+00:00
pay_d7b68697117047,retry_later,skipped,0,retry_later not automated yet; scheduler required,2026-08-23T08:28:02.061839+00:00
pay_1b8867ff569043,retry_now,sent,0,SIMULATED recovery action; Razorpay execution disabled for batch evaluation,2026-08-23T08:28:02.064153+00:00
pay_c133b4f00f844c,retry_later,skipped,0,retry_later not automated yet; scheduler required,2026-08-23T08:28:02.066096+00:00
pay_198cc292508e4c,escalate_human,skipped,0,Escalated to human review,2026-08-23T09:37:17.460500+00:00
pay_3f54f4ed4b644d,escalate_human,skipped,0,Escalated to human review,2026-08-23T09:37:17.468412+00:00
pay_448b26a786f24f,escalate_human,skipped,0,Escalated to human review,2026-08-23T09:37:17.470739+00:00
pay_2bb17e43ca4541,escalate_human,skipped,0,Escalated to human review,2026-08-23T09:37:17.472783+00:00
pay_4744ac83dae044,escalate_human,skipped,0,Escalated to human review,2026-08-23T09:37:17.474897+00:00
pay_86f8a929396a4a,retry_now,sent,0,SIMULATED recovery action; Razorpay execution disabled for batch evaluation,2026-08-23T09:37:17.478809+00:00
pay_fad24497accc4f,escalate_human,skipped,0,Escalated to human review,2026-08-23T09:37:17.481818+00:00
pay_f5863af444e14d,retry_now,sent,0,SIMULATED recovery action; Razorpay execution disabled for batch evaluation,2026-08-23T09:37:17.484496+00:00
pay_8daa230f1bc04f,retry_now,sent,0,SIMULATED recovery action; Razorpay execution disabled for batch evaluation,2026-08-23T09:37:17.486719+00:00
pay_b0414e54d29d48,escalate_human,skipped,0,Escalated to human review,2026-08-23T09:37:17.489020+00:00
pay_df58c3ef7d5d45,escalate_human,skipped,0,Escalated to human review,2026-08-23T09:37:17.492001+00:00
pay_ee4d851071674e,retry_now,sent,0,SIMULATED recovery action; Razorpay execution disabled for batch evaluation,2026-08-23T09:37:17.498987+00:00
pay_894811081a0645,send_reminder,skipped,0,send_reminder not automated yet; notification service required,2026-08-23T09:37:17.501811+00:00
pay_b8583eec85e043,retry_later,skipped,0,retry_later not automated yet; scheduler required,2026-08-23T09:37:17.505121+00:00
pay_8762b97dbbb34c,retry_now,sent,0,SIMULATED recovery action; Razorpay execution disabled for batch evaluation,2026-08-23T09:37:17.509463+00:00
pay_541fb5b6b7e341,escalate_human,skipped,0,Escalated to human review,2026-08-23T09:37:17.514430+00:00
pay_03b9eede25884d,escalate_human,skipped,0,Escalated to human review,2026-08-23T09:37:17.519368+00:00
pay_a5da5901405d4b,retry_now,sent,0,SIMULATED recovery action; Razorpay execution disabled for batch evaluation,2026-08-23T09:37:17.522419+00:00
pay_7583fb49df2e43,escalate_human,skipped,0,Escalated to human review,2026-08-23T09:37:17.525458+00:00
pay_c435a704261a49,retry_now,sent,0,SIMULATED recovery action; Razorpay execution disabled for batch evaluation,2026-08-23T09:37:17.529670+00:00
pay_ec6ba30d08db4d,escalate_human,skipped,0,Escalated to human review,2026-08-23T09:37:17.532811+00:00
pay_19943116b8314c,escalate_human,skipped,0,Escalated to human review,2026-08-23T09:37:17.535879+00:00
pay_99ef3457f10941,retry_later,skipped,0,retry_later not automated yet; scheduler required,2026-08-23T09:37:17.539994+00:00
pay_bc0789d5882c4c,escalate_human,skipped,0,Escalated to human review,2026-08-23T09:37:17.544895+00:00
pay_2dd9b14cbcae4c,retry_later,skipped,0,retry_later not automated yet; scheduler required,2026-08-23T09:37:17.547879+00:00
pay_6789e50f332e45,escalate_human,skipped,0,Escalated to human review,2026-08-23T09:37:17.552434+00:00
pay_f1d67ea4b2d040,escalate_human,skipped,0,Escalated to human review,2026-08-23T09:37:17.558118+00:00
pay_3b952fa41a6642,retry_now,sent,0,SIMULATED recovery action; Razorpay execution disabled for batch evaluation,2026-08-23T09:37:17.563551+00:00
pay_87a81cc2ed8643,escalate_human,skipped,0,Escalated to human review,2026-08-23T09:37:17.568552+00:00
pay_476a0f02115048,retry_later,skipped,0,retry_later not automated yet; scheduler required,2026-08-23T09:37:17.576250+00:00
pay_815990007dd041,escalate_human,skipped,0,Escalated to human review,2026-08-23T09:37:17.585265+00:00
pay_719997839cce48,escalate_human,skipped,0,Escalated to human review,2026-08-23T09:37:17.593258+00:00
pay_756f07a8e80444,escalate_human,skipped,0,Escalated to human review,2026-08-23T09:37:17.597717+00:00
pay_4de63ce0dac049,escalate_human,skipped,0,Escalated to human review,2026-08-23T09:37:17.600771+00:00
pay_35746940215c49,escalate_human,skipped,0,Escalated to human review,2026-08-23T09:37:17.603421+00:00
pay_ba4a856830f143,retry_now,sent,0,SIMULATED recovery action; Razorpay execution disabled for batch evaluation,2026-08-23T09:37:17.608668+00:00
pay_4463614bbe6c45,retry_later,skipped,0,retry_later not automated yet; scheduler required,2026-08-23T09:37:17.613159+00:00
pay_2531470561594c,retry_now,sent,0,SIMULATED recovery action; Razorpay execution disabled for batch evaluation,2026-08-23T09:37:17.618307+00:00
pay_2411b287e2a64d,escalate_human,skipped,0,Escalated to human review,2026-08-23T09:37:17.624431+00:00
pay_c12ca86133284d,escalate_human,skipped,0,Escalated to human review,2026-08-23T09:37:17.630368+00:00
pay_0d0f68eeb6e244,retry_later,skipped,0,retry_later not automated yet; scheduler required,2026-08-23T09:37:17.637033+00:00
pay_cfbd430b58d94b,escalate_human,skipped,0,Escalated to human review,2026-08-23T09:37:17.642673+00:00
pay_44c254cbabf747,escalate_human,skipped,0,Escalated to human review,2026-08-23T09:37:17.647551+00:00
pay_f1d7b74656c145,retry_now,sent,0,SIMULATED recovery action; Razorpay execution disabled for batch evaluation,2026-08-23T09:37:17.654305+00:00
pay_9adb916bb74a47,retry_now,sent,0,SIMULATED recovery action; Razorpay execution disabled for batch evaluation,2026-08-23T09:37:17.659308+00:00
pay_32ef14b43cb44a,escalate_human,skipped,0,Escalated to human review,2026-08-23T09:37:17.663121+00:00
pay_affec597019046,retry_now,sent,0,SIMULATED recovery action; Razorpay execution disabled for batch evaluation,2026-08-23T09:37:17.668276+00:00
pay_216119fde87d4a,escalate_human,skipped,0,Escalated to human review,2026-08-23T09:37:17.671528+00:00
pay_52bf197c365e4a,retry_now,sent,0,SIMULATED recovery action; Razorpay execution disabled for batch evaluation,2026-08-23T09:37:17.675535+00:00
pay_94f071b753ef42,escalate_human,skipped,0,Escalated to human review,2026-08-23T09:37:17.682851+00:00
pay_e7e9905e95fc45,retry_now,sent,0,SIMULATED recovery action; Razorpay execution disabled for batch evaluation,2026-08-23T09:37:17.685943+00:00
pay_034312d49fa14c,retry_now,sent,0,SIMULATED recovery action; Razorpay execution disabled for batch evaluation,2026-08-23T09:37:17.690956+00:00
pay_e93fee3805e449,escalate_human,skipped,0,Escalated to human review,2026-08-23T09:37:17.697028+00:00
pay_59d6bd6a213542,escalate_human,skipped,0,Escalated to human review,2026-08-23T09:37:17.704253+00:00
pay_a3240a1f508c47,retry_now,sent,0,SIMULATED recovery action; Razorpay execution disabled for batch evaluation,2026-08-23T09:37:17.709687+00:00
pay_b24bb629a14a4b,retry_now,sent,0,SIMULATED recovery action; Razorpay execution disabled for batch evaluation,2026-08-23T09:37:17.716408+00:00
pay_6e5ff97815ce48,escalate_human,skipped,0,Escalated to human review,2026-08-23T09:37:17.720299+00:00
pay_7ca10fcce42a45,escalate_human,skipped,0,Escalated to human review,2026-08-23T09:37:17.726458+00:00
pay_2a3858d4c0e14a,retry_later,skipped,0,retry_later not automated yet; scheduler required,2026-08-23T09:37:17.730659+00:00
pay_74a4633a7fea40,retry_now,sent,0,SIMULATED recovery action; Razorpay execution disabled for batch evaluation,2026-08-23T09:37:17.736692+00:00
pay_658b789db20d41,escalate_human,skipped,0,Escalated to human review,2026-08-23T09:37:17.740455+00:00
pay_5fa331218bab45,retry_now,sent,0,SIMULATED recovery action; Razorpay execution disabled for batch evaluation,2026-08-23T09:37:17.746467+00:00
pay_8add8044a8b944,retry_now,sent,0,SIMULATED recovery action; Razorpay execution disabled for batch evaluation,2026-08-23T09:37:17.751692+00:00
pay_88d134a65b714d,escalate_human,skipped,0,Escalated to human review,2026-08-23T09:37:17.755044+00:00
pay_0e396faf32c845,retry_later,skipped,0,retry_later not automated yet; scheduler required,2026-08-23T09:37:17.761128+00:00
pay_eb9ca6b5d2b04a,escalate_human,skipped,0,Escalated to human review,2026-08-23T09:37:17.764952+00:00
pay_1c2830e255a641,escalate_human,skipped,0,Escalated to human review,2026-08-23T09:37:17.769409+00:00
pay_555df0f6b29245,escalate_human,skipped,0,Escalated to human review,2026-08-23T09:37:17.774464+00:00
pay_93ca49082e4a41,escalate_human,skipped,0,Escalated to human review,2026-08-23T09:37:17.780424+00:00
pay_4d5ed169c0dd4d,escalate_human,skipped,0,Escalated to human review,2026-08-23T09:37:17.784413+00:00
pay_6ad5efc4403e48,retry_now,sent,0,SIMULATED recovery action; Razorpay execution disabled for batch evaluation,2026-08-23T09:37:17.789216+00:00
pay_9b21693c87134e,escalate_human,skipped,0,Escalated to human review,2026-08-23T09:37:17.793850+00:00
pay_d7b68697117047,retry_later,skipped,0,retry_later not automated yet; scheduler required,2026-08-23T09:37:17.799612+00:00
pay_1b8867ff569043,retry_now,sent,0,SIMULATED recovery action; Razorpay execution disabled for batch evaluation,2026-08-23T09:37:17.803748+00:00
pay_c133b4f00f844c,retry_later,skipped,0,retry_later not automated yet; scheduler required,2026-08-23T09:37:17.807721+00:00
pay_198cc292508e4c,escalate_human,skipped,0,Escalated to human review,2026-08-24T09:37:22.946852+00:00
pay_3f54f4ed4b644d,escalate_human,skipped,0,Escalated to human review,2026-08-24T09:37:22.952738+00:00
pay_448b26a786f24f,escalate_human,skipped,0,Escalated to human review,2026-08-24T09:37:22.954882+00:00
pay_2bb17e43ca4541,escalate_human,skipped,0,Escalated to human review,2026-08-24T09:37:22.956777+00:00
pay_4744ac83dae044,escalate_human,skipped,0,Escalated to human review,2026-08-24T09:37:22.958556+00:00
pay_86f8a929396a4a,retry_now,sent,0,SIMULATED recovery action; Razorpay execution disabled for batch evaluation,2026-08-24T09:37:22.960498+00:00
pay_fad24497accc4f,escalate_human,skipped,0,Escalated to human review,2026-08-24T09:37:22.963568+00:00
pay_f5863af444e14d,retry_now,sent,0,SIMULATED recovery action; Razorpay execution disabled for batch evaluation,2026-08-24T09:37:22.966041+00:00
pay_8daa230f1bc04f,retry_now,sent,0,SIMULATED recovery action; Razorpay execution disabled for batch evaluation,2026-08-24T09:37:22.969296+00:00
pay_b0414e54d29d48,escalate_human,skipped,0,Escalated to human review,2026-08-24T09:37:22.971373+00:00
pay_df58c3ef7d5d45,escalate_human,skipped,0,Escalated to human review,2026-08-24T09:37:22.973326+00:00
pay_ee4d851071674e,retry_now,sent,0,SIMULATED recovery action; Razorpay execution disabled for batch evaluation,2026-08-24T09:37:22.975499+00:00
pay_894811081a0645,send_reminder,skipped,0,send_reminder not automated yet; notification service required,2026-08-24T09:37:22.978216+00:00
pay_b8583eec85e043,retry_later,skipped,0,retry_later not automated yet; scheduler required,2026-08-24T09:37:22.981026+00:00
pay_8762b97dbbb34c,retry_now,sent,0,SIMULATED recovery action; Razorpay execution disabled for batch evaluation,2026-08-24T09:37:22.983340+00:00
pay_541fb5b6b7e341,escalate_human,skipped,0,Escalated to human review,2026-08-24T09:37:22.985786+00:00
pay_03b9eede25884d,escalate_human,skipped,0,Escalated to human review,2026-08-24T09:37:22.987693+00:00
pay_a5da5901405d4b,retry_now,sent,0,SIMULATED recovery action; Razorpay execution disabled for batch evaluation,2026-08-24T09:37:22.989614+00:00
pay_7583fb49df2e43,escalate_human,skipped,0,Escalated to human review,2026-08-24T09:37:22.991781+00:00
pay_c435a704261a49,retry_now,sent,0,SIMULATED recovery action; Razorpay execution disabled for batch evaluation,2026-08-24T09:37:22.995384+00:00
pay_ec6ba30d08db4d,escalate_human,skipped,0,Escalated to human review,2026-08-24T09:37:22.998112+00:00
pay_19943116b8314c,escalate_human,skipped,0,Escalated to human review,2026-08-24T09:37:23.000408+00:00
pay_99ef3457f10941,retry_later,skipped,0,retry_later not automated yet; scheduler required,2026-08-24T09:37:23.002782+00:00
pay_bc0789d5882c4c,escalate_human,skipped,0,Escalated to human review,2026-08-24T09:37:23.004872+00:00
pay_2dd9b14cbcae4c,retry_later,skipped,0,retry_later not automated yet; scheduler required,2026-08-24T09:37:23.007002+00:00
pay_6789e50f332e45,escalate_human,skipped,0,Escalated to human review,2026-08-24T09:37:23.009696+00:00
pay_f1d67ea4b2d040,escalate_human,skipped,0,Escalated to human review,2026-08-24T09:37:23.012998+00:00
pay_3b952fa41a6642,retry_now,sent,0,SIMULATED recovery action; Razorpay execution disabled for batch evaluation,2026-08-24T09:37:23.016249+00:00
pay_87a81cc2ed8643,escalate_human,skipped,0,Escalated to human review,2026-08-24T09:37:23.019011+00:00
pay_476a0f02115048,retry_later,skipped,0,retry_later not automated yet; scheduler required,2026-08-24T09:37:23.021244+00:00
pay_815990007dd041,escalate_human,skipped,0,Escalated to human review,2026-08-24T09:37:23.023228+00:00
pay_719997839cce48,escalate_human,skipped,0,Escalated to human review,2026-08-24T09:37:23.026655+00:00
pay_756f07a8e80444,escalate_human,skipped,0,Escalated to human review,2026-08-24T09:37:23.031021+00:00
pay_4de63ce0dac049,escalate_human,skipped,0,Escalated to human review,2026-08-24T09:37:23.034458+00:00
pay_35746940215c49,escalate_human,skipped,0,Escalated to human review,2026-08-24T09:37:23.036832+00:00
pay_ba4a856830f143,retry_now,sent,0,SIMULATED recovery action; Razorpay execution disabled for batch evaluation,2026-08-24T09:37:23.040711+00:00
pay_4463614bbe6c45,retry_later,skipped,0,retry_later not automated yet; scheduler required,2026-08-24T09:37:23.043372+00:00
pay_2531470561594c,retry_now,sent,0,SIMULATED recovery action; Razorpay execution disabled for batch evaluation,2026-08-24T09:37:23.045695+00:00
pay_2411b287e2a64d,escalate_human,skipped,0,Escalated to human review,2026-08-24T09:37:23.048123+00:00
pay_c12ca86133284d,escalate_human,skipped,0,Escalated to human review,2026-08-24T09:37:23.050093+00:00
pay_0d0f68eeb6e244,retry_later,skipped,0,retry_later not automated yet; scheduler required,2026-08-24T09:37:23.051920+00:00
pay_cfbd430b58d94b,escalate_human,skipped,0,Escalated to human review,2026-08-24T09:37:23.053850+00:00
pay_44c254cbabf747,escalate_human,skipped,0,Escalated to human review,2026-08-24T09:37:23.056156+00:00
pay_f1d7b74656c145,retry_now,sent,0,SIMULATED recovery action; Razorpay execution disabled for batch evaluation,2026-08-24T09:37:23.058327+00:00
pay_9adb916bb74a47,retry_now,sent,0,SIMULATED recovery action; Razorpay execution disabled for batch evaluation,2026-08-24T09:37:23.060496+00:00
pay_32ef14b43cb44a,escalate_human,skipped,0,Escalated to human review,2026-08-24T09:37:23.063845+00:00
pay_affec597019046,retry_now,sent,0,SIMULATED recovery action; Razorpay execution disabled for batch evaluation,2026-08-24T09:37:23.066096+00:00
pay_216119fde87d4a,escalate_human,skipped,0,Escalated to human review,2026-08-24T09:37:23.068281+00:00
pay_52bf197c365e4a,retry_now,sent,0,SIMULATED recovery action; Razorpay execution disabled for batch evaluation,2026-08-24T09:37:23.070305+00:00
pay_94f071b753ef42,escalate_human,skipped,0,Escalated to human review,2026-08-24T09:37:23.072288+00:00
pay_e7e9905e95fc45,retry_now,sent,0,SIMULATED recovery action; Razorpay execution disabled for batch evaluation,2026-08-24T09:37:23.074189+00:00
pay_034312d49fa14c,retry_now,sent,0,SIMULATED recovery action; Razorpay execution disabled for batch evaluation,2026-08-24T09:37:23.076533+00:00
pay_e93fee3805e449,escalate_human,skipped,0,Escalated to human review,2026-08-24T09:37:23.079219+00:00
pay_59d6bd6a213542,escalate_human,skipped,0,Escalated to human review,2026-08-24T09:37:23.081621+00:00
pay_a3240a1f508c47,retry_now,sent,0,SIMULATED recovery action; Razorpay execution disabled for batch evaluation,2026-08-24T09:37:23.086111+00:00
pay_b24bb629a14a4b,retry_now,sent,0,SIMULATED recovery action; Razorpay execution disabled for batch evaluation,2026-08-24T09:37:23.088665+00:00
pay_6e5ff97815ce48,escalate_human,skipped,0,Escalated to human review,2026-08-24T09:37:23.090903+00:00
pay_7ca10fcce42a45,escalate_human,skipped,0,Escalated to human review,2026-08-24T09:37:23.092786+00:00
pay_2a3858d4c0e14a,retry_later,skipped,0,retry_later not automated yet; scheduler required,2026-08-24T09:37:23.094669+00:00
pay_74a4633a7fea40,retry_now,sent,0,SIMULATED recovery action; Razorpay execution disabled for batch evaluation,2026-08-24T09:37:23.097835+00:00
pay_658b789db20d41,escalate_human,skipped,0,Escalated to human review,2026-08-24T09:37:23.100038+00:00
pay_5fa331218bab45,retry_now,sent,0,SIMULATED recovery action; Razorpay execution disabled for batch evaluation,2026-08-24T09:37:23.102294+00:00
pay_8add8044a8b944,retry_now,sent,0,SIMULATED recovery action; Razorpay execution disabled for batch evaluation,2026-08-24T09:37:23.104562+00:00
pay_88d134a65b714d,escalate_human,skipped,0,Escalated to human review,2026-08-24T09:37:23.106642+00:00
pay_0e396faf32c845,retry_later,skipped,0,retry_later not automated yet; scheduler required,2026-08-24T09:37:23.108549+00:00
pay_eb9ca6b5d2b04a,escalate_human,skipped,0,Escalated to human review,2026-08-24T09:37:23.111386+00:00
pay_1c2830e255a641,escalate_human,skipped,0,Escalated to human review,2026-08-24T09:37:23.114412+00:00
pay_555df0f6b29245,escalate_human,skipped,0,Escalated to human review,2026-08-24T09:37:23.116534+00:00
pay_93ca49082e4a41,escalate_human,skipped,0,Escalated to human review,2026-08-24T09:37:23.118772+00:00
pay_4d5ed169c0dd4d,escalate_human,skipped,0,Escalated to human review,2026-08-24T09:37:23.121149+00:00
pay_6ad5efc4403e48,retry_now,sent,0,SIMULATED recovery action; Razorpay execution disabled for batch evaluation,2026-08-24T09:37:23.123216+00:00
pay_9b21693c87134e,escalate_human,skipped,0,Escalated to human review,2026-08-24T09:37:23.125227+00:00
pay_d7b68697117047,retry_later,skipped,0,retry_later not automated yet; scheduler required,2026-08-24T09:37:23.126985+00:00
pay_1b8867ff569043,retry_now,sent,0,SIMULATED recovery action; Razorpay execution disabled for batch evaluation,2026-08-24T09:37:23.129493+00:00
pay_c133b4f00f844c,retry_later,skipped,0,retry_later not automated yet; scheduler required,2026-08-24T09:37:23.134228+00:00
pay_198cc292508e4c,escalate_human,skipped,0,Escalated to human review,2026-08-24T09:38:37.861443+00:00
pay_3f54f4ed4b644d,escalate_human,skipped,0,Escalated to human review,2026-08-24T09:38:37.865523+00:00
pay_448b26a786f24f,escalate_human,skipped,0,Escalated to human review,2026-08-24T09:38:37.868375+00:00
pay_2bb17e43ca4541,escalate_human,skipped,0,Escalated to human review,2026-08-24T09:38:37.871357+00:00
pay_4744ac83dae044,escalate_human,skipped,0,Escalated to human review,2026-08-24T09:38:37.874642+00:00
pay_86f8a929396a4a,retry_now,sent,0,SIMULATED recovery action; Razorpay execution disabled for batch evaluation,2026-08-24T09:38:37.877054+00:00
pay_fad24497accc4f,escalate_human,skipped,0,Escalated to human review,2026-08-24T09:38:37.879166+00:00
pay_f5863af444e14d,retry_now,sent,0,SIMULATED recovery action; Razorpay execution disabled for batch evaluation,2026-08-24T09:38:37.881571+00:00
pay_8daa230f1bc04f,retry_now,sent,0,SIMULATED recovery action; Razorpay execution disabled for batch evaluation,2026-08-24T09:38:37.883799+00:00
pay_b0414e54d29d48,escalate_human,skipped,0,Escalated to human review,2026-08-24T09:38:37.886937+00:00
pay_df58c3ef7d5d45,escalate_human,skipped,0,Escalated to human review,2026-08-24T09:38:37.890062+00:00
pay_ee4d851071674e,retry_now,sent,0,SIMULATED recovery action; Razorpay execution disabled for batch evaluation,2026-08-24T09:38:37.893007+00:00
pay_894811081a0645,send_reminder,skipped,0,send_reminder not automated yet; notification service required,2026-08-24T09:38:37.896055+00:00
pay_b8583eec85e043,retry_later,skipped,0,retry_later not automated yet; scheduler required,2026-08-24T09:38:37.898332+00:00
pay_8762b97dbbb34c,retry_now,sent,0,SIMULATED recovery action; Razorpay execution disabled for batch evaluation,2026-08-24T09:38:37.900505+00:00
pay_541fb5b6b7e341,escalate_human,skipped,0,Escalated to human review,2026-08-24T09:38:37.903108+00:00
pay_03b9eede25884d,escalate_human,skipped,0,Escalated to human review,2026-08-24T09:38:37.905473+00:00
pay_a5da5901405d4b,retry_now,sent,0,SIMULATED recovery action; Razorpay execution disabled for batch evaluation,2026-08-24T09:38:37.907561+00:00
pay_7583fb49df2e43,escalate_human,skipped,0,Escalated to human review,2026-08-24T09:38:37.909733+00:00
pay_c435a704261a49,retry_now,sent,0,SIMULATED recovery action; Razorpay execution disabled for batch evaluation,2026-08-24T09:38:37.911858+00:00
pay_ec6ba30d08db4d,escalate_human,skipped,0,Escalated to human review,2026-08-24T09:38:37.913950+00:00
pay_19943116b8314c,escalate_human,skipped,0,Escalated to human review,2026-08-24T09:38:37.916054+00:00
pay_99ef3457f10941,retry_later,skipped,0,retry_later not automated yet; scheduler required,2026-08-24T09:38:37.919995+00:00
pay_bc0789d5882c4c,escalate_human,skipped,0,Escalated to human review,2026-08-24T09:38:37.923361+00:00
pay_2dd9b14cbcae4c,retry_later,skipped,0,retry_later not automated yet; scheduler required,2026-08-24T09:38:37.927193+00:00
pay_6789e50f332e45,escalate_human,skipped,0,Escalated to human review,2026-08-24T09:38:37.929510+00:00
pay_f1d67ea4b2d040,escalate_human,skipped,0,Escalated to human review,2026-08-24T09:38:37.931826+00:00
pay_3b952fa41a6642,retry_now,sent,0,SIMULATED recovery action; Razorpay execution disabled for batch evaluation,2026-08-24T09:38:37.935745+00:00
pay_87a81cc2ed8643,escalate_human,skipped,0,Escalated to human review,2026-08-24T09:38:37.939108+00:00
pay_476a0f02115048,retry_later,skipped,0,retry_later not automated yet; scheduler required,2026-08-24T09:38:37.942254+00:00
pay_815990007dd041,escalate_human,skipped,0,Escalated to human review,2026-08-24T09:38:37.944398+00:00
pay_719997839cce48,escalate_human,skipped,0,Escalated to human review,2026-08-24T09:38:37.946432+00:00
pay_756f07a8e80444,escalate_human,skipped,0,Escalated to human review,2026-08-24T09:38:37.948933+00:00
pay_4de63ce0dac049,escalate_human,skipped,0,Escalated to human review,2026-08-24T09:38:37.953094+00:00
pay_35746940215c49,escalate_human,skipped,0,Escalated to human review,2026-08-24T09:38:37.956753+00:00
pay_ba4a856830f143,retry_now,sent,0,SIMULATED recovery action; Razorpay execution disabled for batch evaluation,2026-08-24T09:38:37.959331+00:00
pay_4463614bbe6c45,retry_later,skipped,0,retry_later not automated yet; scheduler required,2026-08-24T09:38:37.961659+00:00
pay_2531470561594c,retry_now,sent,0,SIMULATED recovery action; Razorpay execution disabled for batch evaluation,2026-08-24T09:38:37.964255+00:00
pay_2411b287e2a64d,escalate_human,skipped,0,Escalated to human review,2026-08-24T09:38:37.966879+00:00
pay_c12ca86133284d,escalate_human,skipped,0,Escalated to human review,2026-08-24T09:38:37.970209+00:00
pay_0d0f68eeb6e244,retry_later,skipped,0,retry_later not automated yet; scheduler required,2026-08-24T09:38:37.972531+00:00
pay_cfbd430b58d94b,escalate_human,skipped,0,Escalated to human review,2026-08-24T09:38:37.974555+00:00
pay_44c254cbabf747,escalate_human,skipped,0,Escalated to human review,2026-08-24T09:38:37.976984+00:00
pay_f1d7b74656c145,retry_now,sent,0,SIMULATED recovery action; Razorpay execution disabled for batch evaluation,2026-08-24T09:38:37.980080+00:00
pay_9adb916bb74a47,retry_now,sent,0,SIMULATED recovery action; Razorpay execution disabled for batch evaluation,2026-08-24T09:38:37.982723+00:00
pay_32ef14b43cb44a,escalate_human,skipped,0,Escalated to human review,2026-08-24T09:38:37.986621+00:00
pay_affec597019046,retry_now,sent,0,SIMULATED recovery action; Razorpay execution disabled for batch evaluation,2026-08-24T09:38:37.989726+00:00
pay_216119fde87d4a,escalate_human,skipped,0,Escalated to human review,2026-08-24T09:38:37.991750+00:00
pay_52bf197c365e4a,retry_now,sent,0,SIMULATED recovery action; Razorpay execution disabled for batch evaluation,2026-08-24T09:38:37.993949+00:00
pay_94f071b753ef42,escalate_human,skipped,0,Escalated to human review,2026-08-24T09:38:37.995992+00:00
pay_e7e9905e95fc45,retry_now,sent,0,SIMULATED recovery action; Razorpay execution disabled for batch evaluation,2026-08-24T09:38:37.998457+00:00
pay_034312d49fa14c,retry_now,sent,0,SIMULATED recovery action; Razorpay execution disabled for batch evaluation,2026-08-24T09:38:38.001250+00:00
pay_e93fee3805e449,escalate_human,skipped,0,Escalated to human review,2026-08-24T09:38:38.005742+00:00
pay_59d6bd6a213542,escalate_human,skipped,0,Escalated to human review,2026-08-24T09:38:38.008174+00:00
pay_a3240a1f508c47,retry_now,sent,0,SIMULATED recovery action; Razorpay execution disabled for batch evaluation,2026-08-24T09:38:38.010487+00:00
pay_b24bb629a14a4b,retry_now,sent,0,SIMULATED recovery action; Razorpay execution disabled for batch evaluation,2026-08-24T09:38:38.012567+00:00
pay_6e5ff97815ce48,escalate_human,skipped,0,Escalated to human review,2026-08-24T09:38:38.014950+00:00
pay_7ca10fcce42a45,escalate_human,skipped,0,Escalated to human review,2026-08-24T09:38:38.017420+00:00
pay_2a3858d4c0e14a,retry_later,skipped,0,retry_later not automated yet; scheduler required,2026-08-24T09:38:38.020213+00:00
pay_74a4633a7fea40,retry_now,sent,0,SIMULATED recovery action; Razorpay execution disabled for batch evaluation,2026-08-24T09:38:38.023159+00:00
pay_658b789db20d41,escalate_human,skipped,0,Escalated to human review,2026-08-24T09:38:38.025618+00:00
pay_5fa331218bab45,retry_now,sent,0,SIMULATED recovery action; Razorpay execution disabled for batch evaluation,2026-08-24T09:38:38.027836+00:00
pay_8add8044a8b944,retry_now,sent,0,SIMULATED recovery action; Razorpay execution disabled for batch evaluation,2026-08-24T09:38:38.030368+00:00
pay_88d134a65b714d,escalate_human,skipped,0,Escalated to human review,2026-08-24T09:38:38.032424+00:00
pay_0e396faf32c845,retry_later,skipped,0,retry_later not automated yet; scheduler required,2026-08-24T09:38:38.034860+00:00
pay_eb9ca6b5d2b04a,escalate_human,skipped,0,Escalated to human review,2026-08-24T09:38:38.037102+00:00
pay_1c2830e255a641,escalate_human,skipped,0,Escalated to human review,2026-08-24T09:38:38.039070+00:00
pay_555df0f6b29245,escalate_human,skipped,0,Escalated to human review,2026-08-24T09:38:38.041042+00:00
pay_93ca49082e4a41,escalate_human,skipped,0,Escalated to human review,2026-08-24T09:38:38.042962+00:00
pay_4d5ed169c0dd4d,escalate_human,skipped,0,Escalated to human review,2026-08-24T09:38:38.045458+00:00
pay_6ad5efc4403e48,retry_now,sent,0,SIMULATED recovery action; Razorpay execution disabled for batch evaluation,2026-08-24T09:38:38.047587+00:00
pay_9b21693c87134e,escalate_human,skipped,0,Escalated to human review,2026-08-24T09:38:38.049606+00:00
pay_d7b68697117047,retry_later,skipped,0,retry_later not automated yet; scheduler required,2026-08-24T09:38:38.052475+00:00
pay_1b8867ff569043,retry_now,sent,0,SIMULATED recovery action; Razorpay execution disabled for batch evaluation,2026-08-24T09:38:38.056271+00:00
pay_c133b4f00f844c,retry_later,skipped,0,retry_later not automated yet; scheduler required,2026-08-24T09:38:38.058766+00:00
pay_198cc292508e4c,escalate_human,skipped,0,Escalated to human review,2026-09-03T14:23:47.210802+00:00
pay_3f54f4ed4b644d,escalate_human,skipped,0,Escalated to human review,2026-09-03T14:23:47.215341+00:00
pay_448b26a786f24f,escalate_human,skipped,0,Escalated to human review,2026-09-03T14:23:47.217944+00:00
pay_2bb17e43ca4541,escalate_human,skipped,0,Escalated to human review,2026-09-03T14:23:47.220257+00:00
pay_4744ac83dae044,escalate_human,skipped,0,Escalated to human review,2026-09-03T14:23:47.223346+00:00
pay_86f8a929396a4a,retry_now,sent,0,SIMULATED recovery action; Razorpay execution disabled for batch evaluation,2026-09-03T14:23:47.226827+00:00
pay_fad24497accc4f,escalate_human,skipped,0,Escalated to human review,2026-09-03T14:23:47.229508+00:00
pay_f5863af444e14d,retry_now,sent,0,SIMULATED recovery action; Razorpay execution disabled for batch evaluation,2026-09-03T14:23:47.232351+00:00
pay_8daa230f1bc04f,retry_now,sent,0,SIMULATED recovery action; Razorpay execution disabled for batch evaluation,2026-09-03T14:23:47.235677+00:00
pay_b0414e54d29d48,escalate_human,skipped,0,Escalated to human review,2026-09-03T14:23:47.238884+00:00
pay_df58c3ef7d5d45,escalate_human,skipped,0,Escalated to human review,2026-09-03T14:23:47.242472+00:00
pay_ee4d851071674e,retry_now,sent,0,SIMULATED recovery action; Razorpay execution disabled for batch evaluation,2026-09-03T14:23:47.245581+00:00
pay_894811081a0645,send_reminder,skipped,0,send_reminder not automated yet; notification service required,2026-09-03T14:23:47.248574+00:00
pay_b8583eec85e043,retry_later,skipped,0,retry_later not automated yet; scheduler required,2026-09-03T14:23:47.251158+00:00
pay_8762b97dbbb34c,retry_now,sent,0,SIMULATED recovery action; Razorpay execution disabled for batch evaluation,2026-09-03T14:23:47.253413+00:00
pay_541fb5b6b7e341,escalate_human,skipped,0,Escalated to human review,2026-09-03T14:23:47.255434+00:00
pay_03b9eede25884d,escalate_human,skipped,0,Escalated to human review,2026-09-03T14:23:47.257503+00:00
pay_a5da5901405d4b,retry_now,sent,0,SIMULATED recovery action; Razorpay execution disabled for batch evaluation,2026-09-03T14:23:47.259774+00:00
pay_7583fb49df2e43,escalate_human,skipped,0,Escalated to human review,2026-09-03T14:23:47.262236+00:00
pay_c435a704261a49,retry_now,sent,0,SIMULATED recovery action; Razorpay execution disabled for batch evaluation,2026-09-03T14:23:47.264917+00:00
pay_ec6ba30d08db4d,escalate_human,skipped,0,Escalated to human review,2026-09-03T14:23:47.267028+00:00
pay_19943116b8314c,escalate_human,skipped,0,Escalated to human review,2026-09-03T14:23:47.273066+00:00
pay_99ef3457f10941,retry_later,skipped,0,retry_later not automated yet; scheduler required,2026-09-03T14:23:47.275680+00:00
pay_bc0789d5882c4c,escalate_human,skipped,0,Escalated to human review,2026-09-03T14:23:47.277890+00:00
pay_2dd9b14cbcae4c,retry_later,skipped,0,retry_later not automated yet; scheduler required,2026-09-03T14:23:47.280347+00:00
pay_6789e50f332e45,escalate_human,skipped,0,Escalated to human review,2026-09-03T14:23:47.282796+00:00
pay_f1d67ea4b2d040,escalate_human,skipped,0,Escalated to human review,2026-09-03T14:23:47.284578+00:00
pay_3b952fa41a6642,retry_now,sent,0,SIMULATED recovery action; Razorpay execution disabled for batch evaluation,2026-09-03T14:23:47.286381+00:00
pay_87a81cc2ed8643,escalate_human,skipped,0,Escalated to human review,2026-09-03T14:23:47.288021+00:00
pay_476a0f02115048,retry_later,skipped,0,retry_later not automated yet; scheduler required,2026-09-03T14:23:47.290294+00:00
pay_815990007dd041,escalate_human,skipped,0,Escalated to human review,2026-09-03T14:23:47.295729+00:00
pay_719997839cce48,escalate_human,skipped,0,Escalated to human review,2026-09-03T14:23:47.301768+00:00
pay_756f07a8e80444,escalate_human,skipped,0,Escalated to human review,2026-09-03T14:23:47.304145+00:00
pay_4de63ce0dac049,escalate_human,skipped,0,Escalated to human review,2026-09-03T14:23:47.306295+00:00
pay_35746940215c49,escalate_human,skipped,0,Escalated to human review,2026-09-03T14:23:47.308176+00:00
pay_ba4a856830f143,retry_now,sent,0,SIMULATED recovery action; Razorpay execution disabled for batch evaluation,2026-09-03T14:23:47.311128+00:00
pay_4463614bbe6c45,retry_later,skipped,0,retry_later not automated yet; scheduler required,2026-09-03T14:23:47.314303+00:00
pay_2531470561594c,retry_now,sent,0,SIMULATED recovery action; Razorpay execution disabled for batch evaluation,2026-09-03T14:23:47.316566+00:00
pay_2411b287e2a64d,escalate_human,skipped,0,Escalated to human review,2026-09-03T14:23:47.319656+00:00
pay_c12ca86133284d,escalate_human,skipped,0,Escalated to human review,2026-09-03T14:23:47.322736+00:00
pay_0d0f68eeb6e244,retry_later,skipped,0,retry_later not automated yet; scheduler required,2026-09-03T14:23:47.328935+00:00
pay_cfbd430b58d94b,escalate_human,skipped,0,Escalated to human review,2026-09-03T14:23:47.331854+00:00
pay_44c254cbabf747,escalate_human,skipped,0,Escalated to human review,2026-09-03T14:23:47.335094+00:00
pay_f1d7b74656c145,retry_now,sent,0,SIMULATED recovery action; Razorpay execution disabled for batch evaluation,2026-09-03T14:23:47.337403+00:00
pay_9adb916bb74a47,retry_now,sent,0,SIMULATED recovery action; Razorpay execution disabled for batch evaluation,2026-09-03T14:23:47.339594+00:00
pay_32ef14b43cb44a,escalate_human,skipped,0,Escalated to human review,2026-09-03T14:23:47.341644+00:00
pay_affec597019046,retry_now,sent,0,SIMULATED recovery action; Razorpay execution disabled for batch evaluation,2026-09-03T14:23:47.344762+00:00
pay_216119fde87d4a,escalate_human,skipped,0,Escalated to human review,2026-09-03T14:23:47.347509+00:00
pay_52bf197c365e4a,retry_now,sent,0,SIMULATED recovery action; Razorpay execution disabled for batch evaluation,2026-09-03T14:23:47.349461+00:00
pay_94f071b753ef42,escalate_human,skipped,0,Escalated to human review,2026-09-03T14:23:47.355187+00:00
pay_e7e9905e95fc45,retry_now,sent,0,SIMULATED recovery action; Razorpay execution disabled for batch evaluation,2026-09-03T14:23:47.358233+00:00
pay_034312d49fa14c,retry_now,sent,0,SIMULATED recovery action; Razorpay execution disabled for batch evaluation,2026-09-03T14:23:47.361033+00:00
pay_e93fee3805e449,escalate_human,skipped,0,Escalated to human review,2026-09-03T14:23:47.363427+00:00
pay_59d6bd6a213542,escalate_human,skipped,0,Escalated to human review,2026-09-03T14:23:47.365853+00:00
pay_a3240a1f508c47,retry_now,sent,0,SIMULATED recovery action; Razorpay execution disabled for batch evaluation,2026-09-03T14:23:47.367981+00:00
pay_b24bb629a14a4b,retry_now,sent,0,SIMULATED recovery action; Razorpay execution disabled for batch evaluation,2026-09-03T14:23:47.370063+00:00
pay_6e5ff97815ce48,escalate_human,skipped,0,Escalated to human review,2026-09-03T14:23:47.372843+00:00
pay_7ca10fcce42a45,escalate_human,skipped,0,Escalated to human review,2026-09-03T14:23:47.376589+00:00
pay_2a3858d4c0e14a,retry_later,skipped,0,retry_later not automated yet; scheduler required,2026-09-03T14:23:47.383982+00:00
pay_74a4633a7fea40,retry_now,sent,0,SIMULATED recovery action; Razorpay execution disabled for batch evaluation,2026-09-03T14:23:47.389953+00:00
pay_658b789db20d41,escalate_human,skipped,0,Escalated to human review,2026-09-03T14:23:47.393826+00:00
pay_5fa331218bab45,retry_now,sent,0,SIMULATED recovery action; Razorpay execution disabled for batch evaluation,2026-09-03T14:23:47.398033+00:00
pay_8add8044a8b944,retry_now,sent,0,SIMULATED recovery action; Razorpay execution disabled for batch evaluation,2026-09-03T14:23:47.400550+00:00
pay_88d134a65b714d,escalate_human,skipped,0,Escalated to human review,2026-09-03T14:23:47.403480+00:00
pay_0e396faf32c845,retry_later,skipped,0,retry_later not automated yet; scheduler required,2026-09-03T14:23:47.405389+00:00
pay_eb9ca6b5d2b04a,escalate_human,skipped,0,Escalated to human review,2026-09-03T14:23:47.407400+00:00
pay_1c2830e255a641,escalate_human,skipped,0,Escalated to human review,2026-09-03T14:23:47.409516+00:00
pay_555df0f6b29245,escalate_human,skipped,0,Escalated to human review,2026-09-03T14:23:47.411708+00:00
pay_93ca49082e4a41,escalate_human,skipped,0,Escalated to human review,2026-09-03T14:23:47.417405+00:00
pay_4d5ed169c0dd4d,escalate_human,skipped,0,Escalated to human review,2026-09-03T14:23:47.419986+00:00
pay_6ad5efc4403e48,retry_now,sent,0,SIMULATED recovery action; Razorpay execution disabled for batch evaluation,2026-09-03T14:23:47.422149+00:00
pay_9b21693c87134e,escalate_human,skipped,0,Escalated to human review,2026-09-03T14:23:47.423909+00:00
pay_d7b68697117047,retry_later,skipped,0,retry_later not automated yet; scheduler required,2026-09-03T14:23:47.426324+00:00
pay_1b8867ff569043,retry_now,sent,0,SIMULATED recovery action; Razorpay execution disabled for batch evaluation,2026-09-03T14:23:47.428845+00:00
pay_c133b4f00f844c,retry_later,skipped,0,retry_later not automated yet; scheduler required,2026-09-03T14:23:47.431831+00:00
pay_198cc292508e4c,escalate_human,skipped,0,Escalated to human review,2026-09-04T02:43:14.962610+00:00
pay_3f54f4ed4b644d,escalate_human,skipped,0,Escalated to human review,2026-09-04T02:43:14.966314+00:00
pay_448b26a786f24f,escalate_human,skipped,0,Escalated to human review,2026-09-04T02:43:14.968933+00:00
pay_2bb17e43ca4541,escalate_human,skipped,0,Escalated to human review,2026-09-04T02:43:14.971147+00:00
pay_4744ac83dae044,escalate_human,skipped,0,Escalated to human review,2026-09-04T02:43:14.973118+00:00
pay_86f8a929396a4a,retry_now,sent,0,SIMULATED recovery action; Razorpay execution disabled for batch evaluation,2026-09-04T02:43:14.975963+00:00
pay_fad24497accc4f,escalate_human,skipped,0,Escalated to human review,2026-09-04T02:43:14.977705+00:00
pay_f5863af444e14d,retry_now,sent,0,SIMULATED recovery action; Razorpay execution disabled for batch evaluation,2026-09-04T02:43:14.980014+00:00
pay_8daa230f1bc04f,retry_now,sent,0,SIMULATED recovery action; Razorpay execution disabled for batch evaluation,2026-09-04T02:43:14.981802+00:00
pay_b0414e54d29d48,escalate_human,skipped,0,Escalated to human review,2026-09-04T02:43:14.984592+00:00
pay_df58c3ef7d5d45,escalate_human,skipped,0,Escalated to human review,2026-09-04T02:43:14.986696+00:00
pay_ee4d851071674e,retry_now,sent,0,SIMULATED recovery action; Razorpay execution disabled for batch evaluation,2026-09-04T02:43:14.988653+00:00
pay_894811081a0645,send_reminder,skipped,0,send_reminder not automated yet; notification service required,2026-09-04T02:43:14.990909+00:00
pay_b8583eec85e043,retry_later,skipped,0,retry_later not automated yet; scheduler required,2026-09-04T02:43:14.992986+00:00
pay_8762b97dbbb34c,retry_now,sent,0,SIMULATED recovery action; Razorpay execution disabled for batch evaluation,2026-09-04T02:43:14.995936+00:00
pay_541fb5b6b7e341,escalate_human,skipped,0,Escalated to human review,2026-09-04T02:43:14.998359+00:00
pay_03b9eede25884d,escalate_human,skipped,0,Escalated to human review,2026-09-04T02:43:15.001103+00:00
pay_a5da5901405d4b,retry_now,sent,0,SIMULATED recovery action; Razorpay execution disabled for batch evaluation,2026-09-04T02:43:15.004839+00:00
pay_7583fb49df2e43,escalate_human,skipped,0,Escalated to human review,2026-09-04T02:43:15.007619+00:00
pay_c435a704261a49,retry_now,sent,0,SIMULATED recovery action; Razorpay execution disabled for batch evaluation,2026-09-04T02:43:15.011020+00:00
pay_ec6ba30d08db4d,escalate_human,skipped,0,Escalated to human review,2026-09-04T02:43:15.014558+00:00
pay_19943116b8314c,escalate_human,skipped,0,Escalated to human review,2026-09-04T02:43:15.017353+00:00
pay_99ef3457f10941,retry_later,skipped,0,retry_later not automated yet; scheduler required,2026-09-04T02:43:15.019130+00:00
pay_bc0789d5882c4c,escalate_human,skipped,0,Escalated to human review,2026-09-04T02:43:15.021938+00:00
pay_2dd9b14cbcae4c,retry_later,skipped,0,retry_later not automated yet; scheduler required,2026-09-04T02:43:15.023881+00:00
pay_6789e50f332e45,escalate_human,skipped,0,Escalated to human review,2026-09-04T02:43:15.027453+00:00
pay_f1d67ea4b2d040,escalate_human,skipped,0,Escalated to human review,2026-09-04T02:43:15.029847+00:00
pay_3b952fa41a6642,retry_now,sent,0,SIMULATED recovery action; Razorpay execution disabled for batch evaluation,2026-09-04T02:43:15.032416+00:00
pay_87a81cc2ed8643,escalate_human,skipped,0,Escalated to human review,2026-09-04T02:43:15.034860+00:00
pay_476a0f02115048,retry_later,skipped,0,retry_later not automated yet; scheduler required,2026-09-04T02:43:15.036939+00:00
pay_815990007dd041,escalate_human,skipped,0,Escalated to human review,2026-09-04T02:43:15.039073+00:00
pay_719997839cce48,escalate_human,skipped,0,Escalated to human review,2026-09-04T02:43:15.041204+00:00
pay_756f07a8e80444,escalate_human,skipped,0,Escalated to human review,2026-09-04T02:43:15.044946+00:00
pay_4de63ce0dac049,escalate_human,skipped,0,Escalated to human review,2026-09-04T02:43:15.048423+00:00
pay_35746940215c49,escalate_human,skipped,0,Escalated to human review,2026-09-04T02:43:15.051422+00:00
pay_ba4a856830f143,retry_now,sent,0,SIMULATED recovery action; Razorpay execution disabled for batch evaluation,2026-09-04T02:43:15.053399+00:00
pay_4463614bbe6c45,retry_later,skipped,0,retry_later not automated yet; scheduler required,2026-09-04T02:43:15.055379+00:00
pay_2531470561594c,retry_now,sent,0,SIMULATED recovery action; Razorpay execution disabled for batch evaluation,2026-09-04T02:43:15.059780+00:00
pay_2411b287e2a64d,escalate_human,skipped,0,Escalated to human review,2026-09-04T02:43:15.062842+00:00
pay_c12ca86133284d,escalate_human,skipped,0,Escalated to human review,2026-09-04T02:43:15.065994+00:00
pay_0d0f68eeb6e244,retry_later,skipped,0,retry_later not automated yet; scheduler required,2026-09-04T02:43:15.068373+00:00
pay_cfbd430b58d94b,escalate_human,skipped,0,Escalated to human review,2026-09-04T02:43:15.070354+00:00
pay_44c254cbabf747,escalate_human,skipped,0,Escalated to human review,2026-09-04T02:43:15.072271+00:00
pay_f1d7b74656c145,retry_now,sent,0,SIMULATED recovery action; Razorpay execution disabled for batch evaluation,2026-09-04T02:43:15.074609+00:00
pay_9adb916bb74a47,retry_now,sent,0,SIMULATED recovery action; Razorpay execution disabled for batch evaluation,2026-09-04T02:43:15.076648+00:00
pay_32ef14b43cb44a,escalate_human,skipped,0,Escalated to human review,2026-09-04T02:43:15.078662+00:00
pay_affec597019046,retry_now,sent,0,SIMULATED recovery action; Razorpay execution disabled for batch evaluation,2026-09-04T02:43:15.080648+00:00
pay_216119fde87d4a,escalate_human,skipped,0,Escalated to human review,2026-09-04T02:43:15.082149+00:00
pay_52bf197c365e4a,retry_now,sent,0,SIMULATED recovery action; Razorpay execution disabled for batch evaluation,2026-09-04T02:43:15.084369+00:00
pay_94f071b753ef42,escalate_human,skipped,0,Escalated to human review,2026-09-04T02:43:15.087982+00:00
pay_e7e9905e95fc45,retry_now,sent,0,SIMULATED recovery action; Razorpay execution disabled for batch evaluation,2026-09-04T02:43:15.091036+00:00
pay_034312d49fa14c,retry_now,sent,0,SIMULATED recovery action; Razorpay execution disabled for batch evaluation,2026-09-04T02:43:15.092890+00:00
pay_e93fee3805e449,escalate_human,skipped,0,Escalated to human review,2026-09-04T02:43:15.094672+00:00
pay_59d6bd6a213542,escalate_human,skipped,0,Escalated to human review,2026-09-04T02:43:15.096462+00:00
pay_a3240a1f508c47,retry_now,sent,0,SIMULATED recovery action; Razorpay execution disabled for batch evaluation,2026-09-04T02:43:15.098331+00:00
pay_b24bb629a14a4b,retry_now,sent,0,SIMULATED recovery action; Razorpay execution disabled for batch evaluation,2026-09-04T02:43:15.101414+00:00
pay_6e5ff97815ce48,escalate_human,skipped,0,Escalated to human review,2026-09-04T02:43:15.104362+00:00
pay_7ca10fcce42a45,escalate_human,skipped,0,Escalated to human review,2026-09-04T02:43:15.106631+00:00
pay_2a3858d4c0e14a,retry_later,skipped,0,retry_later not automated yet; scheduler required,2026-09-04T02:43:15.108612+00:00
pay_74a4633a7fea40,retry_now,sent,0,SIMULATED recovery action; Razorpay execution disabled for batch evaluation,2026-09-04T02:43:15.110467+00:00
pay_658b789db20d41,escalate_human,skipped,0,Escalated to human review,2026-09-04T02:43:15.112440+00:00
pay_5fa331218bab45,retry_now,sent,0,SIMULATED recovery action; Razorpay execution disabled for batch evaluation,2026-09-04T02:43:15.117352+00:00
pay_8add8044a8b944,retry_now,sent,0,SIMULATED recovery action; Razorpay execution disabled for batch evaluation,2026-09-04T02:43:15.120730+00:00
pay_88d134a65b714d,escalate_human,skipped,0,Escalated to human review,2026-09-04T02:43:15.124368+00:00
pay_0e396faf32c845,retry_later,skipped,0,retry_later not automated yet; scheduler required,2026-09-04T02:43:15.127732+00:00
pay_eb9ca6b5d2b04a,escalate_human,skipped,0,Escalated to human review,2026-09-04T02:43:15.130010+00:00
pay_1c2830e255a641,escalate_human,skipped,0,Escalated to human review,2026-09-04T02:43:15.132141+00:00
pay_555df0f6b29245,escalate_human,skipped,0,Escalated to human review,2026-09-04T02:43:15.134663+00:00
pay_93ca49082e4a41,escalate_human,skipped,0,Escalated to human review,2026-09-04T02:43:15.137066+00:00
pay_4d5ed169c0dd4d,escalate_human,skipped,0,Escalated to human review,2026-09-04T02:43:15.139013+00:00
pay_6ad5efc4403e48,retry_now,sent,0,SIMULATED recovery action; Razorpay execution disabled for batch evaluation,2026-09-04T02:43:15.140872+00:00
pay_9b21693c87134e,escalate_human,skipped,0,Escalated to human review,2026-09-04T02:43:15.142835+00:00
pay_d7b68697117047,retry_later,skipped,0,retry_later not automated yet; scheduler required,2026-09-04T02:43:15.146709+00:00
pay_1b8867ff569043,retry_now,sent,0,SIMULATED recovery action; Razorpay execution disabled for batch evaluation,2026-09-04T02:43:15.148953+00:00
pay_c133b4f00f844c,retry_later,skipped,0,retry_later not automated yet; scheduler required,2026-09-04T02:43:15.152227+00:00
pay_198cc292508e4c,escalate_human,skipped,0,Escalated to human review,2026-09-04T14:31:26.322757+00:00
pay_3f54f4ed4b644d,escalate_human,skipped,0,Escalated to human review,2026-09-04T14:31:26.325997+00:00
pay_448b26a786f24f,escalate_human,skipped,0,Escalated to human review,2026-09-04T14:31:26.329518+00:00
pay_2bb17e43ca4541,escalate_human,skipped,0,Escalated to human review,2026-09-04T14:31:26.331929+00:00
pay_4744ac83dae044,escalate_human,skipped,0,Escalated to human review,2026-09-04T14:31:26.333898+00:00
pay_86f8a929396a4a,retry_now,sent,0,SIMULATED recovery action; Razorpay execution disabled for batch evaluation,2026-09-04T14:31:26.337533+00:00
pay_fad24497accc4f,escalate_human,skipped,0,Escalated to human review,2026-09-04T14:31:26.339508+00:00
pay_f5863af444e14d,retry_now,sent,0,SIMULATED recovery action; Razorpay execution disabled for batch evaluation,2026-09-04T14:31:26.341836+00:00
pay_8daa230f1bc04f,retry_now,sent,0,SIMULATED recovery action; Razorpay execution disabled for batch evaluation,2026-09-04T14:31:26.346028+00:00
pay_b0414e54d29d48,escalate_human,skipped,0,Escalated to human review,2026-09-04T14:31:26.348075+00:00
pay_df58c3ef7d5d45,escalate_human,skipped,0,Escalated to human review,2026-09-04T14:31:26.349873+00:00
pay_ee4d851071674e,retry_now,sent,0,SIMULATED recovery action; Razorpay execution disabled for batch evaluation,2026-09-04T14:31:26.351920+00:00
pay_894811081a0645,send_reminder,skipped,0,send_reminder not automated yet; notification service required,2026-09-04T14:31:26.353911+00:00
pay_b8583eec85e043,retry_later,skipped,0,retry_later not automated yet; scheduler required,2026-09-04T14:31:26.355826+00:00
pay_8762b97dbbb34c,retry_now,sent,0,SIMULATED recovery action; Razorpay execution disabled for batch evaluation,2026-09-04T14:31:26.357571+00:00
pay_541fb5b6b7e341,escalate_human,skipped,0,Escalated to human review,2026-09-04T14:31:26.360522+00:00
pay_03b9eede25884d,escalate_human,skipped,0,Escalated to human review,2026-09-04T14:31:26.362950+00:00
pay_a5da5901405d4b,retry_now,sent,0,SIMULATED recovery action; Razorpay execution disabled for batch evaluation,2026-09-04T14:31:26.365285+00:00
pay_7583fb49df2e43,escalate_human,skipped,0,Escalated to human review,2026-09-04T14:31:26.369938+00:00
pay_c435a704261a49,retry_now,sent,0,SIMULATED recovery action; Razorpay execution disabled for batch evaluation,2026-09-04T14:31:26.372027+00:00
pay_ec6ba30d08db4d,escalate_human,skipped,0,Escalated to human review,2026-09-04T14:31:26.374478+00:00
pay_19943116b8314c,escalate_human,skipped,0,Escalated to human review,2026-09-04T14:31:26.378270+00:00
pay_99ef3457f10941,retry_later,skipped,0,retry_later not automated yet; scheduler required,2026-09-04T14:31:26.380469+00:00
pay_bc0789d5882c4c,escalate_human,skipped,0,Escalated to human review,2026-09-04T14:31:26.382511+00:00
pay_2dd9b14cbcae4c,retry_later,skipped,0,retry_later not automated yet; scheduler required,2026-09-04T14:31:26.384507+00:00
pay_6789e50f332e45,escalate_human,skipped,0,Escalated to human review,2026-09-04T14:31:26.386552+00:00
pay_f1d67ea4b2d040,escalate_human,skipped,0,Escalated to human review,2026-09-04T14:31:26.389194+00:00
pay_3b952fa41a6642,retry_now,sent,0,SIMULATED recovery action; Razorpay execution disabled for batch evaluation,2026-09-04T14:31:26.393227+00:00
pay_87a81cc2ed8643,escalate_human,skipped,0,Escalated to human review,2026-09-04T14:31:26.397579+00:00
pay_476a0f02115048,retry_later,skipped,0,retry_later not automated yet; scheduler required,2026-09-04T14:31:26.402118+00:00
pay_815990007dd041,escalate_human,skipped,0,Escalated to human review,2026-09-04T14:31:26.405243+00:00
pay_719997839cce48,escalate_human,skipped,0,Escalated to human review,2026-09-04T14:31:26.408833+00:00
pay_756f07a8e80444,escalate_human,skipped,0,Escalated to human review,2026-09-04T14:31:26.412808+00:00
pay_4de63ce0dac049,escalate_human,skipped,0,Escalated to human review,2026-09-04T14:31:26.415286+00:00
pay_35746940215c49,escalate_human,skipped,0,Escalated to human review,2026-09-04T14:31:26.417150+00:00
pay_ba4a856830f143,retry_now,sent,0,SIMULATED recovery action; Razorpay execution disabled for batch evaluation,2026-09-04T14:31:26.419474+00:00
pay_4463614bbe6c45,retry_later,skipped,0,retry_later not automated yet; scheduler required,2026-09-04T14:31:26.421480+00:00
pay_2531470561594c,retry_now,sent,0,SIMULATED recovery action; Razorpay execution disabled for batch evaluation,2026-09-04T14:31:26.424119+00:00
pay_2411b287e2a64d,escalate_human,skipped,0,Escalated to human review,2026-09-04T14:31:26.428734+00:00
pay_c12ca86133284d,escalate_human,skipped,0,Escalated to human review,2026-09-04T14:31:26.431020+00:00
pay_0d0f68eeb6e244,retry_later,skipped,0,retry_later not automated yet; scheduler required,2026-09-04T14:31:26.433473+00:00
pay_cfbd430b58d94b,escalate_human,skipped,0,Escalated to human review,2026-09-04T14:31:26.435372+00:00
pay_44c254cbabf747,escalate_human,skipped,0,Escalated to human review,2026-09-04T14:31:26.437382+00:00
pay_f1d7b74656c145,retry_now,sent,0,SIMULATED recovery action; Razorpay execution disabled for batch evaluation,2026-09-04T14:31:26.440280+00:00
pay_9adb916bb74a47,retry_now,sent,0,SIMULATED recovery action; Razorpay execution disabled for batch evaluation,2026-09-04T14:31:26.442617+00:00
pay_32ef14b43cb44a,escalate_human,skipped,0,Escalated to human review,2026-09-04T14:31:26.445342+00:00
pay_affec597019046,retry_now,sent,0,SIMULATED recovery action; Razorpay execution disabled for batch evaluation,2026-09-04T14:31:26.447683+00:00
pay_216119fde87d4a,escalate_human,skipped,0,Escalated to human review,2026-09-04T14:31:26.450047+00:00
pay_52bf197c365e4a,retry_now,sent,0,SIMULATED recovery action; Razorpay execution disabled for batch evaluation,2026-09-04T14:31:26.451968+00:00
pay_94f071b753ef42,escalate_human,skipped,0,Escalated to human review,2026-09-04T14:31:26.455851+00:00
pay_e7e9905e95fc45,retry_now,sent,0,SIMULATED recovery action; Razorpay execution disabled for batch evaluation,2026-09-04T14:31:26.458419+00:00
pay_034312d49fa14c,retry_now,sent,0,SIMULATED recovery action; Razorpay execution disabled for batch evaluation,2026-09-04T14:31:26.461749+00:00
pay_e93fee3805e449,escalate_human,skipped,0,Escalated to human review,2026-09-04T14:31:26.464238+00:00
pay_59d6bd6a213542,escalate_human,skipped,0,Escalated to human review,2026-09-04T14:31:26.466498+00:00
pay_a3240a1f508c47,retry_now,sent,0,SIMULATED recovery action; Razorpay execution disabled for batch evaluation,2026-09-04T14:31:26.468534+00:00
pay_b24bb629a14a4b,retry_now,sent,0,SIMULATED recovery action; Razorpay execution disabled for batch evaluation,2026-09-04T14:31:26.471271+00:00
pay_6e5ff97815ce48,escalate_human,skipped,0,Escalated to human review,2026-09-04T14:31:26.473733+00:00
pay_7ca10fcce42a45,escalate_human,skipped,0,Escalated to human review,2026-09-04T14:31:26.477370+00:00
pay_2a3858d4c0e14a,retry_later,skipped,0,retry_later not automated yet; scheduler required,2026-09-04T14:31:26.480462+00:00
pay_74a4633a7fea40,retry_now,sent,0,SIMULATED recovery action; Razorpay execution disabled for batch evaluation,2026-09-04T14:31:26.483935+00:00
pay_658b789db20d41,escalate_human,skipped,0,Escalated to human review,2026-09-04T14:31:26.491829+00:00
pay_5fa331218bab45,retry_now,sent,0,SIMULATED recovery action; Razorpay execution disabled for batch evaluation,2026-09-04T14:31:26.496934+00:00
pay_8add8044a8b944,retry_now,sent,0,SIMULATED recovery action; Razorpay execution disabled for batch evaluation,2026-09-04T14:31:26.500523+00:00
pay_88d134a65b714d,escalate_human,skipped,0,Escalated to human review,2026-09-04T14:31:26.503297+00:00
pay_0e396faf32c845,retry_later,skipped,0,retry_later not automated yet; scheduler required,2026-09-04T14:31:26.506038+00:00
pay_eb9ca6b5d2b04a,escalate_human,skipped,0,Escalated to human review,2026-09-04T14:31:26.509456+00:00
pay_1c2830e255a641,escalate_human,skipped,0,Escalated to human review,2026-09-04T14:31:26.512901+00:00
pay_555df0f6b29245,escalate_human,skipped,0,Escalated to human review,2026-09-04T14:31:26.516963+00:00
pay_93ca49082e4a41,escalate_human,skipped,0,Escalated to human review,2026-09-04T14:31:26.521192+00:00
pay_4d5ed169c0dd4d,escalate_human,skipped,0,Escalated to human review,2026-09-04T14:31:26.523904+00:00
pay_6ad5efc4403e48,retry_now,sent,0,SIMULATED recovery action; Razorpay execution disabled for batch evaluation,2026-09-04T14:31:26.527146+00:00
pay_9b21693c87134e,escalate_human,skipped,0,Escalated to human review,2026-09-04T14:31:26.529293+00:00
pay_d7b68697117047,retry_later,skipped,0,retry_later not automated yet; scheduler required,2026-09-04T14:31:26.531139+00:00
pay_1b8867ff569043,retry_now,sent,0,SIMULATED recovery action; Razorpay execution disabled for batch evaluation,2026-09-04T14:31:26.533485+00:00
pay_c133b4f00f844c,retry_later,skipped,0,retry_later not automated yet; scheduler required,2026-09-04T14:31:26.535361+00:00
